FFFFFF
FFFFFF
FFFFFF
FFFFFF
FFFFFF
FFFFFF
FFFFFF
FFFFFF
FFFFFF
FFFFFF
FFFFFF
FFFFFF
FFFFFF
FFFFFF
FFFFFF
FFFFFF
FFFFFF
FFFFFF
FFFFFF
FFFFFF
FFFFFF
FFFFFF
FFFFFF
FFFFFF
FFFFFF
FFFFFF
FFFFFF
FFFFFF
FFFFFF
FFFFFF
FFFFFF
FFFFFF
FFFFFF
FFFFFF
FFFFFF
FFFFFF
FFFFFF
FFFFFF
FFFFFF
FFFFFF
FFFFFF
FFFFFF
FFFFFF
FFFFFF
FFFFFF
FFFFFF
FFFFFF
FFFFFF
FFFFFF
FFFFFF
FFFFFF
FFFFFF
FFFFFF
FFFFFF
FFFFFF
FFFFFF
FFFFFF
FFFFFF
FFFFFF
FFFFFF
FFFFFF
FFFFFF
FFFFFF
FFFFFF
FFFFFF
FFFFFF
FFFFFF
FFFFFF
FFFFFF
FFFFFF
FFFFFF
FFFFFF
FFFFFF
FFFFFF
FFFFFF
FFFFFF
FFFFFF
FFFFFF
FFFFFF
FFFFFF
FFFFFF
FFFFFF
FFFFFF
FFFFFF
FFFFFF
FFFFFF
FFFFFF
FFFFFF
FFFFFF
FFFFFF
FFFFFF
FFFFFF
FFFFFF
FFFFFF
FFFFFF
FFFFFF
FFFFFF
FFFFFF
FFFFFF
FFFFFF
FFFFFF
FFFFFF
FFFFFF
FFFFFF
FFFFFF
FFFFFF
FFFFFF
FFFFFF
FFFFFF
FFFFFF
FFFFFF
FFFFFF
FFFFFF
FFFFFF
FFFFFF
FFFFFF
FFFFFF
FFFFFF
FFFFFF
FFFFFF
FFFFFF
FFFFFF
FFFFFF
FFFFFF
FFFFFF
FFFFFF
FFFFFF
FFFFFF
FFFFFF
FFFFFF
FFFFFF
FFFFFF
FFFFFF
FFFFFF
FFFFFF
FFFFFF
FFFFFF
FFFFFF
FFFFFF
FFFFFF
FFFFFF
FFFFFF
FFFFFF
FFFFFF
FFFFFF
FFFFFF
FFFFFF
FFFFFF
FFFFFF
FFFFFF
FFFFFF
FFFFFF
FFFFFF
FFFFFF
FFFFFF
FFFFFF
FFFFFF
FFFFFF
FFFFFF
FFFFFF
FFFFFF
FFFFFF
FFFFFF
FFFFFF
FFFFFF
FFFFFF
FFFFFF
FFFFFF
FFFFFF
FFFFFF
FFFFFF
FFFFFF
FFFFFF
FFFFFF
FFFFFF
FFFFFF
FFFFFF
FFFFFF
FFFFFF
FFFFFF
FFFFFF
FFFFFF
FFFFFF
FFFFFF
FFFFFF
FFFFFF
FFFFFF
FFFFFF
FFFFFF
FFFFFF
FFFFFF
FFFFFF
FFFFFF
FFFFFF
FFFFFF
FFFFFF
FFFFFF
FFFFFF
FFFFFF
FFFFFF
FFFFFF
FFFFFF
FFFFFF
FFFFFF
FFFFFF
FFFFFF
FFFFFF
FFFFFF
FFFFFF
FFFFFF
FFFFFF
FFFFFF
FFFFFF
FFFFFF
FFFFFF
FFFFFF
FFFFFF
FFFFFF
FFFFFF
FFFFFF
FFFFFF
FFFFFF
FFFFFF
FFFFFF
FFFFFF
FFFFFF
FFFFFF
FFFFFF
FFFFFF
FFFFFF
FFFFFF
FFFFFF
FFFFFF
FFFFFF
FFFFFF
FFFFFF
FFFFFF
FFFFFF
FFFFFF
FFFFFF
FFFFFF
FFFFFF
FFFFFF
FFFFFF
FFFFFF
FFFFFF
FFFFFF
FFFFFF
FFFFFF
FFFFFF
FFFFFF
FFFFFF
FFFFFF
FFFFFF
FFFFFF
FFFFFF
FFFFFF
FFFFFF
FFFFFF
FFFFFF
FFFFFF
FFFFFF
FFFFFF
FFFFFF
FFFFFF
FFFFFF
FFFFFF
FFFFFF
FFFFFF
FFFFFF
FFFFFF
FFFFFF
FFFFFF
FFFFFF
FFFFFF
FFFFFF
FFFFFF
FFFFFF
FFFFFF
FFFFFF
FFFFFF
FFFFFF
FFFFFF
FFFFFF
FFFFFF
FFFFFF
FFFFFF
FFFFFF
FFFFFF
FFFFFF
FFFFFF
FFFFFF
FFFFFF
FFFFFF
FFFFFF
FFFFFF
FFFFFF
FFFFFF
FFFFFF
FFFFFF
FFFFFF
FFFFFF
FFFFFF
FFFFFF
FFFFFF
FFFFFF
FFFFFF
FFFFFF
FFFFFF
FFFFFF
FFFFFF
FFFFFF
FFFFFF
FFFFFF
FFFFFF
FFFFFF
FFFFFF
FFFFFF
FFFFFF
FFFFFF
FFFFFF
FFFFFF
FFFFFF
FFFFFF
FFFFFF
FFFFFF
FFFFFF
FFFFFF
FFFFFF
FFFFFF
FFFFFF
FFFFFF
FFFFFF
FFFFFF
FFFFFF
FFFFFF
FFFFFF
FFFFFF
FFFFFF
FFFFFF
FFFFFF
FFFFFF
FFFFFF
FFFFFF
FFFFFF
FFFFFF
FFFFFF
FFFFFF
FFFFFF
FFFFFF
FFFFFF
FFFFFF
FFFFFF
FFFFFF
FFFFFF
FFFFFF
FFFFFF
FFFFFF
FFFFFF
FFFFFF
FFFFFF
FFFFFF
FFFFFF
FFFFFF
FFFFFF
FFFFFF
FFFFFF
FFFFFF
FFFFFF
FFFFFF
FFFFFF
FFFFFF
FFFFFF
FFFFFF
FFFFFF
FFFFFF
FFFFFF
FFFFFF
FFFFFF
FFFFFF
FFFFFF
FFFFFF
FFFFFF
FFFFFF
FFFFFF
FFFFFF
FFFFFF
FFFFFF
FFFFFF
FFFFFF
FFFFFF
FFFFFF
FFFFFF
FFFFFF
FFFFFF
FFFFFF
FFFFFF
FFFFFF
FFFFFF
FFFFFF
FFFFFF
FFFFFF
FFFFFF
FFFFFF
FFFFFF
FFFFFF
FFFFFF
FFFFFF
FFFFFF
FFFFFF
FFFFFF
FFFFFF
FFFFFF
FFFFFF
FFFFFF
FFFFFF
FFFFFF
FFFFFF
FFFFFF
FFFFFF
FFFFFF
FFFFFF
FFFFFF
FFFFFF
FFFFFF
FFFFFF
FFFFFF
FFFFFF
FFFFFF
FFFFFF
FFFFFF
FFFFFF
FFFFFF
FFFFFF
FFFFFF
FFFFFF
FFFFFF
FFFFFF
FFFFFF
FFFFFF
FFFFFF
FFFFFF
FFFFFF
FFFFFF
FFFFFF
FFFFFF
FFFFFF
FFFFFF
FFFFFF
FFFFFF
FFFFFF
FFFFFF
FFFFFF
FFFFFF
FFFFFF
FFFFFF
FFFFFF
FFFFFF
FFFFFF
FFFFFF
FFFFFF
FFFFFF
FFFFFF
FFFFFF
FFFFFF
FFFFFF
FFFFFF
FFFFFF
FFFFFF
FFFFFF
FFFFFF
FFFFFF
FFFFFF
FFFFFF
FFFFFF
FFFFFF
FFFFFF
FFFFFF
FFFFFF
FFFFFF
FFFFFF
FFFFFF
FFFFFF
FFFFFF
FFFFFF
FFFFFF
FFFFFF
FFFFFF
FFFFFF
FFFFFF
FFFFFF
FFFFFF
FFFFFF
FFFFFF
FFFFFF
FFFFFF
FFFFFF
FFFFFF
FFFFFF
FFFFFF
FFFFFF
FFFFFF
FFFFFF
FFFFFF
FFFFFF
FFFFFF
FFFFFF
FFFFFF
FFFFFF
FFFFFF
FFFFFF
FFFFFF
FFFFFF
FFFFFF
FFFFFF
FFFFFF
FFFFFF
FFFFFF
FFFFFF
FFFFFF
FFFFFF
FFFFFF
FFFFFF
FFFFFF
FFFFFF
FFFFFF
FFFFFF
FFFFFF
FFFFFF
FFFFFF
FFFFFF
FFFFFF
FFFFFF
FFFFFF
FFFFFF
FFFFFF
FFFFFF
FFFFFF
FFFFFF
FFFFFF
FFFFFF
FFFFFF
FFFFFF
FFFFFF
FFFFFF
FFFFFF
FFFFFF
FFFFFF
FFFFFF
FFFFFF
FFFFFF
FFFFFF
FFFFFF
FFFFFF
FFFFFF
FFFFFF
FFFFFF
FFFFFF
FFFFFF
FFFFFF
FFFFFF
FFFFFF
FFFFFF
FFFFFF
FFFFFF
FFFFFF
FFFFFF
FFFFFF
FFFFFF
FFFFFF
FFFFFF
FFFFFF
FFFFFF
FFFFFF
FFFFFF
FFFFFF
FFFFFF
FFFFFF
FFFFFF
FFFFFF
FFFFFF
FFFFFF
FFFFFF
FFFFFF
FFFFFF
FFFFFF
FFFFFF
FFFFFF
FFFFFF
FFFFFF
FFFFFF
FFFFFF
FFFFFF
FFFFFF
FFFFFF
FFFFFF
FFFFFF
FFFFFF
FFFFFF
FFFFFF
FFFFFF
FFFFFF
FFFFFF
FFFFFF
FFFFFF
FFFFFF
FFFFFF
FFFFFF
FFFFFF
FFFFFF
FFFFFF
FFFFFF
FFFFFF
FFFFFF
FFFFFF
FFFFFF
FFFFFF
FFFFFF
FFFFFF
FFFFFF
FFFFFF
FFFFFF
FFFFFF
FFFFFF
FFFFFF
FFFFFF
FFFFFF
FFFFFF
FFFFFF
FFFFFF
FFFFFF
FFFFFF
FFFFFF
FFFFFF
FFFFFF
FFFFFF
FFFFFF
FFFFFF
FFFFFF
FFFFFF
FFFFFF
FFFFFF
FFFFFF
FFFFFF
FFFFFF
FFFFFF
FFFFFF
FFFFFF
FFFFFF
FFFFFF
FFFFFF
FFFFFF
FFFFFF
FFFFFF
FFFFFF
FFFFFF
FFFFFF
FFFFFF
FFFFFF
FFFFFF
FFFFFF
FFFFFF
FFFFFF
FFFFFF
FFFFFF
FFFFFF
FFFFFF
FFFFFF
FFFFFF
FFFFFF
FFFFFF
FFFFFF
FFFFFF
FFFFFF
FFFFFF
FFFFFF
FFFFFF
FFFFFF
FFFFFF
FFFFFF
FFFFFF
FFFFFF
FFFFFF
FFFFFF
FFFFFF
FFFFFF
FFFFFF
FFFFFF
FFFFFF
FFFFFF
FFFFFF
FFFFFF
FFFFFF
FFFFFF
FFFFFF
FFFFFF
FFFFFF
FFFFFF
FFFFFF
FFFFFF
FFFFFF
FFFFFF
FFFFFF
FFFFFF
FFFFFF
FFFFFF
FFFFFF
FFFFFF
FFFFFF
FFFFFF
FFFFFF
FFFFFF
FFFFFF
FFFFFF
FFFFFF
FFFFFF
FFFFFF
FFFFFF
FFFFFF
FFFFFF
FFFFFF
FFFFFF
FFFFFF
FFFFFF
FFFFFF
FFFFFF
FFFFFF
FFFFFF
FFFFFF
FFFFFF
FFFFFF
FFFFFF
FFFFFF
FFFFFF
FFFFFF
FFFFFF
FFFFFF
FFFFFF
FFFFFF
FFFFFF
FFFFFF
FFFFFF
FFFFFF
FFFFFF
FFFFFF
FFFFFF
FFFFFF
FFFFFF
FFFFFF
FFFFFF
FFFFFF
FFFFFF
FFFFFF
FFFFFF
FFFFFF
FFFFFF
FFFFFF
FFFFFF
FFFFFF
FFFFFF
FFFFFF
FFFFFF
FFFFFF
FFFFFF
FFFFFF
FFFFFF
FFFFFF
FFFFFF
FFFFFF
FFFFFF
FFFFFF
FFFFFF
FFFFFF
FFFFFF
FFFFFF
FFFFFF
FFFFFF
FFFFFF
FFFFFF
FFFFFF
FFFFFF
FFFFFF
FFFFFF
FFFFFF
FFFFFF
FFFFFF
FFFFFF
FFFFFF
FFFFFF
FFFFFF
FFFFFF
FFFFFF
FFFFFF
FFFFFF
FFFFFF
FFFFFF
FFFFFF
FFFFFF
FFFFFF
FFFFFF
FFFFFF
FFFFFF
FFFFFF
FFFFFF
FFFFFF
FFFFFF
FFFFFF
FFFFFF
FFFFFF
FFFFFF
FFFFFF
FFFFFF
FFFFFF
FFFFFF
FFFFFF
FFFFFF
FFFFFF
FFFFFF
FFFFFF
FFFFFF
FFFFFF
FFFFFF
FFFFFF
FFFFFF
FFFFFF
FFFFFF
FFFFFF
FFFFFF
FFFFFF
FFFFFF
FFFFFF
FFFFFF
FFFFFF
FFFFFF
FFFFFF
FFFFFF
FFFFFF
FFFFFF
FFFFFF
FFFFFF
FFFFFF
FFFFFF
FFFFFF
FFFFFF
FFFFFF
FFFFFF
FFFFFF
FFFFFF
FFFFFF
FFFFFF
FFFFFF
FFFFFF
FFFFFF
FFFFFF
FFFFFF
FFFFFF
FFFFFF
FFFFFF
FFFFFF
FFFFFF
FFFFFF
FFFFFF
FFFFFF
FFFFFF
FFFFFF
FFFFFF
FFFFFF
FFFFFF
FFFFFF
FFFFFF
FFFFFF
FFFFFF
FFFFFF
FFFFFF
FFFFFF
FFFFFF
FFFFFF
FFFFFF
FFFFFF
FFFFFF
FFFFFF
FFFFFF
FFFFFF
FFFFFF
FFFFFF
FFFFFF
FFFFFF
FFFFFF
FFFFFF
FFFFFF
FFFFFF
FFFFFF
FFFFFF
FFFFFF
FFFFFF
FFFFFF
FFFFFF
FFFFFF
FFFFFF
FFFFFF
FFFFFF
FFFFFF
FFFFFF
FFFFFF
FFFFFF
FFFFFF
FFFFFF
FFFFFF
FFFFFF
FFFFFF
FFFFFF
FFFFFF
FFFFFF
FFFFFF
FFFFFF
FFFFFF
FFFFFF
FFFFFF
FFFFFF
FFFFFF
FFFFFF
FFFFFF
FFFFFF
FFFFFF
FFFFFF
FFFFFF
FFFFFF
FFFFFF
FFFFFF
FFFFFF
FFFFFF
FFFFFF
FFFFFF
FFFFFF
FFFFFF
FFFFFF
FFFFFF
FFFFFF
FFFFFF
FFFFFF
FFFFFF
FFFFFF
FFFFFF
FFFFFF
FFFFFF
FFFFFF
FFFFFF
FFFFFF
FFFFFF
FFFFFF
FFFFFF
FFFFFF
FFFFFF
FFFFFF
FFFFFF
FFFFFF
FFFFFF
FFFFFF
FFFFFF
FFFFFF
FFFFFF
FFFFFF
FFFFFF
FFFFFF
FFFFFF
FFFFFF
FFFFFF
FFFFFF
FFFFFF
FFFFFF
FFFFFF
FFFFFF
FFFFFF
FFFFFF
FFFFFF
FFFFFF
FFFFFF
FFFFFF
FFFFFF
FFFFFF
FFFFFF
FFFFFF
FFFFFF
FFFFFF
FFFFFF
FFFFFF
FFFFFF
FFFFFF
FFFFFF
FFFFFF
FFFFFF
FFFFFF
FFFFFF
FFFFFF
FFFFFF
FFFFFF
FFFFFF
FFFFFF
FFFFFF
FFFFFF
FFFFFF
FFFFFF
FFFFFF
FFFFFF
FFFFFF
FFFFFF
FFFFFF
FFFFFF
FFFFFF
FFFFFF
FFFFFF
FFFFFF
FFFFFF
FFFFFF
FFFFFF
FFFFFF
FFFFFF
FFFFFF
FFFFFF
FFFFFF
FFFFFF
FFFFFF
FFFFFF
FFFFFF
FFFFFF
FFFFFF
FFFFFF
FFFFFF
FFFFFF
FFFFFF
FFFFFF
FFFFFF
FFFFFF
FFFFFF
FFFFFF
FFFFFF
FFFFFF
FFFFFF
FFFFFF
FFFFFF
FFFFFF
FFFFFF
FFFFFF
FFFFFF
FFFFFF
FFFFFF
FFFFFF
FFFFFF
FFFFFF
FFFFFF
FFFFFF
FFFFFF
FFFFFF
FFFFFF
FFFFFF
FFFFFF
FFFFFF
FFFFFF
FFFFFF
FFFFFF
FFFFFF
FFFFFF
FFFFFF
FFFFFF
FFFFFF
FFFFFF
FFFFFF
FFFFFF
FFFFFF
FFFFFF
FFFFFF
FFFFFF
FFFFFF
FFFFFF
FFFFFF
FFFFFF
FFFFFF
FFFFFF
FFFFFF
FFFFFF
FFFFFF
FFFFFF
FFFFFF
FFFFFF
FFFFFF
FFFFFF
FFFFFF
FFFFFF
FFFFFF
FFFFFF
FFFFFF
FFFFFF
FFFFFF
FFFFFF
FFFFFF
FFFFFF
FFFFFF
FFFFFF
FFFFFF
FFFFFF
FFFFFF
FFFFFF
FFFFFF
FFFFFF
FFFFFF
FFFFFF
FFFFFF
FFFFFF
FFFFFF
FFFFFF
FFFFFF
FFFFFF
FFFFFF
FFFFFF
FFFFFF
FFFFFF
FFFFFF
FFFFFF
FFFFFF
FFFFFF
FFFFFF
FFFFFF
FFFFFF
FFFFFF
FFFFFF
FFFFFF
FFFFFF
FFFFFF
FFFFFF
FFFFFF
FFFFFF
FFFFFF
FFFFFF
FFFFFF
FFFFFF
FFFFFF
FFFFFF
FFFFFF
FFFFFF
FFFFFF
FFFFFF
FFFFFF
FFFFFF
FFFFFF
FFFFFF
FFFFFF
FFFFFF
FFFFFF
FFFFFF
FFFFFF
FFFFFF
FFFFFF
FFFFFF
FFFFFF
FFFFFF
FFFFFF
FFFFFF
FFFFFF
FFFFFF
FFFFFF
FFFFFF
FFFFFF
FFFFFF
FFFFFF
FFFFFF
FFFFFF
FFFFFF
FFFFFF
FFFFFF
FFFFFF
FFFFFF
FFFFFF
FFFFFF
FFFFFF
FFFFFF
FFFFFF
FFFFFF
FFFFFF
FFFFFF
FFFFFF
FFFFFF
FFFFFF
FFFFFF
FFFFFF
FFFFFF
FFFFFF
FFFFFF
FFFFFF
FFFFFF
FFFFFF
FFFFFF
FFFFFF
FFFFFF
FFFFFF
FFFFFF
FFFFFF
FFFFFF
FFFFFF
FFFFFF
FFFFFF
FFFFFF
FFFFFF
FFFFFF
FFFFFF
FFFFFF
FFFFFF
FFFFFF
FFFFFF
FFFFFF
FFFFFF
FFFFFF
FFFFFF
FFFFFF
FFFFFF
FFFFFF
FFFFFF
FFFFFF
FFFFFF
FFFFFF
FFFFFF
FFFFFF
FFFFFF
FFFFFF
FFFFFF
FFFFFF
FFFFFF
FFFFFF
FFFFFF
FFFFFF
FFFFFF
FFFFFF
FFFFFF
FFFFFF
FFFFFF
FFFFFF
FFFFFF
FFFFFF
FFFFFF
FFFFFF
FFFFFF
FFFFFF
FFFFFF
FFFFFF
FFFFFF
FFFFFF
FFFFFF
FFFFFF
FFFFFF
FFFFFF
FFFFFF
FFFFFF
FFFFFF
FFFFFF
FFFFFF
FFFFFF
FFFFFF
FFFFFF
FFFFFF
FFFFFF
FFFFFF
FFFFFF
FFFFFF
FFFFFF
FFFFFF
FFFFFF
FFFFFF
FFFFFF
FFFFFF
FFFFFF
FFFFFF
FFFFFF
FFFFFF
FFFFFF
FFFFFF
FFFFFF
FFFFFF
FFFFFF
FFFFFF
FFFFFF
FFFFFF
FFFFFF
FFFFFF
FFFFFF
FFFFFF
FFFFFF
FFFFFF
FFFFFF
FFFFFF
FFFFFF
FFFFFF
FFFFFF
FFFFFF
FFFFFF
FFFFFF
FFFFFF
FFFFFF
FFFFFF
FFFFFF
FFFFFF
FFFFFF
FFFFFF
FFFFFF
FFFFFF
FFFFFF
FFFFFF
FFFFFF
FFFFFF
FFFFFF
FFFFFF
FFFFFF
FFFFFF
FFFFFF
FFFFFF
FFFFFF
FFFFFF
FFFFFF
FFFFFF
FFFFFF
FFFFFF
FFFFFF
FFFFFF
FFFFFF
FFFFFF
FFFFFF
FFFFFF
FFFFFF
FFFFFF
FFFFFF
FFFFFF
FFFFFF
FFFFFF
FFFFFF
FFFFFF
FFFFFF
FFFFFF
FFFFFF
FFFFFF
FFFFFF
FFFFFF
FFFFFF
FFFFFF
FFFFFF
FFFFFF
FFFFFF
FFFFFF
FFFFFF
FFFFFF
FFFFFF
FFFFFF
FFFFFF
FFFFFF
FFFFFF
FFFFFF
FFFFFF
FFFFFF
FFFFFF
FFFFFF
FFFFFF
FFFFFF
FFFFFF
FFFFFF
FFFFFF
FFFFFF
FFFFFF
FFFFFF
FFFFFF
FFFFFF
FFFFFF
FFFFFF
FFFFFF
FFFFFF
FFFFFF
FFFFFF
FFFFFF
FFFFFF
FFFFFF
FFFFFF
FFFFFF
FFFFFF
FFFFFF
FFFFFF
FFFFFF
FFFFFF
FFFFFF
FFFFFF
FFFFFF
FFFFFF
FFFFFF
FFFFFF
FFFFFF
FFFFFF
FFFFFF
FFFFFF
FFFFFF
FFFFFF
FFFFFF
FFFFFF
FFFFFF
FFFFFF
FFFFFF
FFFFFF
FFFFFF
FFFFFF
FFFFFF
FFFFFF
FFFFFF
FFFFFF
FFFFFF
FFFFFF
FFFFFF
FFFFFF
FFFFFF
FFFFFF
FFFFFF
FFFFFF
FFFFFF
FFFFFF
FFFFFF
FFFFFF
FFFFFF
FFFFFF
FFFFFF
FFFFFF
FFFFFF
FFFFFF
FFFFFF
FFFFFF
FFFFFF
FFFFFF
FFFFFF
FFFFFF
FFFFFF
FFFFFF
FFFFFF
FFFFFF
FFFFFF
FFFFFF
FFFFFF
FFFFFF
FFFFFF
FFFFFF
FFFFFF
FFFFFF
FFFFFF
FFFFFF
FFFFFF
FFFFFF
FFFFFF
FFFFFF
FFFFFF
FFFFFF
FFFFFF
FFFFFF
FFFFFF
FFFFFF
FFFFFF
FFFFFF
FFFFFF
FFFFFF
FFFFFF
FFFFFF
FFFFFF
FFFFFF
FFFFFF
FFFFFF
FFFFFF
FFFFFF
FFFFFF
FFFFFF
FFFFFF
FFFFFF
FFFFFF
FFFFFF
FFFFFF
FFFFFF
FFFFFF
FFFFFF
FFFFFF
FFFFFF
FFFFFF
FFFFFF
FFFFFF
FFFFFF
FFFFFF
FFFFFF
FFFFFF
FFFFFF
FFFFFF
FFFFFF
FFFFFF
FFFFFF
FFFFFF
FFFFFF
FFFFFF
FFFFFF
FFFFFF
FFFFFF
FFFFFF
FFFFFF
FFFFFF
FFFFFF
FFFFFF
FFFFFF
FFFFFF
FFFFFF
FFFFFF
FFFFFF
FFFFFF
FFFFFF
FFFFFF
FFFFFF
FFFFFF
FFFFFF
FFFFFF
FFFFFF
FFFFFF
FFFFFF
FFFFFF
FFFFFF
FFFFFF
FFFFFF
FFFFFF
FFFFFF
FFFFFF
FFFFFF
FFFFFF
FFFFFF
FFFFFF
FFFFFF
FFFFFF
FFFFFF
FFFFFF
FFFFFF
FFFFFF
FFFFFF
FFFFFF
FFFFFF
FFFFFF
FFFFFF
FFFFFF
FFFFFF
FFFFFF
FFFFFF
FFFFFF
FFFFFF
FFFFFF
FFFFFF
FFFFFF
FFFFFF
FFFFFF
FFFFFF
FFFFFF
FFFFFF
FFFFFF
FFFFFF
FFFFFF
FFFFFF
FFFFFF
FFFFFF
FFFFFF
FFFFFF
FFFFFF
FFFFFF
FFFFFF
FFFFFF
FFFFFF
FFFFFF
FFFFFF
FFFFFF
FFFFFF
FFFFFF
FFFFFF
FFFFFF
FFFFFF
FFFFFF
FFFFFF
FFFFFF
FFFFFF
FFFFFF
FFFFFF
FFFFFF
FFFFFF
FFFFFF
FFFFFF
FFFFFF
FFFFFF
FFFFFF
FFFFFF
FFFFFF
FFFFFF
FFFFFF
FFFFFF
FFFFFF
FFFFFF
FFFFFF
FFFFFF
FFFFFF
FFFFFF
FFFFFF
FFFFFF
FFFFFF
FFFFFF
FFFFFF
FFFFFF
FFFFFF
FFFFFF
FFFFFF
FFFFFF
FFFFFF
FFFFFF
FFFFFF
FFFFFF
FFFFFF
FFFFFF
FFFFFF
FFFFFF
FFFFFF
FFFFFF
FFFFFF
FFFFFF
FFFFFF
FFFFFF
FFFFFF
FFFFFF
FFFFFF
FFFFFF
FFFFFF
FFFFFF
FFFFFF
FFFFFF
FFFFFF
FFFFFF
FFFFFF
FFFFFF
FFFFFF
FFFFFF
FFFFFF
FFFFFF
FFFFFF
FFFFFF
FFFFFF
FFFFFF
FFFFFF
FFFFFF
FFFFFF
FFFFFF
FFFFFF
FFFFFF
FFFFFF
FFFFFF
FFFFFF
FFFFFF
FFFFFF
FFFFFF
FFFFFF
FFFFFF
FFFFFF
FFFFFF
FFFFFF
FFFFFF
FFFFFF
FFFFFF
FFFFFF
FFFFFF
FFFFFF
FFFFFF
FFFFFF
FFFFFF
FFFFFF
FFFFFF
FFFFFF
FFFFFF
FFFFFF
FFFFFF
FFFFFF
FFFFFF
FFFFFF
FFFFFF
FFFFFF
FFFFFF
FFFFFF
FFFFFF
FFFFFF
FFFFFF
FFFFFF
FFFFFF
FFFFFF
FFFFFF
FFFFFF
FFFFFF
FFFFFF
FFFFFF
FFFFFF
FFFFFF
FFFFFF
FFFFFF
FFFFFF
FFFFFF
FFFFFF
FFFFFF
FFFFFF
FFFFFF
FFFFFF
FFFFFF
FFFFFF
FFFFFF
FFFFFF
FFFFFF
FFFFFF
FFFFFF
FFFFFF
FFFFFF
FFFFFF
FFFFFF
FFFFFF
FFFFFF
FFFFFF
FFFFFF
FFFFFF
FFFFFF
FFFFFF
FFFFFF
FFFFFF
FFFFFF
FFFFFF
FFFFFF
FFFFFF
FFFFFF
FFFFFF
FFFFFF
FFFFFF
FFFFFF
FFFFFF
FFFFFF
FFFFFF
FFFFFF
FFFFFF
FFFFFF
FFFFFF
FFFFFF
FFFFFF
FFFFFF
FFFFFF
FFFFFF
FFFFFF
FFFFFF
FFFFFF
FFFFFF
FFFFFF
FFFFFF
FFFFFF
FFFFFF
FFFFFF
FFFFFF
FFFFFF
FFFFFF
FFFFFF
FFFFFF
FFFFFF
FFFFFF
FFFFFF
FFFFFF
FFFFFF
FFFFFF
FFFFFF
FFFFFF
FFFFFF
FFFFFF
FFFFFF
FFFFFF
FFFFFF
FFFFFF
FFFFFF
FFFFFF
FFFFFF
FFFFFF
FFFFFF
FFFFFF
FFFFFF
FFFFFF
FFFFFF
FFFFFF
FFFFFF
FFFFFF
FFFFFF
FFFFFF
FFFFFF
FFFFFF
FFFFFF
FFFFFF
FFFFFF
FFFFFF
FFFFFF
FFFFFF
FFFFFF
FFFFFF
FFFFFF
FFFFFF
FFFFFF
FFFFFF
FFFFFF
FFFFFF
FFFFFF
FFFFFF
FFFFFF
FFFFFF
FFFFFF
FFFFFF
FFFFFF
FFFFFF
FFFFFF
FFFFFF
FFFFFF
FFFFFF
FFFFFF
FFFFFF
FFFFFF
FFFFFF
FFFFFF
FFFFFF
FFFFFF
FFFFFF
FFFFFF
FFFFFF
FFFFFF
FFFFFF
FFFFFF
FFFFFF
FFFFFF
FFFFFF
FFFFFF
FFFFFF
FFFFFF
FFFFFF
FFFFFF
FFFFFF
FFFFFF
FFFFFF
FFFFFF
FFFFFF
FFFFFF
FFFFFF
FFFFFF
FFFFFF
FFFFFF
FFFFFF
FFFFFF
FFFFFF
FFFFFF
FFFFFF
FFFFFF
FFFFFF
FFFFFF
FFFFFF
FFFFFF
FFFFFF
FFFFFF
FFFFFF
FFFFFF
FFFFFF
FFFFFF
FFFFFF
FFFFFF
FFFFFF
FFFFFF
FFFFFF
FFFFFF
FFFFFF
FFFFFF
FFFFFF
FFFFFF
FFFFFF
FFFFFF
FFFFFF
FFFFFF
FFFFFF
FFFFFF
FFFFFF
FFFFFF
FFFFFF
FFFFFF
FFFFFF
FFFFFF
FFFFFF
FFFFFF
FFFFFF
FFFFFF
FFFFFF
FFFFFF
FFFFFF
FFFFFF
FFFFFF
FFFFFF
FFFFFF
FFFFFF
FFFFFF
FFFFFF
FFFFFF
FFFFFF
FFFFFF
FFFFFF
FFFFFF
FFFFFF
FFFFFF
FFFFFF
FFFFFF
FFFFFF
FFFFFF
FFFFFF
FFFFFF
FFFFFF
FFFFFF
FFFFFF
FFFFFF
FFFFFF
FFFFFF
FFFFFF
FFFFFF
FFFFFF
FFFFFF
FFFFFF
FFFFFF
FFFFFF
FFFFFF
FFFFFF
FFFFFF
FFFFFF
FFFFFF
FFFFFF
FFFFFF
FFFFFF
FFFFFF
FFFFFF
FFFFFF
FFFFFF
FFFFFF
FFFFFF
FFFFFF
FFFFFF
FFFFFF
FFFFFF
FFFFFF
FFFFFF
FFFFFF
FFFFFF
FFFFFF
FFFFFF
FFFFFF
FFFFFF
FFFFFF
FFFFFF
FFFFFF
FFFFFF
FFFFFF
FFFFFF
FFFFFF
FFFFFF
FFFFFF
FFFFFF
FFFFFF
FFFFFF
FFFFFF
FFFFFF
FFFFFF
FFFFFF
FFFFFF
FFFFFF
FFFFFF
FFFFFF
FFFFFF
FFFFFF
FFFFFF
FFFFFF
FFFFFF
FFFFFF
FFFFFF
FFFFFF
FFFFFF
FFFFFF
FFFFFF
FFFFFF
FFFFFF
FFFFFF
FFFFFF
FFFFFF
FFFFFF
FFFFFF
FFFFFF
FFFFFF
FFFFFF
FFFFFF
FFFFFF
FFFFFF
FFFFFF
FFFFFF
FFFFFF
FFFFFF
FFFFFF
FFFFFF
FFFFFF
FFFFFF
FFFFFF
FFFFFF
FFFFFF
FFFFFF
FFFFFF
FFFFFF
FFFFFF
FFFFFF
FFFFFF
FFFFFF
FFFFFF
FFFFFF
FFFFFF
FFFFFF
FFFFFF
FFFFFF
FFFFFF
FFFFFF
FFFFFF
FFFFFF
FFFFFF
FFFFFF
FFFFFF
FFFFFF
FFFFFF
FFFFFF
FFFFFF
FFFFFF
FFFFFF
FFFFFF
FFFFFF
FFFFFF
FFFFFF
FFFFFF
FFFFFF
FFFFFF
FFFFFF
FFFFFF
FFFFFF
FFFFFF
FFFFFF
FFFFFF
FFFFFF
FFFFFF
FFFFFF
FFFFFF
FFFFFF
FFFFFF
FFFFFF
FFFFFF
FFFFFF
FFFFFF
FFFFFF
FFFFFF
FFFFFF
FFFFFF
FFFFFF
FFFFFF
FFFFFF
FFFFFF
FFFFFF
FFFFFF
FFFFFF
FFFFFF
FFFFFF
FFFFFF
FFFFFF
FFFFFF
FFFFFF
FFFFFF
FFFFFF
FFFFFF
FFFFFF
FFFFFF
FFFFFF
FFFFFF
FFFFFF
FFFFFF
FFFFFF
FFFFFF
FFFFFF
FFFFFF
FFFFFF
FFFFFF
FFFFFF
FFFFFF
FFFFFF
FFFFFF
FFFFFF
FFFFFF
FFFFFF
FFFFFF
FFFFFF
FFFFFF
FFFFFF
FFFFFF
FFFFFF
FFFFFF
FFFFFF
FFFFFF
FFFFFF
FFFFFF
FFFFFF
FFFFFF
FFFFFF
FFFFFF
FFFFFF
FFFFFF
FFFFFF
FFFFFF
FFFFFF
FFFFFF
FFFFFF
FFFFFF
FFFFFF
FFFFFF
FFFFFF
FFFFFF
FFFFFF
FFFFFF
FFFFFF
FFFFFF
FFFFFF
FFFFFF
FFFFFF
FFFFFF
FFFFFF
FFFFFF
FFFFFF
FFFFFF
FFFFFF
FFFFFF
FFFFFF
FFFFFF
FFFFFF
FFFFFF
FFFFFF
FFFFFF
FFFFFF
FFFFFF
FFFFFF
FFFFFF
FFFFFF
FFFFFF
FFFFFF
FFFFFF
FFFFFF
FFFFFF
FFFFFF
FFFFFF
FFFFFF
FFFFFF
FFFFFF
FFFFFF
FFFFFF
FFFFFF
FFFFFF
FFFFFF
FFFFFF
FFFFFF
FFFFFF
FFFFFF
FFFFFF
FFFFFF
FFFFFF
FFFFFF
FFFFFF
FFFFFF
FFFFFF
FFFFFF
FFFFFF
FFFFFF
FFFFFF
FFFFFF
FFFFFF
FFFFFF
FFFFFF
FFFFFF
FFFFFF
FFFFFF
FFFFFF
FFFFFF
FFFFFF
FFFFFF
FFFFFF
FFFFFF
FFFFFF
FFFFFF
FFFFFF
FFFFFF
FFFFFF
FFFFFF
FFFFFF
FFFFFF
FFFFFF
FFFFFF
FFFFFF
FFFFFF
FFFFFF
FFFFFF
FFFFFF
FFFFFF
FFFFFF
FFFFFF
FFFFFF
FFFFFF
FFFFFF
FFFFFF
FFFFFF
FFFFFF
FFFFFF
FFFFFF
FFFFFF
FFFFFF
FFFFFF
FFFFFF
FFFFFF
FFFFFF
FFFFFF
FFFFFF
FFFFFF
FFFFFF
FFFFFF
FFFFFF
FFFFFF
FFFFFF
FFFFFF
FFFFFF
FFFFFF
FFFFFF
FFFFFF
FFFFFF
FFFFFF
FFFFFF
FFFFFF
FFFFFF
FFFFFF
FFFFFF
FFFFFF
FFFFFF
FFFFFF
FFFFFF
FFFFFF
FFFFFF
FFFFFF
FFFFFF
FFFFFF
FFFFFF
FFFFFF
FFFFFF
FFFFFF
FFFFFF
FFFFFF
FFFFFF
FFFFFF
FFFFFF
FFFFFF
FFFFFF
FFFFFF
FFFFFF
FFFFFF
FFFFFF
FFFFFF
FFFFFF
FFFFFF
FFFFFF
FFFFFF
FFFFFF
FFFFFF
FFFFFF
FFFFFF
FFFFFF
FFFFFF
FFFFFF
FFFFFF
FFFFFF
FFFFFF
FFFFFF
FFFFFF
FFFFFF
FFFFFF
FFFFFF
FFFFFF
FFFFFF
FFFFFF
FFFFFF
FFFFFF
FFFFFF
FFFFFF
FFFFFF
FFFFFF
FFFFFF
FFFFFF
FFFFFF
FFFFFF
FFFFFF
FFFFFF
FFFFFF
FFFFFF
FFFFFF
FFFFFF
FFFFFF
FFFFFF
FFFFFF
FFFFFF
FFFFFF
FFFFFF
FFFFFF
FFFFFF
FFFFFF
FFFFFF
FFFFFF
FFFFFF
FFFFFF
FFFFFF
FFFFFF
FFFFFF
FFFFFF
FFFFFF
FFFFFF
FFFFFF
FFFFFF
FFFFFF
FFFFFF
FFFFFF
FFFFFF
FFFFFF
FFFFFF
FFFFFF
FFFFFF
FFFFFF
FFFFFF
FFFFFF
FFFFFF
FFFFFF
FFFFFF
FFFFFF
FFFFFF
FFFFFF
FFFFFF
FFFFFF
FFFFFF
FFFFFF
FFFFFF
FFFFFF
FFFFFF
FFFFFF
FFFFFF
FFFFFF
FFFFFF
FFFFFF
FFFFFF
FFFFFF
FFFFFF
FFFFFF
FFFFFF
FFFFFF
FFFFFF
FFFFFF
FFFFFF
FFFFFF
FFFFFF
FFFFFF
FFFFFF
FFFFFF
FFFFFF
FFFFFF
FFFFFF
FFFFFF
FFFFFF
FFFFFF
FFFFFF
FFFFFF
FFFFFF
FFFFFF
FFFFFF
FFFFFF
FFFFFF
FFFFFF
FFFFFF
FFFFFF
FFFFFF
FFFFFF
FFFFFF
FFFFFF
FFFFFF
FFFFFF
FFFFFF
FFFFFF
FFFFFF
FFFFFF
FFFFFF
FFFFFF
FFFFFF
FFFFFF
FFFFFF
FFFFFF
FFFFFF
FFFFFF
FFFFFF
FFFFFF
FFFFFF
FFFFFF
FFFFFF
FFFFFF
FFFFFF
FFFFFF
FFFFFF
FFFFFF
FFFFFF
FFFFFF
FFFFFF
FFFFFF
FFFFFF
FFFFFF
FFFFFF
FFFFFF
FFFFFF
FFFFFF
FFFFFF
FFFFFF
FFFFFF
FFFFFF
FFFFFF
FFFFFF
FFFFFF
FFFFFF
FFFFFF
FFFFFF
FFFFFF
FFFFFF
FFFFFF
FFFFFF
FFFFFF
FFFFFF
FFFFFF
FFFFFF
FFFFFF
FFFFFF
FFFFFF
FFFFFF
FFFFFF
FFFFFF
FFFFFF
FFFFFF
FFFFFF
FFFFFF
FFFFFF
FFFFFF
FFFFFF
FFFFFF
FFFFFF
FFFFFF
FFFFFF
FFFFFF
FFFFFF
FFFFFF
FFFFFF
FFFFFF
FFFFFF
FFFFFF
FFFFFF
FFFFFF
FFFFFF
FFFFFF
FFFFFF
FFFFFF
FFFFFF
FFFFFF
FFFFFF
FFFFFF
FFFFFF
FFFFFF
FFFFFF
FFFFFF
FFFFFF
FFFFFF
FFFFFF
FFFFFF
FFFFFF
FFFFFF
FFFFFF
FFFFFF
FFFFFF
FFFFFF
FFFFFF
FFFFFF
FFFFFF
FFFFFF
FFFFFF
FFFFFF
FFFFFF
FFFFFF
FFFFFF
FFFFFF
FFFFFF
FFFFFF
FFFFFF
FFFFFF
FFFFFF
FFFFFF
FFFFFF
FFFFFF
FFFFFF
FFFFFF
FFFFFF
FFFFFF
FFFFFF
FFFFFF
FFFFFF
FFFFFF
FFFFFF
FFFFFF
FFFFFF
FFFFFF
FFFFFF
FFFFFF
FFFFFF
FFFFFF
FFFFFF
FFFFFF
FFFFFF
FFFFFF
FFFFFF
FFFFFF
FFFFFF
FFFFFF
FFFFFF
FFFFFF
FFFFFF
FFFFFF
FFFFFF
FFFFFF
FFFFFF
FFFFFF
FFFFFF
FFFFFF
FFFFFF
FFFFFF
FFFFFF
FFFFFF
FFFFFF
FFFFFF
FFFFFF
FFFFFF
FFFFFF
FFFFFF
FFFFFF
FFFFFF
FFFFFF
FFFFFF
FFFFFF
FFFFFF
FFFFFF
FFFFFF
FFFFFF
FFFFFF
FFFFFF
FFFFFF
FFFFFF
FFFFFF
FFFFFF
FFFFFF
FFFFFF
FFFFFF
FFFFFF
FFFFFF
FFFFFF
FFFFFF
FFFFFF
FFFFFF
FFFFFF
FFFFFF
FFFFFF
FFFFFF
FFFFFF
FFFFFF
FFFFFF
FFFFFF
FFFFFF
FFFFFF
FFFFFF
FFFFFF
FFFFFF
FFFFFF
FFFFFF
FFFFFF
FFFFFF
FFFFFF
FFFFFF
FFFFFF
FFFFFF
FFFFFF
FFFFFF
FFFFFF
FFFFFF
FFFFFF
FFFFFF
FFFFFF
FFFFFF
FFFFFF
FFFFFF
FFFFFF
FFFFFF
FFFFFF
FFFFFF
FFFFFF
FFFFFF
FFFFFF
FFFFFF
FFFFFF
FFFFFF
FFFFFF
FFFFFF
FFFFFF
FFFFFF
FFFFFF
FFFFFF
FFFFFF
FFFFFF
FFFFFF
FFFFFF
FFFFFF
FFFFFF
FFFFFF
FFFFFF
FFFFFF
FFFFFF
FFFFFF
FFFFFF
FFFFFF
FFFFFF
FFFFFF
FFFFFF
FFFFFF
FFFFFF
FFFFFF
FFFFFF
FFFFFF
FFFFFF
FFFFFF
FFFFFF
FFFFFF
FFFFFF
FFFFFF
FFFFFF
FFFFFF
FFFFFF
FFFFFF
FFFFFF
FFFFFF
FFFFFF
FFFFFF
FFFFFF
FFFFFF
FFFFFF
FFFFFF
FFFFFF
FFFFFF
FFFFFF
FFFFFF
FFFFFF
FFFFFF
FFFFFF
FFFFFF
FFFFFF
FFFFFF
FFFFFF
FFFFFF
FFFFFF
FFFFFF
FFFFFF
FFFFFF
FFFFFF
FFFFFF
FFFFFF
FFFFFF
FFFFFF
FFFFFF
FFFFFF
FFFFFF
FFFFFF
FFFFFF
FFFFFF
FFFFFF
FFFFFF
FFFFFF
FFFFFF
FFFFFF
FFFFFF
FFFFFF
FFFFFF
FFFFFF
FFFFFF
FFFFFF
FFFFFF
FFFFFF
FFFFFF
FFFFFF
FFFFFF
FFFFFF
FFFFFF
FFFFFF
FFFFFF
FFFFFF
FFFFFF
FFFFFF
FFFFFF
FFFFFF
FFFFFF
FFFFFF
FFFFFF
FFFFFF
FFFFFF
FFFFFF
FFFFFF
FFFFFF
FFFFFF
FFFFFF
FFFFFF
FFFFFF
FFFFFF
FFFFFF
FFFFFF
FFFFFF
FFFFFF
FFFFFF
FFFFFF
FFFFFF
FFFFFF
FFFFFF
FFFFFF
FFFFFF
FFFFFF
FFFFFF
FFFFFF
FFFFFF
FFFFFF
FFFFFF
FFFFFF
FFFFFF
FFFFFF
FFFFFF
FFFFFF
FFFFFF
FFFFFF
FFFFFF
FFFFFF
FFFFFF
FFFFFF
FFFFFF
FFFFFF
FFFFFF
FFFFFF
FFFFFF
FFFFFF
FFFFFF
FFFFFF
FFFFFF
FFFFFF
FFFFFF
FFFFFF
FFFFFF
FFFFFF
FFFFFF
FFFFFF
FFFFFF
FFFFFF
FFFFFF
FFFFFF
FFFFFF
FFFFFF
FFFFFF
FFFFFF
FFFFFF
FFFFFF
FFFFFF
FFFFFF
FFFFFF
FFFFFF
FFFFFF
FFFFFF
FFFFFF
FFFFFF
FFFFFF
FFFFFF
FFFFFF
FFFFFF
FFFFFF
FFFFFF
FFFFFF
FFFFFF
FFFFFF
FFFFFF
FFFFFF
FFFFFF
FFFFFF
FFFFFF
FFFFFF
FFFFFF
FFFFFF
FFFFFF
FFFFFF
FFFFFF
FFFFFF
FFFFFF
FFFFFF
FFFFFF
FFFFFF
FFFFFF
FFFFFF
FFFFFF
FFFFFF
FFFFFF
FFFFFF
FFFFFF
FFFFFF
FFFFFF
FFFFFF
FFFFFF
FFFFFF
FFFFFF
FFFFFF
FFFFFF
FFFFFF
FFFFFF
FFFFFF
FFFFFF
FFFFFF
FFFFFF
FFFFFF
FFFFFF
FFFFFF
FFFFFF
FFFFFF
FFFFFF
FFFFFF
FFFFFF
FFFFFF
FFFFFF
FFFFFF
FFFFFF
FFFFFF
FFFFFF
FFFFFF
FFFFFF
FFFFFF
FFFFFF
FFFFFF
FFFFFF
FFFFFF
FFFFFF
FFFFFF
FFFFFF
FFFFFF
FFFFFF
FFFFFF
FFFFFF
FFFFFF
FFFFFF
FFFFFF
FFFFFF
FFFFFF
FFFFFF
FFFFFF
FFFFFF
FFFFFF
FFFFFF
FFFFFF
FFFFFF
FFFFFF
FFFFFF
FFFFFF
FFFFFF
FFFFFF
FFFFFF
FFFFFF
FFFFFF
FFFFFF
FFFFFF
FFFFFF
FFFFFF
FFFFFF
FFFFFF
FFFFFF
FFFFFF
FFFFFF
FFFFFF
FFFFFF
FFFFFF
FFFFFF
FFFFFF
FFFFFF
FFFFFF
FFFFFF
FFFFFF
FFFFFF
FFFFFF
FFFFFF
FFFFFF
FFFFFF
FFFFFF
FFFFFF
FFFFFF
FFFFFF
FFFFFF
FFFFFF
FFFFFF
FFFFFF
FFFFFF
FFFFFF
FFFFFF
FFFFFF
FFFFFF
FFFFFF
FFFFFF
FFFFFF
FFFFFF
FFFFFF
FFFFFF
FFFFFF
FFFFFF
FFFFFF
FFFFFF
FFFFFF
FFFFFF
FFFFFF
FFFFFF
FFFFFF
FFFFFF
FFFFFF
FFFFFF
FFFFFF
FFFFFF
FFFFFF
FFFFFF
FFFFFF
FFFFFF
FFFFFF
FFFFFF
FFFFFF
FFFFFF
FFFFFF
FFFFFF
FFFFFF
FFFFFF
FFFFFF
FFFFFF
FFFFFF
FFFFFF
FFFFFF
FFFFFF
FFFFFF
FFFFFF
FFFFFF
FFFFFF
FFFFFF
FFFFFF
FFFFFF
FFFFFF
FFFFFF
FFFFFF
FFFFFF
FFFFFF
FFFFFF
FFFFFF
FFFFFF
FFFFFF
FFFFFF
FFFFFF
FFFFFF
FFFFFF
FFFFFF
FFFFFF
FFFFFF
FFFFFF
FFFFFF
FFFFFF
FFFFFF
FFFFFF
FFFFFF
FFFFFF
FFFFFF
FFFFFF
FFFFFF
FFFFFF
FFFFFF
FFFFFF
FFFFFF
FFFFFF
FFFFFF
FFFFFF
FFFFFF
FFFFFF
FFFFFF
FFFFFF
FFFFFF
FFFFFF
FFFFFF
FFFFFF
FFFFFF
FFFFFF
FFFFFF
FFFFFF
FFFFFF
FFFFFF
FFFFFF
FFFFFF
FFFFFF
FFFFFF
FFFFFF
FFFFFF
FFFFFF
FFFFFF
FFFFFF
FFFFFF
FFFFFF
FFFFFF
FFFFFF
FFFFFF
FFFFFF
FFFFFF
FFFFFF
FFFFFF
FFFFFF
FFFFFF
FFFFFF
FFFFFF
FFFFFF
FFFFFF
FFFFFF
FFFFFF
FFFFFF
FFFFFF
FFFFFF
FFFFFF
FFFFFF
FFFFFF
FFFFFF
FFFFFF
FFFFFF
FFFFFF
FFFFFF
FFFFFF
FFFFFF
FFFFFF
FFFFFF
FFFFFF
FFFFFF
FFFFFF
FFFFFF
FFFFFF
FFFFFF
FFFFFF
FFFFFF
FFFFFF
FFFFFF
FFFFFF
FFFFFF
FFFFFF
FFFFFF
FFFFFF
FFFFFF
FFFFFF
FFFFFF
FFFFFF
FFFFFF
FFFFFF
FFFFFF
FFFFFF
FFFFFF
FFFFFF
FFFFFF
FFFFFF
FFFFFF
FFFFFF
FFFFFF
FFFFFF
FFFFFF
FFFFFF
FFFFFF
FFFFFF
FFFFFF
FFFFFF
FFFFFF
FFFFFF
FFFFFF
FFFFFF
FFFFFF
FFFFFF
FFFFFF
FFFFFF
FFFFFF
FFFFFF
FFFFFF
FFFFFF
FFFFFF
FFFFFF
FFFFFF
FFFFFF
FFFFFF
FFFFFF
FFFFFF
FFFFFF
FFFFFF
FFFFFF
FFFFFF
FFFFFF
FFFFFF
FFFFFF
FFFFFF
FFFFFF
FFFFFF
FFFFFF
FFFFFF
FFFFFF
FFFFFF
FFFFFF
FFFFFF
FFFFFF
FFFFFF
FFFFFF
FFFFFF
FFFFFF
FFFFFF
FFFFFF
FFFFFF
FFFFFF
FFFFFF
FFFFFF
FFFFFF
FFFFFF
FFFFFF
FFFFFF
FFFFFF
FFFFFF
FFFFFF
FFFFFF
FFFFFF
FFFFFF
FFFFFF
FFFFFF
FFFFFF
FFFFFF
FFFFFF
FFFFFF
FFFFFF
FFFFFF
FFFFFF
FFFFFF
FFFFFF
FFFFFF
FFFFFF
FFFFFF
FFFFFF
FFFFFF
FFFFFF
FFFFFF
FFFFFF
FFFFFF
FFFFFF
FFFFFF
FFFFFF
FFFFFF
FFFFFF
FFFFFF
FFFFFF
FFFFFF
FFFFFF
FFFFFF
FFFFFF
FFFFFF
FFFFFF
FFFFFF
FFFFFF
FFFFFF
FFFFFF
FFFFFF
FFFFFF
FFFFFF
FFFFFF
FFFFFF
FFFFFF
FFFFFF
FFFFFF
FFFFFF
FFFFFF
FFFFFF
FFFFFF
FFFFFF
FFFFFF
FFFFFF
FFFFFF
FFFFFF
FFFEFF
FFFEFF
FFFEFF
FFFEFF
FFFFFF
FFFFFF
FFFFFF
FFFFFF
FFFEFF
FFFFFF
FFFFFF
FFFFFF
FFFFFF
FFFFFF
FFFFFF
FFFFFF
FFFFFF
FFFFFF
FFFFFF
FFFFFF
FFFFFF
FFFFFF
FFFFFF
FFFFFF
FFFFFF
FFFFFF
FFFFFF
FFFFFF
FFFFFF
FFFFFF
FFFFFF
FFFFFF
FFFFFF
FFFFFF
FFFFFF
FFFFFF
FFFFFF
FFFFFF
FFFFFF
FFFFFF
FFFFFF
FFFFFF
FFFFFF
FFFFFF
FFFFFF
FFFFFF
FFFFFF
FFFFFF
FFFFFF
FFFFFF
FFFFFF
FFFFFF
FFFFFF
FFFFFF
FFFFFF
FFFFFF
FFFFFF
FFFFFF
FFFFFF
FFFFFF
FFFFFF
FFFFFF
FFFFFF
FFFFFF
FFFFFF
FFFFFF
FFFFFF
FFFFFF
FFFFFF
FFFFFF
FFFFFF
FFFFFF
FFFFFF
FFFFFF
FFFFFF
FFFFFF
FFFFFF
FFFFFF
FFFFFF
FFFFFF
FFFFFF
FFFFFF
FFFFFF
FFFFFF
FFFFFF
FFFFFF
FFFFFF
FFFFFF
FFFFFF
FFFFFF
FFFFFF
FFFFFF
FFFFFF
FFFFFF
FFFFFF
FFFFFF
FFFFFF
FFFFFF
FFFFFF
FFFFFF
FFFFFF
FFFFFF
FFFFFF
FFFFFF
FFFFFF
FFFFFF
FFFFFF
FFFFFF
FFFFFF
FFFFFF
FFFFFF
FFFFFF
FFFFFF
FFFFFF
FFFFFF
FFFFFF
FFFFFF
FFFFFF
FFFFFF
FFFFFF
FFFFFF
FFFFFF
FFFFFF
FFFFFF
FFFFFF
FFFFFF
FFFFFF
FFFFFF
FFFFFF
FFFFFF
FFFFFF
FFFFFF
FFFFFF
FFFFFF
FFFFFF
FFFFFF
FFFFFF
FFFFFF
FFFFFF
FFFFFF
FFFFFF
FFFFFF
FFFFFF
FFFFFF
FFFFFF
FFFFFF
FFFFFF
FFFFFF
FFFFFF
FFFFFF
FFFFFF
FFFFFF
FFFFFF
FFFFFF
FFFFFF
FFFFFF
FFFFFF
FFFFFF
FFFFFF
FFFFFF
FFFFFF
FFFFFF
FFFFFF
FFFFFF
FFFFFF
FFFFFF
FFFFFF
FFFFFF
FFFFFF
FFFFFF
FFFFFF
FFFFFF
FFFFFF
FFFFFF
FFFFFF
FFFFFF
FFFFFF
FFFFFF
FFFFFF
FFFFFF
FFFFFF
FFFFFF
FFFFFF
FFFFFF
FFFFFF
FFFFFF
FFFFFF
FFFFFF
FFFFFF
FFFFFF
FFFFFF
FFFFFF
FFFFFF
FFFFFF
FFFFFF
FFFFFF
FFFFFF
FFFFFF
FFFFFF
FFFFFF
FFFFFF
FFFFFF
FFFFFF
FFFFFF
FFFFFF
FFFFFF
FFFFFF
FFFFFF
FFFFFF
FFFFFF
FFFFFF
FFFFFF
FFFFFF
FFFFFF
FFFFFF
FFFFFF
FFFFFF
FFFFFF
FFFFFF
FFFFFF
FFFFFF
FFFFFF
FFFFFF
FFFFFF
FFFFFF
FFFFFF
FFFFFF
FFFFFF
FFFFFF
FFFFFF
FFFFFF
FFFFFF
FFFFFF
FFFFFF
FFFFFF
FFFFFF
FFFFFF
FFFFFF
FFFFFF
FFFFFF
FFFFFF
FFFFFF
FFFFFF
FFFFFF
FFFFFF
FFFFFF
FFFFFF
FFFFFF
FFFFFF
FFFFFF
FFFFFF
FFFFFF
FFFFFF
FFFFFF
FFFFFF
FFFFFF
FFFEFE
FFFEFE
FFFEFE
FFFEFF
FFFFFF
FFFFFF
FFFFFF
FFFFFF
FFFEFF
FFFFFF
FFFFFF
FFFFFF
FFFFFF
FFFFFF
FFFFFF
FFFFFF
FFFFFF
FFFFFF
FFFFFF
FFFFFF
FFFFFF
FFFFFF
FFFFFF
FFFFFF
FFFFFF
FFFFFF
FFFFFF
FFFFFF
FFFFFF
FFFFFF
FFFFFF
FFFFFF
FFFFFF
FFFFFF
FFFFFF
FFFFFF
FFFFFF
FFFFFF
FFFFFF
FFFFFF
FFFFFF
FFFFFF
FFFFFF
FFFFFF
FFFFFF
FFFFFF
FFFFFF
FFFFFF
FFFFFF
FFFFFF
FFFFFF
FFFFFF
FFFFFF
FFFFFF
FFFFFF
FFFFFF
FFFFFF
FFFFFF
FFFFFF
FFFFFF
FFFFFF
FFFFFF
FFFFFF
FFFFFF
FFFFFF
FFFFFF
FFFFFF
FFFFFF
FFFFFF
FFFFFF
FFFFFF
FFFFFF
FFFFFF
FFFFFF
FFFFFF
FFFFFF
FFFFFF
FFFFFF
FFFFFF
FFFFFF
FFFFFF
FFFFFF
FFFFFF
FFFFFF
FFFFFF
FFFFFF
FFFFFF
FFFFFF
FFFFFF
FFFFFF
FFFFFF
FFFFFF
FFFFFF
FFFFFF
FFFFFF
FFFFFF
FFFFFF
FFFFFF
FFFFFF
FFFFFF
FFFFFF
FFFFFF
FFFFFF
FFFFFF
FFFFFF
FFFFFF
FFFFFF
FFFFFF
FFFFFF
FFFFFF
FFFFFF
FFFFFF
FFFFFF
FFFFFF
FFFFFF
FFFFFF
FFFFFF
FFFFFF
FFFFFF
FFFFFF
FFFFFF
FFFFFF
FFFFFF
FFFFFF
FFFFFF
FFFFFF
FFFFFF
FFFFFF
FFFFFF
FFFFFF
FFFFFF
FFFFFF
FFFFFF
FFFFFF
FFFFFF
FFFFFF
FFFFFF
FFFFFF
FFFFFF
FFFFFF
FFFFFF
FFFFFF
FFFFFF
FFFFFF
FFFFFF
FFFFFF
FFFFFF
FFFFFF
FFFFFF
FFFFFF
FFFFFF
FFFFFF
FFFFFF
FFFFFF
FFFFFF
FFFFFF
FFFFFF
FFFFFF
FFFFFF
FFFFFF
FFFFFF
FFFFFF
FFFFFF
FFFFFF
FFFFFF
FFFFFF
FFFFFF
FFFFFF
FFFFFF
FFFFFF
FFFFFF
FFFFFF
FFFFFF
FFFFFF
FFFFFF
FFFFFF
FFFFFF
FFFFFF
FFFFFF
FFFFFF
FFFFFF
FFFFFF
FFFFFF
FFFFFF
FFFFFF
FFFFFF
FFFFFF
FFFFFF
FFFFFF
FFFFFF
FFFFFF
FFFFFF
FFFFFF
FFFFFF
FFFFFF
FFFFFF
FFFFFF
FFFFFF
FFFFFF
FFFFFF
FFFFFF
FFFFFF
FFFFFF
FFFFFF
FFFFFF
FFFFFF
FFFFFF
FFFFFF
FFFFFF
FFFFFF
FFFFFF
FFFFFF
FFFFFF
FFFFFF
FFFFFF
FFFFFF
FFFFFF
FFFFFF
FFFFFF
FFFFFF
FFFFFF
FFFFFF
FFFFFF
FFFFFF
FFFFFF
FFFFFF
FFFFFF
FFFFFF
FFFFFF
FFFFFF
FFFFFF
FFFFFF
FFFFFF
FFFFFF
FFFFFF
FFFFFF
FFFFFF
FFFFFF
FFFFFF
FFFFFF
FFFFFF
FFFFFF
FFFFFF
FFFFFF
FFFFFF
FFFFFF
FFFFFF
FFFFFF
FFFFFF
FFFFFF
FFFFFF
FFFFFF
FFFFFF
FFFFFF
FFFFFF
FFFFFE
FFFFFD
FFFFFD
FFFFFD
FFFFFD
FFFFFF
FFFFFF
FFFFFF
FFFFFE
FFFEFE
FFFFFF
FFFFFF
FFFFFF
FFFFFF
FFFFFF
FFFFFF
FFFFFF
FFFFFF
FFFFFF
FFFFFF
FFFFFF
FFFFFF
FFFFFF
FFFFFF
FFFFFF
FFFFFF
FFFFFF
FFFFFF
FFFFFF
FFFFFF
FFFFFF
FFFFFF
FFFFFF
FFFFFF
FFFFFF
FFFFFF
FFFFFF
FFFFFF
FFFFFF
FFFFFF
FFFFFF
FFFFFF
FFFFFF
FFFFFF
FFFFFF
FFFFFF
FFFFFF
FFFFFF
FFFFFF
FFFFFF
FFFFFF
FFFFFF
FFFFFF
FFFFFF
FFFFFF
FFFFFF
FFFFFF
FFFFFF
FFFFFF
FFFFFF
FFFFFF
FFFFFF
FFFFFF
FFFFFF
FFFFFF
FFFFFF
FFFFFF
FFFFFF
FFFFFF
FFFFFF
FFFFFF
FFFFFF
FFFFFF
FFFFFF
FFFFFF
FFFFFF
FFFFFF
FFFFFF
FFFFFF
FFFFFF
FFFFFF
FFFFFF
FFFFFF
FFFFFF
FFFFFF
FFFFFF
FFFFFF
FFFFFF
FFFFFF
FFFFFF
FFFFFF
FFFFFF
FFFFFF
FFFFFF
FFFFFF
FFFFFF
FFFFFF
FFFFFF
FFFFFF
FFFFFF
FFFFFF
FFFFFF
FFFFFF
FFFFFF
FFFFFF
FFFFFF
FFFFFF
FFFFFF
FFFFFF
FFFFFF
FFFFFF
FFFFFF
FFFFFF
FFFFFF
FFFFFF
FFFFFF
FFFFFF
FFFFFF
FFFFFF
FFFFFF
FFFFFF
FFFFFF
FFFFFF
FFFFFF
FFFFFF
FFFFFF
FFFFFF
FFFFFF
FFFFFF
FFFFFF
FFFFFF
FFFFFF
FFFFFF
FFFFFF
FFFFFF
FFFFFF
FFFFFF
FFFFFF
FFFFFF
FFFFFF
FFFFFF
FFFFFF
FFFFFF
FFFFFF
FFFFFF
FFFFFF
FFFFFF
FFFFFF
FFFFFF
FFFFFF
FFFFFF
FFFFFF
FFFFFF
FFFFFF
FFFFFF
FFFFFF
FFFFFF
FFFFFF
FFFFFF
FFFFFF
FFFFFF
FFFFFF
FFFFFF
FFFFFF
FFFFFF
FFFFFF
FFFFFF
FFFFFF
FFFFFF
FFFFFF
FFFFFF
FFFFFF
FFFFFF
FFFFFF
FFFFFF
FFFFFF
FFFFFF
FFFFFF
FFFFFF
FFFFFF
FFFFFF
FFFFFF
FFFFFF
FFFFFF
FFFFFF
FFFFFF
FFFFFF
FFFFFF
FFFFFF
FFFFFF
FFFFFF
FFFFFF
FFFFFF
FFFFFF
FFFFFF
FFFFFF
FFFFFF
FFFFFF
FFFFFF
FFFFFF
FFFFFF
FFFFFF
FFFFFF
FFFFFF
FFFFFF
FFFFFF
FFFFFF
FFFFFF
FFFFFF
FFFFFF
FFFFFF
FFFFFF
FFFFFF
FFFFFF
FFFFFF
FFFFFF
FFFFFF
FFFFFF
FFFFFF
FFFFFF
FFFFFF
FFFFFF
FFFFFF
FFFFFF
FFFFFF
FFFFFF
FFFFFF
FFFFFF
FFFFFF
FFFFFF
FFFFFF
FFFFFF
FFFFFF
FFFFFF
FFFFFF
FFFFFF
FFFFFF
FFFFFF
FFFFFF
FFFFFF
FFFFFF
FFFFFF
FFFFFF
FFFFFF
FFFFFF
FFFFFF
FFFFFF
FFFFFF
FFFFFF
FFFFFF
FFFFFF
FFFFFF
FFFFFF
FFFFFF
FFFEFF
FFFFFD
FFFFFD
FFFFFD
FFFFFD
FFFEFD
FFFFFE
F5F5F7
B9C2CA
D8DDE1
FFFFFF
FFFFFE
FFFFFD
FFFFFD
FFFFFF
FFFFFF
FFFFFF
FFFFFF
FFFFFF
FFFFFF
FFFFFF
FFFFFF
FFFFFF
FFFFFF
FFFFFF
FFFFFF
FFFFFF
FFFFFF
FFFFFF
FFFFFF
FFFFFF
FFFFFF
FFFFFF
FFFFFF
FFFFFF
FFFFFF
FFFFFF
FFFFFF
FFFFFF
FFFFFF
FFFFFF
FFFFFF
FFFFFF
FFFFFF
FFFFFF
FFFFFF
FFFFFF
FFFFFF
FFFFFF
FFFFFF
FFFFFF
FFFFFF
FFFFFF
FFFFFF
FFFFFF
FFFFFF
FFFFFF
FFFFFF
FFFFFF
FFFFFF
FFFFFF
FFFFFF
FFFFFF
FFFFFF
FFFFFF
FFFFFF
FFFFFF
FFFFFF
FFFFFF
FFFFFF
FFFFFF
FFFFFF
FFFFFF
FFFFFF
FFFFFF
FFFFFF
FFFFFF
FFFFFF
FFFFFF
FFFFFF
FFFFFF
FFFFFF
FFFFFF
FFFFFF
FFFFFF
FFFFFF
FFFFFF
FFFFFF
FFFFFF
FFFFFF
FFFFFF
FFFFFF
FFFFFF
FFFFFF
FFFFFF
FFFFFF
FFFFFF
FFFFFF
FFFFFF
FFFFFF
FFFFFF
FFFFFF
FFFFFF
FFFFFF
FFFFFF
FFFFFF
FFFFFF
FFFFFF
FFFFFF
FFFFFF
FFFFFF
FFFFFF
FFFFFF
FFFFFF
FFFFFF
FFFFFF
FFFFFF
FFFFFF
FFFFFF
FFFFFF
FFFFFF
FFFFFF
FFFFFF
FFFFFF
FFFFFF
FFFFFF
FFFFFF
FFFFFF
FFFFFF
FFFFFF
FFFFFF
FFFFFF
FFFFFF
FFFFFF
FFFFFF
FFFFFF
FFFFFF
FFFFFF
FFFFFF
FFFFFF
FFFFFF
FFFFFF
FFFFFF
FFFFFF
FFFFFF
FFFFFF
FFFFFF
FFFFFF
FFFFFF
FFFFFF
FFFFFF
FFFFFF
FFFFFF
FFFFFF
FFFFFF
FFFFFF
FFFFFF
FFFFFF
FFFFFF
FFFFFF
FFFFFF
FFFFFF
FFFFFF
FFFFFF
FFFFFF
FFFFFF
FFFFFF
FFFFFF
FFFFFF
FFFFFF
FFFFFF
FFFFFF
FFFFFF
FFFFFF
FFFFFF
FFFFFF
FFFFFF
FFFFFF
FFFFFF
FFFFFF
FFFFFF
FFFFFF
FFFFFF
FFFFFF
FFFFFF
FFFFFF
FFFFFF
FFFFFF
FFFFFF
FFFFFF
FFFFFF
FFFFFF
FFFFFF
FFFFFF
FFFFFF
FFFFFF
FFFFFF
FFFFFF
FFFFFF
FFFFFF
FFFFFF
FFFFFF
FFFFFF
FFFFFF
FFFFFF
FFFFFF
FFFFFF
FFFFFF
FFFFFF
FFFFFF
FFFFFF
FFFFFF
FFFFFF
FFFFFF
FFFFFF
FFFFFF
FFFFFF
FFFFFF
FFFFFF
FFFFFF
FFFFFF
FFFFFF
FFFFFF
FFFFFF
FFFFFF
FFFFFF
FFFFFF
FFFFFF
FFFFFF
FFFFFF
FFFFFF
FFFFFF
FFFFFF
FFFFFF
FFFFFF
FFFFFF
FFFFFF
FFFFFF
FFFFFF
FFFFFF
FFFFFF
FFFFFF
FFFFFF
FFFFFF
FFFFFF
FFFFFF
FFFFFF
FFFFFF
FFFFFF
FFFFFF
FFFFFF
FFFFFF
FFFFFF
FFFFFF
FFFFFF
FFFFFF
FFFEFF
FFFFFD
FFFFFC
FFFFFB
FFFFFB
FFFEFC
FBFBFB
8D9AA7
546A7D
617485
B5C0C9
FEFEFF
FFFFFC
FFFFFE
FFFFFF
FFFFFF
FFFFFF
FFFFFF
FFFFFF
FFFFFF
FFFFFF
FFFFFF
FFFFFF
FFFFFF
FFFFFF
FFFFFF
FFFFFF
FFFFFF
FFFFFF
FFFFFF
FFFFFF
FFFFFF
FFFFFF
FFFFFF
FFFFFF
FFFFFF
FFFFFF
FFFFFF
FFFFFF
FFFFFF
FFFFFF
FFFFFF
FFFFFF
FFFFFF
FFFFFF
FFFFFF
FFFFFF
FFFFFF
FFFFFF
FFFFFF
FFFFFF
FFFFFF
FFFFFF
FFFFFF
FFFFFF
FFFFFF
FFFFFF
FFFFFF
FFFFFF
FFFFFF
FFFFFF
FFFFFF
FFFFFF
FFFFFF
FFFFFF
FFFFFF
FFFFFF
FFFFFF
FFFFFF
FFFFFF
FFFFFF
FFFFFF
FFFFFF
FFFFFF
FFFFFF
FFFFFF
FFFFFF
FFFFFF
FFFFFF
FFFFFF
FFFFFF
FFFFFF
FFFFFF
FFFFFF
FFFFFF
FFFFFF
FFFFFF
FFFFFF
FFFFFF
FFFFFF
FFFFFF
FFFFFF
FFFFFF
FFFFFF
FFFFFF
FFFFFF
FFFFFF
FFFFFF
FFFFFF
FFFFFF
FFFFFF
FFFFFF
FFFFFF
FFFFFF
FFFFFF
FFFFFF
FFFFFF
FFFFFF
FFFFFF
FFFFFF
FFFFFF
FFFFFF
FFFFFF
FFFFFF
FFFFFF
FFFFFF
FFFFFF
FFFFFF
FFFFFF
FFFFFF
FFFFFF
FFFFFF
FFFFFF
FFFFFF
FFFFFF
FFFFFF
FFFFFF
FFFFFF
FFFFFF
FFFFFF
FFFFFF
FFFFFF
FFFFFF
FFFFFF
FFFFFF
FFFFFF
FFFFFF
FFFFFF
FFFFFF
FFFFFF
FFFFFF
FFFFFF
FFFFFF
FFFFFF
FFFFFF
FFFFFF
FFFFFF
FFFFFF
FFFFFF
FFFFFF
FFFFFF
FFFFFF
FFFFFF
FFFFFF
FFFFFF
FFFFFF
FFFFFF
FFFFFF
FFFFFF
FFFFFF
FFFFFF
FFFFFF
FFFFFF
FFFFFF
FFFFFF
FFFFFF
FFFFFF
FFFFFF
FFFFFF
FFFFFF
FFFFFF
FFFFFF
FFFFFF
FFFFFF
FFFFFF
FFFFFF
FFFFFF
FFFFFF
FFFFFF
FFFFFF
FFFFFF
FFFFFF
FFFFFF
FFFFFF
FFFFFF
FFFFFF
FFFFFF
FFFFFF
FFFFFF
FFFFFF
FFFFFF
FFFFFF
FFFFFF
FFFFFF
FFFFFF
FFFFFF
FFFFFF
FFFFFF
FFFFFF
FFFFFF
FFFFFF
FFFFFF
FFFFFF
FFFFFF
FFFFFF
FFFFFF
FFFFFF
FFFFFF
FFFFFF
FFFFFF
FFFFFF
FFFFFF
FFFFFF
FFFFFF
FFFFFF
FFFFFF
FFFFFF
FFFFFF
FFFFFF
FFFFFF
FFFFFF
FFFFFF
FFFFFF
FFFFFF
FFFFFF
FFFFFF
FFFFFF
FFFFFF
FFFFFF
FFFFFF
FFFFFF
FFFFFF
FFFFFF
FFFFFF
FFFFFF
FFFFFF
FFFFFF
FFFFFF
FFFFFF
FFFFFF
FFFFFF
FFFFFF
FFFFFF
FFFFFF
FFFFFF
FFFFFF
FFFFFF
FFFFFF
FFFFFF
FFFFFF
FFFFFF
FFFFFF
FFFFFF
FFFFFF
FFFFFF
FFFEFF
FFFEFF
FFFFFD
FFFFFC
FFFFFC
FFFFFF
FFFFFF
B6C0C9
4E677D
516D85
546E86
586F82
BEC8D0
FFFFFF
FFFFFE
FFFFFF
FFFFFF
FFFFFF
FFFFFF
FFFFFF
FFFFFF
FFFFFF
FFFFFF
FFFFFF
FFFFFF
FFFFFF
FFFFFF
FFFFFF
FFFFFF
FFFFFF
FFFFFF
FFFFFF
FFFFFF
FFFFFF
FFFFFF
FFFFFF
FFFFFF
FFFFFF
FFFFFF
FFFFFF
FFFFFF
FFFFFF
FFFFFF
FFFFFF
FFFFFF
FFFFFF
FFFFFF
FFFFFF
FFFFFF
FFFFFF
FFFFFF
FFFFFF
FFFFFF
FFFFFF
FFFFFF
FFFFFF
FFFFFF
FFFFFF
FFFFFF
FFFFFF
FFFFFF
FFFFFF
FFFFFF
FFFFFF
FFFFFF
FFFFFF
FFFFFF
FFFFFF
FFFFFF
FFFFFF
FFFFFF
FFFFFF
FFFFFF
FFFFFF
FFFFFF
FFFFFF
FFFFFF
FFFFFF
FFFFFF
FFFFFF
FFFFFF
FFFFFF
FFFFFF
FFFFFF
FFFFFF
FFFFFF
FFFFFF
FFFFFF
FFFFFF
FFFFFF
FFFFFF
FFFFFF
FFFFFF
FFFFFF
FFFFFF
FFFFFF
FFFFFF
FFFFFF
FFFFFF
FFFFFF
FFFFFF
FFFFFF
FFFFFF
FFFFFF
FFFFFF
FFFFFF
FFFFFF
FFFFFF
FFFFFF
FFFFFF
FFFFFF
FFFFFF
FFFFFF
FFFFFF
FFFFFF
FFFFFF
FFFFFF
FFFFFF
FFFFFF
FFFFFF
FFFFFF
FFFFFF
FFFFFF
FFFFFF
FFFFFF
FFFFFF
FFFFFF
FFFFFF
FFFFFF
FFFFFF
FFFFFF
FFFFFF
FFFFFF
FFFFFF
FFFFFF
FFFFFF
FFFFFF
FFFFFF
FFFFFF
FFFFFF
FFFFFF
FFFFFF
FFFFFF
FFFFFF
FFFFFF
FFFFFF
FFFFFF
FFFFFF
FFFFFF
FFFFFF
FFFFFF
FFFFFF
FFFFFF
FFFFFF
FFFFFF
FFFFFF
FFFFFF
FFFFFF
FFFFFF
FFFFFF
FFFFFF
FFFFFF
FFFFFF
FFFFFF
FFFFFF
FFFFFF
FFFFFF
FFFFFF
FFFFFF
FFFFFF
FFFFFF
FFFFFF
FFFFFF
FFFFFF
FFFFFF
FFFFFF
FFFFFF
FFFFFF
FFFFFF
FFFFFF
FFFFFF
FFFFFF
FFFFFF
FFFFFF
FFFFFF
FFFFFF
FFFFFF
FFFFFF
FFFFFF
FFFFFF
FFFFFF
FFFFFF
FFFFFF
FFFFFF
FFFFFF
FFFFFF
FFFFFF
FFFFFF
FFFFFF
FFFFFF
FFFFFF
FFFFFF
FFFFFF
FFFFFF
FFFFFF
FFFFFF
FFFFFF
FFFFFF
FFFFFF
FFFFFF
FFFFFF
FFFFFF
FFFFFF
FFFFFF
FFFFFF
FFFFFF
FFFFFF
FFFFFF
FFFFFF
FFFFFF
FFFFFF
FFFFFF
FFFFFF
FFFFFF
FFFFFF
FFFFFF
FFFFFF
FFFFFF
FFFFFF
FFFFFF
FFFFFF
FFFFFF
FFFFFF
FFFFFF
FFFFFF
FFFFFF
FFFFFF
FFFFFF
FFFFFF
FFFFFF
FFFFFF
FFFFFF
FFFFFF
FFFFFF
FFFFFF
FFFFFF
FFFFFF
FFFFFF
FFFFFF
FFFFFF
FFFFFF
FFFFFF
FFFFFF
FFFFFF
FFFFFF
FFFFFF
FFFEFE
FFFEFE
FFFFFD
FFFFFE
F0F2F4
C6CDD4
B6BFC8
5C7185
516D85
557188
587289
547187
677D8E
D0D6DB
FFFFFF
FFFFFF
FFFFFF
FFFFFF
FFFFFF
FFFFFF
FFFFFF
FFFFFF
FFFFFF
FFFFFF
FFFFFF
FFFFFF
FFFFFF
FFFFFF
FFFFFF
FFFFFF
FFFFFF
FFFFFF
FFFFFF
FFFFFF
FFFFFF
FFFFFF
FFFFFF
FFFFFF
FFFFFF
FFFFFF
FFFFFF
FFFFFF
FFFFFF
FFFFFF
FFFFFF
FFFFFF
FFFFFF
FFFFFF
FFFFFF
FFFFFF
FFFFFF
FFFFFF
FFFFFF
FFFFFF
FFFFFF
FFFFFF
FFFFFF
FFFFFF
FFFFFF
FFFFFF
FFFFFF
FFFFFF
FFFFFF
FFFFFF
FFFFFF
FFFFFF
FFFFFF
FFFFFF
FFFFFF
FFFFFF
FFFFFF
FFFFFF
FFFFFF
FFFFFF
FFFFFF
FFFFFF
FFFFFF
FFFFFF
FFFFFF
FFFFFF
FFFFFF
FFFFFF
FFFFFF
FFFFFF
FFFFFF
FFFFFF
FFFFFF
FFFFFF
FFFFFF
FFFFFF
FFFFFF
FFFFFF
FFFFFF
FFFFFF
FFFFFF
FFFFFF
FFFFFF
FFFFFF
FFFFFF
FFFFFF
FFFFFF
FFFFFF
FFFFFF
FFFFFF
FFFFFF
FFFFFF
FFFFFF
FFFFFF
FFFFFF
FFFFFF
FFFFFF
FFFFFF
FFFFFF
FFFFFF
FFFFFF
FFFFFF
FFFFFF
FFFFFF
FFFFFF
FFFFFF
FFFFFF
FFFFFF
FFFFFF
FFFFFF
FFFFFF
FFFFFF
FFFFFF
FFFFFF
FFFFFF
FFFFFF
FFFFFF
FFFFFF
FFFFFF
FFFFFF
FFFFFF
FFFFFF
FFFFFF
FFFFFF
FFFFFF
FFFFFF
FFFFFF
FFFFFF
FFFFFF
FFFFFF
FFFFFF
FFFFFF
FFFFFF
FFFFFF
FFFFFF
FFFFFF
FFFFFF
FFFFFF
FFFFFF
FFFFFF
FFFFFF
FFFFFF
FFFFFF
FFFFFF
FFFFFF
FFFFFF
FFFFFF
FFFFFF
FFFFFF
FFFFFF
FFFFFF
FFFFFF
FFFFFF
FFFFFF
FFFFFF
FFFFFF
FFFFFF
FFFFFF
FFFFFF
FFFFFF
FFFFFF
FFFFFF
FFFFFF
FFFFFF
FFFFFF
FFFFFF
FFFFFF
FFFFFF
FFFFFF
FFFFFF
FFFFFF
FFFFFF
FFFFFF
FFFFFF
FFFFFF
FFFFFF
FFFFFF
FFFFFF
FFFFFF
FFFFFF
FFFFFF
FFFFFF
FFFFFF
FFFFFF
FFFFFF
FFFFFF
FFFFFF
FFFFFF
FFFFFF
FFFFFF
FFFFFF
FFFFFF
FFFFFF
FFFFFF
FFFFFF
FFFFFF
FFFFFF
FFFFFF
FFFFFF
FFFFFF
FFFFFF
FFFFFF
FFFFFF
FFFFFF
FFFFFF
FFFFFF
FFFFFF
FFFFFF
FFFFFF
FFFFFF
FFFFFF
FFFFFF
FFFFFF
FFFFFF
FFFFFF
FFFFFF
FFFFFF
FFFFFF
FFFFFF
FFFFFF
FFFFFF
FFFFFF
FFFFFF
FFFFFF
FFFFFF
FFFFFF
FFFFFF
FFFFFF
FFFFFF
FFFFFF
FFFFFF
FFFFFF
FFFFFF
FFFFFF
FFFFFF
FFFFFF
FFFFFF
FFFFFF
FFFFFF
FFFFFF
FFFFFF
FFFFFF
FFFFFD
FFFEFC
FFFEFB
FFFFFF
94A3AF
556D82
587085
546D84
556F86
5C768C
587289
57748A
59748A
7C8E9D
E3E4E5
FFFFFF
FFFFFF
FEFFFF
FEFFFF
FEFFFF
FEFFFF
FEFFFF
FFFFFF
FFFFFF
FFFFFF
FFFFFF
FFFFFF
FFFFFF
FFFFFF
FFFFFF
FFFFFF
FFFFFF
FFFFFF
FFFFFF
FFFFFF
FFFFFF
FFFFFF
FFFFFF
FFFFFF
FFFFFF
FFFFFF
FFFFFF
FFFFFF
FFFFFF
FFFFFF
FFFFFF
FFFFFF
FFFFFF
FFFFFF
FFFFFF
FFFFFF
FFFFFF
FFFFFF
FFFFFF
FFFFFF
FFFFFF
FFFFFF
FFFFFF
FFFFFF
FFFFFF
FFFFFF
FFFFFF
FFFFFF
FFFFFF
FFFFFF
FFFFFF
FFFFFF
FFFFFF
FFFFFF
FFFFFF
FFFFFF
FFFFFF
FFFFFF
FFFFFF
FFFFFF
FFFFFF
FFFFFF
FFFFFF
FFFFFF
FFFFFF
FFFFFF
FFFFFF
FFFFFF
FFFFFF
FFFFFF
FFFFFF
FFFFFF
FFFFFF
FFFFFF
FFFFFF
FFFFFF
FFFFFF
FFFFFF
FFFFFF
FFFFFF
FFFFFF
FFFFFF
FFFFFF
FFFFFF
FFFFFF
FFFFFF
FFFFFF
FFFFFF
FFFFFF
FFFFFF
FFFFFF
FFFFFF
FFFFFF
FFFFFF
FFFFFF
FFFFFF
FFFFFF
FFFFFF
FFFFFF
FFFFFF
FFFFFF
FFFFFF
FFFFFF
FFFFFF
FFFFFF
FFFFFF
FFFFFF
FFFFFF
FFFFFF
FFFFFF
FFFFFF
FFFFFF
FFFFFF
FFFFFF
FFFFFF
FFFFFF
FFFFFF
FFFFFF
FFFFFF
FFFFFF
FFFFFF
FFFFFF
FFFFFF
FFFFFF
FFFFFF
FFFFFF
FFFFFF
FFFFFF
FFFFFF
FFFFFF
FFFFFF
FFFFFF
FFFFFF
FFFFFF
FFFFFF
FFFFFF
FFFFFF
FFFFFF
FFFFFF
FFFFFF
FFFFFF
FFFFFF
FFFFFF
FFFFFF
FFFFFF
FFFFFF
FFFFFF
FFFFFF
FFFFFF
FFFFFF
FFFFFF
FFFFFF
FFFFFF
FFFFFF
FFFFFF
FFFFFF
FFFFFF
FFFFFF
FFFFFF
FFFFFF
FFFFFF
FFFFFF
FFFFFF
FFFFFF
FFFFFF
FFFFFF
FFFFFF
FFFFFF
FFFFFF
FFFFFF
FFFFFF
FFFFFF
FFFFFF
FFFFFF
FFFFFF
FFFFFF
FFFFFF
FFFFFF
FFFFFF
FFFFFF
FFFFFF
FFFFFF
FFFFFF
FFFFFF
FFFFFF
FFFFFF
FFFFFF
FFFFFF
FFFFFF
FFFFFF
FFFFFF
FFFFFF
FFFFFF
FFFFFF
FFFFFF
FFFFFF
FFFFFF
FFFFFF
FFFFFF
FFFFFF
FFFFFF
FFFFFF
FFFFFF
FFFFFF
FFFFFF
FFFFFF
FFFFFF
FFFFFF
FFFFFF
FFFFFF
FFFFFF
FFFFFF
FFFFFF
FFFFFF
FFFFFF
FFFFFF
FFFFFF
FFFFFF
FFFFFF
FFFFFF
FFFFFF
FFFFFF
FFFFFF
FFFFFF
FFFFFF
FFFFFF
FFFFFF
FFFFFF
FFFFFF
FFFFFF
FFFFFF
FFFFFF
FFFFFE
FFFFFD
FFFFFD
FFFFFD
FFFEFD
FCFEFE
D1D4D9
E8EAED
FFFFFF
FFFDFB
FFFDF9
FFFFFF
CCD3D8
556C7F
5F7A90
5A758C
546F86
567087
587388
59738A
5C768D
5A758C
657B8D
909398
DAD9D8
C3C6C9
FAFFFE
FDFFFF
FCFFFF
FCFFFF
FEFFFF
FEFFFF
FEFFFF
FEFFFF
FFFFFF
FFFFFF
FFFFFF
FFFFFF
FFFFFF
FFFFFF
FFFFFF
FFFFFF
FFFFFF
FFFFFF
FFFFFF
FFFFFF
FFFFFF
FFFFFF
FFFFFF
FFFFFF
FFFFFF
FFFFFF
FFFFFF
FFFFFF
FFFFFF
FFFFFF
FFFFFF
FFFFFF
FFFFFF
FFFFFF
FFFFFF
FFFFFF
FFFFFF
FFFFFF
FFFFFF
FFFFFF
FFFFFF
FFFFFF
FFFFFF
FFFFFF
FFFFFF
FFFFFF
FFFFFF
FFFFFF
FFFFFF
FFFFFF
FFFFFF
FFFFFF
FFFFFF
FFFFFF
FFFFFF
FFFFFF
FFFFFF
FFFFFF
FFFFFF
FFFFFF
FFFFFF
FFFFFF
FFFFFF
FFFFFF
FFFFFF
FFFFFF
FFFFFF
FFFFFF
FFFFFF
FFFFFF
FFFFFF
FFFFFF
FFFFFF
FFFFFF
FFFFFF
FFFFFF
FFFFFF
FFFFFF
FFFFFF
FFFFFF
FFFFFF
FFFFFF
FFFFFF
FFFFFF
FFFFFF
FFFFFF
FFFFFF
FFFFFF
FFFFFF
FFFFFF
FFFFFF
FFFFFF
FFFFFF
FFFFFF
FFFFFF
FFFFFF
FFFFFF
FFFFFF
FFFFFF
FFFFFF
FFFFFF
FFFFFF
FFFFFF
FFFFFF
FFFFFF
FFFFFF
FFFFFF
FFFFFF
FFFFFF
FFFFFF
FFFFFF
FFFFFF
FFFFFF
FFFFFF
FFFFFF
FFFFFF
FFFFFF
FFFFFF
FFFFFF
FFFFFF
FFFFFF
FFFFFF
FFFFFF
FFFFFF
FFFFFF
FFFFFF
FFFFFF
FFFFFF
FFFFFF
FFFFFF
FFFFFF
FFFFFF
FFFFFF
FFFFFF
FFFFFF
FFFFFF
FFFFFF
FFFFFF
FFFFFF
FFFFFF
FFFFFF
FFFFFF
FFFFFF
FFFFFF
FFFFFF
FFFFFF
FFFFFF
FFFFFF
FFFFFF
FFFFFF
FFFFFF
FFFFFF
FFFFFF
FFFFFF
FFFFFF
FFFFFF
FFFFFF
FFFFFF
FFFFFF
FFFFFF
FFFFFF
FFFFFF
FFFFFF
FFFFFF
FFFFFF
FFFFFF
FFFFFF
FFFFFF
FFFFFF
FFFFFF
FFFFFF
FFFFFF
FFFFFF
FFFFFF
FFFFFF
FFFFFF
FFFFFF
FFFFFF
FFFFFF
FFFFFF
FFFFFF
FFFFFF
FFFFFF
FFFFFF
FFFFFF
FFFFFF
FFFFFF
FFFFFF
FFFFFF
FFFFFF
FFFFFF
FFFFFF
FFFFFF
FFFFFF
FFFFFF
FFFFFF
FFFFFF
FFFFFF
FFFFFF
FFFFFF
FFFFFF
FFFFFF
FFFFFF
FFFFFF
FFFFFF
FFFFFF
FFFFFF
FFFFFF
FFFFFF
FFFFFF
FFFFFF
FFFFFF
FFFFFF
FFFFFF
FFFFFF
FFFFFF
FFFFFF
FFFFFF
FFFFFF
FFFFFF
FFFFFF
FFFFFF
FFFFFF
FFFFFF
FFFFFF
FFFFFF
FFFFFF
FFFFFF
FFFFFF
FFFFFF
FFFFFE
FFFFFD
FFFFFD
FFFFFC
FFFFFF
B8C3CB
5E6F7C
788690
D5DFE5
FFFEFD
FFFEFB
E9ECEE
798C99
577187
5B768C
567087
536E85
5A748B
567087
5C768D
607A91
5B758C
6C8194
878E96
646B76
545F67
C1CBC9
FEFFFF
FBFFFF
FCFFFF
FCFFFF
FEFFFF
FEFFFF
FEFFFF
FFFFFF
FFFFFF
FFFFFF
FFFFFF
FFFFFF
FFFFFF
FFFFFF
FFFFFF
FFFFFF
FFFFFF
FFFFFF
FFFFFF
FFFFFF
FFFFFF
FFFFFF
FFFFFF
FFFFFF
FFFFFF
FFFFFF
FFFFFF
FFFFFF
FFFFFF
FFFFFF
FFFFFF
FFFFFF
FFFFFF
FFFFFF
FFFFFF
FFFFFF
FFFFFF
FFFFFF
FFFFFF
FFFFFF
FFFFFF
FFFFFF
FFFFFF
FFFFFF
FFFFFF
FFFFFF
FFFFFF
FFFFFF
FFFFFF
FFFFFF
FFFFFF
FFFFFF
FFFFFF
FFFFFF
FFFFFF
FFFFFF
FFFFFF
FFFFFF
FFFFFF
FFFFFF
FFFFFF
FFFFFF
FFFFFF
FFFFFF
FFFFFF
FFFFFF
FFFFFF
FFFFFF
FFFFFF
FFFFFF
FFFFFF
FFFFFF
FFFFFF
FFFFFF
FFFFFF
FFFFFF
FFFFFF
FFFFFF
FFFFFF
FFFFFF
FFFFFF
FFFFFF
FFFFFF
FFFFFF
FFFFFF
FFFFFF
FFFFFF
FFFFFF
FFFFFF
FFFFFF
FFFFFF
FFFFFF
FFFFFF
FFFFFF
FFFFFF
FFFFFF
FFFFFF
FFFFFF
FFFFFF
FFFFFF
FFFFFF
FFFFFF
FFFFFF
FFFFFF
FFFFFF
FFFFFF
FFFFFF
FFFFFF
FFFFFF
FFFFFF
FFFFFF
FFFFFF
FFFFFF
FFFFFF
FFFFFF
FFFFFF
FFFFFF
FFFFFF
FFFFFF
FFFFFF
FFFFFF
FFFFFF
FFFFFF
FFFFFF
FFFFFF
FFFFFF
FFFFFF
FFFFFF
FFFFFF
FFFFFF
FFFFFF
FFFFFF
FFFFFF
FFFFFF
FFFFFF
FFFFFF
FFFFFF
FFFFFF
FFFFFF
FFFFFF
FFFFFF
FFFFFF
FFFFFF
FFFFFF
FFFFFF
FFFFFF
FFFFFF
FFFFFF
FFFFFF
FFFFFF
FFFFFF
FFFFFF
FFFFFF
FFFFFF
FFFFFF
FFFFFF
FFFFFF
FFFFFF
FFFFFF
FFFFFF
FFFFFF
FFFFFF
FFFFFF
FFFFFF
FFFFFF
FFFFFF
FFFFFF
FFFFFF
FFFFFF
FFFFFF
FFFFFF
FFFFFF
FFFFFF
FFFFFF
FFFFFF
FFFFFF
FFFFFF
FFFFFF
FFFFFF
FFFFFF
FFFFFF
FFFFFF
FFFFFF
FFFFFF
FFFFFF
FFFFFF
FFFFFF
FFFFFF
FFFFFF
FFFFFF
FFFFFF
FFFFFF
FFFFFF
FFFFFF
FFFFFF
FFFFFF
FFFFFF
FFFFFF
FFFFFF
FFFFFF
FFFFFF
FFFFFF
FFFFFF
FFFFFF
FFFFFF
FFFFFF
FFFFFF
FFFFFF
FFFFFF
FFFFFF
FFFFFF
FFFFFF
FFFFFF
FFFFFF
FFFFFF
FFFFFF
FFFFFF
FFFFFF
FFFFFF
FFFFFF
FFFFFF
FFFFFF
FFFFFF
FFFFFF
FFFEFF
FFFEFF
FFFEFF
FFFFFF
FFFFFF
FFFFFE
FFFFFD
FFFFFD
FFFFFF
BECAD3
617688
5D7486
5D7384
6B7E8D
CAD1D7
B7BEC4
6F7E8C
587083
5A748A
5C768D
59738A
577188
59738A
577188
5E788F
617B92
5C768E
6A8093
83909C
49596B
51606A
788382
EAEFF0
FEFFFF
FBFFFF
FCFFFF
FEFFFF
FEFFFF
FEFFFF
FFFFFF
FFFFFF
FFFFFF
FFFFFF
FFFFFF
FFFFFF
FFFFFF
FFFFFF
FFFFFF
FFFFFF
FFFFFF
FFFFFF
FFFFFF
FFFFFF
FFFFFF
FFFFFF
FFFFFF
FFFFFF
FFFFFF
FFFFFF
FFFFFF
FFFFFF
FFFFFF
FFFFFF
FFFFFF
FFFFFF
FFFFFF
FFFFFF
FFFFFF
FFFFFF
FFFFFF
FFFFFF
FFFFFF
FFFFFF
FFFFFF
FFFFFF
FFFFFF
FFFFFF
FFFFFF
FFFFFF
FFFFFF
FFFFFF
FFFFFF
FFFFFF
FFFFFF
FFFFFF
FFFFFF
FFFFFF
FFFFFF
FFFFFF
FFFFFF
FFFFFF
FFFFFF
FFFFFF
FFFFFF
FFFFFF
FFFFFF
FFFFFF
FFFFFF
FFFFFF
FFFFFF
FFFFFF
FFFFFF
FFFFFF
FFFFFF
FFFFFF
FFFFFF
FFFFFF
FFFFFF
FFFFFF
FFFFFF
FFFFFF
FFFFFF
FFFFFF
FFFFFF
FFFFFF
FFFFFF
FFFFFF
FFFFFF
FFFFFF
FFFFFF
FFFFFF
FFFFFF
FFFFFF
FFFFFF
FFFFFF
FFFFFF
FFFFFF
FFFFFF
FFFFFF
FFFFFF
FFFFFF
FFFFFF
FFFFFF
FFFFFF
FFFFFF
FFFFFF
FFFFFF
FFFFFF
FFFFFF
FFFFFF
FFFFFF
FFFFFF
FFFFFF
FFFFFF
FFFFFF
FFFFFF
FFFFFF
FFFFFF
FFFFFF
FFFFFF
FFFFFF
FFFFFF
FFFFFF
FFFFFF
FFFFFF
FFFFFF
FFFFFF
FFFFFF
FFFFFF
FFFFFF
FFFFFF
FFFFFF
FFFFFF
FFFFFF
FFFFFF
FFFFFF
FFFFFF
FFFFFF
FFFFFF
FFFFFF
FFFFFF
FFFFFF
FFFFFF
FFFFFF
FFFFFF
FFFFFF
FFFFFF
FFFFFF
FFFFFF
FFFFFF
FFFFFF
FFFFFF
FFFFFF
FFFFFF
FFFFFF
FFFFFF
FFFFFF
FFFFFF
FFFFFF
FFFFFF
FFFFFF
FFFFFF
FFFFFF
FFFFFF
FFFFFF
FFFFFF
FFFFFF
FFFFFF
FFFFFF
FFFFFF
FFFFFF
FFFFFF
FFFFFF
FFFFFF
FFFFFF
FFFFFF
FFFFFF
FFFFFF
FFFFFF
FFFFFF
FFFFFF
FFFFFF
FFFFFF
FFFFFF
FFFFFF
FFFFFF
FFFFFF
FFFFFF
FFFFFF
FFFFFF
FFFFFF
FFFFFF
FFFFFF
FFFFFF
FFFFFF
FFFFFF
FFFFFF
FFFFFF
FFFFFF
FFFFFF
FFFFFF
FFFFFF
FFFFFF
FFFFFF
FFFFFF
FFFFFF
FFFFFF
FFFFFF
FFFFFF
FFFFFF
FFFFFF
FFFFFF
FFFFFF
FFFFFF
FFFFFF
FFFFFF
FFFFFF
FFFFFF
FFFFFF
FFFFFF
FFFFFF
FFFFFF
FFFFFF
FFFFFF
FFFFFF
FFFFFF
FFFEFF
FFFEFF
FFFEFF
FFFFFF
FFFFFF
FFFFFE
FFFFFE
FFFFFF
BAC6CF
5E7587
5A7286
5B7284
6F8799
6D8497
708191
66798A
577084
567084
5A738B
587289
587289
59738A
5B758C
5A748B
5D778E
5D778F
5F798F
62788C
536676
4B5D6E
5F6E79
717A7D
A4A9AC
F5F9F8
FDFFFF
FCFFFF
FEFFFF
FEFFFF
FEFFFF
FFFFFF
FFFFFF
FFFFFF
FFFFFF
FFFFFF
FFFFFF
FFFFFF
FFFFFF
FFFFFF
FFFFFF
FFFFFF
FFFFFF
FFFFFF
FFFFFF
FFFFFF
FFFFFF
FFFFFF
FFFFFF
FFFFFF
FFFFFF
FFFFFF
FFFFFF
FFFFFF
FFFFFF
FFFFFF
FFFFFF
FFFFFF
FFFFFF
FFFFFF
FFFFFF
FFFFFF
FFFFFF
FFFFFF
FFFFFF
FFFFFF
FFFFFF
FFFFFF
FFFFFF
FFFFFF
FFFFFF
FFFFFF
FFFFFF
FFFFFF
FFFFFF
FFFFFF
FFFFFF
FFFFFF
FFFFFF
FFFFFF
FFFFFF
FFFFFF
FFFFFF
FFFFFF
FFFFFF
FFFFFF
FFFFFF
FFFFFF
FFFFFF
FFFFFF
FFFFFF
FFFFFF
FFFFFF
FFFFFF
FFFFFF
FFFFFF
FFFFFF
FFFFFF
FFFFFF
FFFFFF
FFFFFF
FFFFFF
FFFFFF
FFFFFF
FFFFFF
FFFFFF
FFFFFF
FFFFFF
FFFFFF
FFFFFF
FFFFFF
FFFFFF
FFFFFF
FFFFFF
FFFFFF
FFFFFF
FFFFFF
FFFFFF
FFFFFF
FFFFFF
FFFFFF
FFFFFF
FFFFFF
FFFFFF
FFFFFF
FFFFFF
FFFFFF
FFFFFF
FFFFFF
FFFFFF
FFFFFF
FFFFFF
FFFFFF
FFFFFF
FFFFFF
FFFFFF
FFFFFF
FFFFFF
FFFFFF
FFFFFF
FFFFFF
FFFFFF
FFFFFF
FFFFFF
FFFFFF
FFFFFF
FFFFFF
FFFFFF
FFFFFF
FFFFFF
FFFFFF
FFFFFF
FFFFFF
FFFFFF
FFFFFF
FFFFFF
FFFFFF
FFFFFF
FFFFFF
FFFFFF
FFFFFF
FFFFFF
FFFFFF
FFFFFF
FFFFFF
FFFFFF
FFFFFF
FFFFFF
FFFFFF
FFFFFF
FFFFFF
FFFFFF
FFFFFF
FFFFFF
FFFFFF
FFFFFF
FFFFFF
FFFFFF
FFFFFF
FFFFFF
FFFFFF
FFFFFF
FFFFFF
FFFFFF
FFFFFF
FFFFFF
FFFFFF
FFFFFF
FFFFFF
FFFFFF
FFFFFF
FFFFFF
FFFFFF
FFFFFF
FFFFFF
FFFFFF
FFFFFF
FFFFFF
FFFFFF
FFFFFF
FFFFFF
FFFFFF
FFFFFF
FFFFFF
FFFFFF
FFFFFF
FFFFFF
FFFFFF
FFFFFF
FFFFFF
FFFFFF
FFFFFF
FFFFFF
FFFFFF
FFFFFF
FFFFFF
FFFFFF
FFFFFF
FFFFFF
FFFFFF
FFFFFF
FFFFFF
FFFFFF
FFFFFF
FFFFFF
FFFFFF
FFFFFF
FFFFFF
FFFFFF
FFFFFF
FFFFFF
FFFFFF
FFFFFF
FFFFFF
FFFFFF
FFFFFF
FFFFFF
FFFFFF
FFFFFF
FFFFFF
FFFFFF
FFFFFF
FFFFFF
FFFFFF
FFFFFF
FFFFFF
FFFFFF
FFFFFF
FFFEFF
FFFEFF
FFFEFF
FFFFFF
FFFFFF
FEFFFF
FDFFFF
BCC6CF
5E7487
5E768A
5C7388
60778A
7F96A8
6D8396
667B8D
5E7488
546C81
5A7389
59738A
577087
5A748B
5D778E
5B758C
5C768D
5F7990
607A91
647E94
5B7286
495F71
516476
596875
737D83
697176
A5ACAD
FEFFFF
FCFFFF
FEFFFF
FEFFFF
FEFFFF
FFFFFF
FFFFFF
FFFFFF
FFFFFF
FFFFFF
FFFFFF
FFFFFF
FFFFFF
FFFFFF
FFFFFF
FFFFFF
FFFFFF
FFFFFF
FFFFFF
FFFFFF
FFFFFF
FFFFFF
FFFFFF
FFFFFF
FFFFFF
FFFFFF
FFFFFF
FFFFFF
FFFFFF
FFFFFF
FFFFFF
FFFFFF
FFFFFF
FFFFFF
FFFFFF
FFFFFF
FFFFFF
FFFFFF
FFFFFF
FFFFFF
FFFFFF
FFFFFF
FFFFFF
FFFFFF
FFFFFF
FFFFFF
FFFFFF
FFFFFF
FFFFFF
FFFFFF
FFFFFF
FFFFFF
FFFFFF
FFFFFF
FFFFFF
FFFFFF
FFFFFF
FFFFFF
FFFFFF
FFFFFF
FFFFFF
FFFFFF
FFFFFF
FFFFFF
FFFFFF
FFFFFF
FFFFFF
FFFFFF
FFFFFF
FFFFFF
FFFFFF
FFFFFF
FFFFFF
FFFFFF
FFFFFF
FFFFFF
FFFFFF
FFFFFF
FFFFFF
FFFFFF
FFFFFF
FFFFFF
FFFFFF
FFFFFF
FFFFFF
FFFFFF
FFFFFF
FFFFFF
FFFFFF
FFFFFF
FFFFFF
FFFFFF
FFFFFF
FFFFFF
FFFFFF
FFFFFF
FFFFFF
FFFFFF
FFFFFF
FFFFFF
FFFFFF
FFFFFF
FFFFFF
FFFFFF
FFFFFF
FFFFFF
FFFFFF
FFFFFF
FFFFFF
FFFFFF
FFFFFF
FFFFFF
FFFFFF
FFFFFF
FFFFFF
FFFFFF
FFFFFF
FFFFFF
FFFFFF
FFFFFF
FFFFFF
FFFFFF
FFFFFF
FFFFFF
FFFFFF
FFFFFF
FFFFFF
FFFFFF
FFFFFF
FFFFFF
FFFFFF
FFFFFF
FFFFFF
FFFFFF
FFFFFF
FFFFFF
FFFFFF
FFFFFF
FFFFFF
FFFFFF
FFFFFF
FFFFFF
FFFFFF
FFFFFF
FFFFFF
FFFFFF
FFFFFF
FFFFFF
FFFFFF
FFFFFF
FFFFFF
FFFFFF
FFFFFF
FFFFFF
FFFFFF
FFFFFF
FFFFFF
FFFFFF
FFFFFF
FFFFFF
FFFFFF
FFFFFF
FFFFFF
FFFFFF
FFFFFF
FFFFFF
FFFFFF
FFFFFF
FFFFFF
FFFFFF
FFFFFF
FFFFFF
FFFFFF
FFFFFF
FFFFFF
FFFFFF
FFFFFF
FFFFFF
FFFFFF
FFFFFF
FFFFFF
FFFFFF
FFFFFF
FFFFFF
FFFFFF
FFFFFF
FFFFFF
FFFFFF
FFFFFF
FFFFFF
FFFFFF
FFFFFF
FFFFFF
FFFFFF
FFFFFF
FFFFFF
FFFFFF
FFFFFF
FFFFFF
FFFFFF
FFFFFF
FFFFFF
FFFFFF
FFFFFF
FFFFFF
FFFFFF
FFFFFF
FFFFFF
FFFFFF
FFFFFF
FFFFFF
FFFFFF
FFFFFF
FFFFFF
FFFFFF
FFFFFF
FFFFFF
FFFFFF
FFFFFF
FFFFFF
FFFFFF
FFFEFF
FFFEFF
FFFEFF
FFFFFE
FFFFFF
C0C5CE
95A6B7
8FA1B3
55697E
5D748B
5F798D
5B7488
6D8599
71889C
6F869A
62798D
5A7185
597085
5C758A
5D768B
5A7389
5E778E
5F788F
59738A
5E788F
5B758C
668198
688198
4D667B
4A6276
4C6074
4E5D6C
606D79
596572
666C71
D0D4D5
FFFFFF
FEFFFF
FEFFFF
FEFFFF
FFFFFF
FFFFFF
FFFFFF
FFFFFF
FFFFFF
FFFFFF
FFFFFF
FFFFFF
FFFFFF
FFFFFF
FFFFFF
FFFFFF
FFFFFF
FFFFFF
FFFFFF
FFFFFF
FFFFFF
FFFFFF
FFFFFF
FFFFFF
FFFFFF
FFFFFF
FFFFFF
FFFFFF
FFFFFF
FFFFFF
FFFFFF
FFFFFF
FFFFFF
FFFFFF
FFFFFF
FFFFFF
FFFFFF
FFFFFF
FFFFFF
FFFFFF
FFFFFF
FFFFFF
FFFFFF
FFFFFF
FFFFFF
FFFFFF
FFFFFF
FFFFFF
FFFFFF
FFFFFF
FFFFFF
FFFFFF
FFFFFF
FFFFFF
FFFFFF
FFFFFF
FFFFFF
FFFFFF
FFFFFF
FFFFFF
FFFFFF
FFFFFF
FFFFFF
FFFFFF
FFFFFF
FFFFFF
FFFFFF
FFFFFF
FFFFFF
FFFFFF
FFFFFF
FFFFFF
FFFFFF
FFFFFF
FFFFFF
FFFFFF
FFFFFF
FFFFFF
FFFFFF
FFFFFF
FFFFFF
FFFFFF
FFFFFF
FFFFFF
FFFFFF
FFFFFF
FFFFFF
FFFFFF
FFFFFF
FFFFFF
FFFFFF
FFFFFF
FFFFFF
FFFFFF
FFFFFF
FFFFFF
FFFFFF
FFFFFF
FFFFFF
FFFFFF
FFFFFF
FFFFFF
FFFFFF
FFFFFF
FFFFFF
FFFFFF
FFFFFF
FFFFFF
FFFFFF
FFFFFF
FFFFFF
FFFFFF
FFFFFF
FFFFFF
FFFFFF
FFFFFF
FFFFFF
FFFFFF
FFFFFF
FFFFFF
FFFFFF
FFFFFF
FFFFFF
FFFFFF
FFFFFF
FFFFFF
FFFFFF
FFFFFF
FFFFFF
FFFFFF
FFFFFF
FFFFFF
FFFFFF
FFFFFF
FFFFFF
FFFFFF
FFFFFF
FFFFFF
FFFFFF
FFFFFF
FFFFFF
FFFFFF
FFFFFF
FFFFFF
FFFFFF
FFFFFF
FFFFFF
FFFFFF
FFFFFF
FFFFFF
FFFFFF
FFFFFF
FFFFFF
FFFFFF
FFFFFF
FFFFFF
FFFFFF
FFFFFF
FFFFFF
FFFFFF
FFFFFF
FFFFFF
FFFFFF
FFFFFF
FFFFFF
FFFFFF
FFFFFF
FFFFFF
FFFFFF
FFFFFF
FFFFFF
FFFFFF
FFFFFF
FFFFFF
FFFFFF
FFFFFF
FFFFFF
FFFFFF
FFFFFF
FFFFFF
FFFFFF
FFFFFF
FFFFFF
FFFFFF
FFFFFF
FFFFFF
FFFFFF
FFFFFF
FFFFFF
FFFFFF
FFFFFF
FFFFFF
FFFFFF
FFFFFF
FFFFFF
FFFFFF
FFFFFF
FFFFFF
FFFFFF
FFFFFF
FFFFFF
FFFFFF
FFFFFF
FFFFFF
FFFFFF
FFFFFF
FFFFFF
FFFFFF
FFFFFF
FFFFFF
FFFFFF
FFFFFF
FFFFFF
FFFFFF
FFFFFF
FFFFFF
FFFFFF
FFFFFF
FFFFFF
FFFFFF
FFFEFF
FFFEFF
FFFEFF
FFFFFF
B9BEC8
5C6D81
546A82
526B84
5C738D
5A728A
5B7488
5E778C
7E95A9
7D94A8
6C8397
61788C
5E7589
60788C
667F94
60798E
5C758B
647D94
637C93
5C768D
5B758C
5B758C
668198
526C83
4B647A
546D82
495D71
5B6B7B
626D7C
606874
6D7278
7F8384
EAEDED
FFFFFF
FEFFFF
FEFFFF
FFFFFF
FFFFFF
FFFFFF
FFFFFF
FFFFFF
FFFFFF
FFFFFF
FFFFFF
FFFFFF
FFFFFF
FFFFFF
FFFFFF
FFFFFF
FFFFFF
FFFFFF
FFFFFF
FFFFFF
FFFFFF
FFFFFF
FFFFFF
FFFFFF
FFFFFF
FFFFFF
FFFFFF
FFFFFF
FFFFFF
FFFFFF
FFFFFF
FFFFFF
FFFFFF
FFFFFF
FFFFFF
FFFFFF
FFFFFF
FFFFFF
FFFFFF
FFFFFF
FFFFFF
FFFFFF
FFFFFF
FFFFFF
FFFFFF
FFFFFF
FFFFFF
FFFFFF
FFFFFF
FFFFFF
FFFFFF
FFFFFF
FFFFFF
FFFFFF
FFFFFF
FFFFFF
FFFFFF
FFFFFF
FFFFFF
FFFFFF
FFFFFF
FFFFFF
FFFFFF
FFFFFF
FFFFFF
FFFFFF
FFFFFF
FFFFFF
FFFFFF
FFFFFF
FFFFFF
FFFFFF
FFFFFF
FFFFFF
FFFFFF
FFFFFF
FFFFFF
FFFFFF
FFFFFF
FFFFFF
FFFFFF
FFFFFF
FFFFFF
FFFFFF
FFFFFF
FFFFFF
FFFFFF
FFFFFF
FFFFFF
FFFFFF
FFFFFF
FFFFFF
FFFFFF
FFFFFF
FFFFFF
FFFFFF
FFFFFF
FFFFFF
FFFFFF
FFFFFF
FFFFFF
FFFFFF
FFFFFF
FFFFFF
FFFFFF
FFFFFF
FFFFFF
FFFFFF
FFFFFF
FFFFFF
FFFFFF
FFFFFF
FFFFFF
FFFFFF
FFFFFF
FFFFFF
FFFFFF
FFFFFF
FFFFFF
FFFFFF
FFFFFF
FFFFFF
FFFFFF
FFFFFF
FFFFFF
FFFFFF
FFFFFF
FFFFFF
FFFFFF
FFFFFF
FFFFFF
FFFFFF
FFFFFF
FFFFFF
FFFFFF
FFFFFF
FFFFFF
FFFFFF
FFFFFF
FFFFFF
FFFFFF
FFFFFF
FFFFFF
FFFFFF
FFFFFF
FFFFFF
FFFFFF
FFFFFF
FFFFFF
FFFFFF
FFFFFF
FFFFFF
FFFFFF
FFFFFF
FFFFFF
FFFFFF
FFFFFF
FFFFFF
FFFFFF
FFFFFF
FFFFFF
FFFFFF
FFFFFF
FFFFFF
FFFFFF
FFFFFF
FFFFFF
FFFFFF
FFFFFF
FFFFFF
FFFFFF
FFFFFF
FFFFFF
FFFFFF
FFFFFF
FFFFFF
FFFFFF
FFFFFF
FFFFFF
FFFFFF
FFFFFF
FFFFFF
FFFFFF
FFFFFF
FFFFFF
FFFFFF
FFFFFF
FFFFFF
FFFFFF
FFFFFF
FFFFFF
FFFFFF
FFFFFF
FFFFFF
FFFFFF
FFFFFF
FFFFFF
FFFFFF
FFFFFF
FFFFFF
FFFFFF
FFFFFF
FFFFFF
FFFFFF
FFFFFF
FFFFFF
FFFFFF
FFFFFF
FFFFFF
FFFFFF
FFFFFF
FFFFFF
FFFFFF
FFFFFF
FFFFFF
FFFFFF
FFFFFF
FFFFFF
FFFFFF
FFFEFF
FFFEFF
FFFFFF
D9DDE5
647589
5D748E
5E7691
5F7791
627A93
637B92
587186
61798E
7F96AB
7D93A8
63798E
647B8F
5F768A
6D8599
667E94
5E778C
536C82
637C93
597289
678097
5A758C
5E788F
556F86
435D74
4D657A
4C657A
4D6277
54677C
6A7281
7C7D84
717579
727677
9DA1A2
F9FBFA
FFFFFF
FEFFFF
FFFFFF
FFFFFF
FFFFFF
FFFFFF
FFFFFF
FFFFFF
FFFFFF
FFFFFF
FFFFFF
FFFFFF
FFFFFF
FFFFFF
FFFFFF
FFFFFF
FFFFFF
FFFFFF
FFFFFF
FFFFFF
FFFFFF
FFFFFF
FFFFFF
FFFFFF
FFFFFF
FFFFFF
FFFFFF
FFFFFF
FFFFFF
FFFFFF
FFFFFF
FFFFFF
FFFFFF
FFFFFF
FFFFFF
FFFFFF
FFFFFF
FFFFFF
FFFFFF
FFFFFF
FFFFFF
FFFFFF
FFFFFF
FFFFFF
FFFFFF
FFFFFF
FFFFFF
FFFFFF
FFFFFF
FFFFFF
FFFFFF
FFFFFF
FFFFFF
FFFFFF
FFFFFF
FFFFFF
FFFFFF
FFFFFF
FFFFFF
FFFFFF
FFFFFF
FFFFFF
FFFFFF
FFFFFF
FFFFFF
FFFFFF
FFFFFF
FFFFFF
FFFFFF
FFFFFF
FFFFFF
FFFFFF
FFFFFF
FFFFFF
FFFFFF
FFFFFF
FFFFFF
FFFFFF
FFFFFF
FFFFFF
FFFFFF
FFFFFF
FFFFFF
FFFFFF
FFFFFF
FFFFFF
FFFFFF
FFFFFF
FFFFFF
FFFFFF
FFFFFF
FFFFFF
FFFFFF
FFFFFF
FFFFFF
FFFFFF
FFFFFF
FFFFFF
FFFFFF
FFFFFF
FFFFFF
FFFFFF
FFFFFF
FFFFFF
FFFFFF
FFFFFF
FFFFFF
FFFFFF
FFFFFF
FFFFFF
FFFFFF
FFFFFF
FFFFFF
FFFFFF
FFFFFF
FFFFFF
FFFFFF
FFFFFF
FFFFFF
FFFFFF
FFFFFF
FFFFFF
FFFFFF
FFFFFF
FFFFFF
FFFFFF
FFFFFF
FFFFFF
FFFFFF
FFFFFF
FFFFFF
FFFFFF
FFFFFF
FFFFFF
FFFFFF
FFFFFF
FFFFFF
FFFFFF
FFFFFF
FFFFFF
FFFFFF
FFFFFF
FFFFFF
FFFFFF
FFFFFF
FFFFFF
FFFFFF
FFFFFF
FFFFFF
FFFFFF
FFFFFF
FFFFFF
FFFFFF
FFFFFF
FFFFFF
FFFFFF
FFFFFF
FFFFFF
FFFFFF
FFFFFF
FFFFFF
FFFFFF
FFFFFF
FFFFFF
FFFFFF
FFFFFF
FFFFFF
FFFFFF
FFFFFF
FFFFFF
FFFFFF
FFFFFF
FFFFFF
FFFFFF
FFFFFF
FFFFFF
FFFFFF
FFFFFF
FFFFFF
FFFFFF
FFFFFF
FFFFFF
FFFFFF
FFFFFF
FFFFFF
FFFFFF
FFFFFF
FFFFFF
FFFFFF
FFFFFF
FFFFFF
FFFFFF
FFFFFF
FFFFFF
FFFFFF
FFFFFF
FFFFFF
FFFFFF
FFFFFF
FFFFFF
FFFFFF
FFFFFF
FFFFFF
FFFFFF
FFFFFF
FFFFFF
FFFFFF
FFFFFF
FFFFFF
FFFFFF
FFFFFF
FFFFFF
FFFFFF
FFFFFF
FFFFFF
FFFFFF
FFFFFF
FFFFFE
FFFEFE
FFFFFF
F1F3F7
798A9D
59718A
607992
637B95
5E7690
627B94
667E95
5C758A
6E869B
98AEC3
6D8397
61778B
63798D
687F93
6A8296
5D758A
61798E
566F85
5C758D
5E778D
6C849A
5B758B
587188
486279
536A82
4D6277
4C6478
5A7285
4C6178
67707D
818085
6B6D71
777B7C
7D8182
B9BBBC
FFFFFF
FEFFFF
FFFFFF
FFFFFF
FFFFFF
FFFFFF
FFFFFF
FFFFFF
FFFFFF
FFFFFF
FFFFFF
FFFFFF
FFFFFF
FFFFFF
FFFFFF
FFFFFF
FFFFFF
FFFFFF
FFFFFF
FFFFFF
FFFFFF
FFFFFF
FFFFFF
FFFFFF
FFFFFF
FFFFFF
FFFFFF
FFFFFF
FFFFFF
FFFFFF
FFFFFF
FFFFFF
FFFFFF
FFFFFF
FFFFFF
FFFFFF
FFFFFF
FFFFFF
FFFFFF
FFFFFF
FFFFFF
FFFFFF
FFFFFF
FFFFFF
FFFFFF
FFFFFF
FFFFFF
FFFFFF
FFFFFF
FFFFFF
FFFFFF
FFFFFF
FFFFFF
FFFFFF
FFFFFF
FFFFFF
FFFFFF
FFFFFF
FFFFFF
FFFFFF
FFFFFF
FFFFFF
FFFFFF
FFFFFF
FFFFFF
FFFFFF
FFFFFF
FFFFFF
FFFFFF
FFFFFF
FFFFFF
FFFFFF
FFFFFF
FFFFFF
FFFFFF
FFFFFF
FFFFFF
FFFFFF
FFFFFF
FFFFFF
FFFFFF
FFFFFF
FFFFFF
FFFFFF
FFFFFF
FFFFFF
FFFFFF
FFFFFF
FFFFFF
FFFFFF
FFFFFF
FFFFFF
FFFFFF
FFFFFF
FFFFFF
FFFFFF
FFFFFF
FFFFFF
FFFFFF
FFFFFF
FFFFFF
FFFFFF
FFFFFF
FFFFFF
FFFFFF
FFFFFF
FFFFFF
FFFFFF
FFFFFF
FFFFFF
FFFFFF
FFFFFF
FFFFFF
FFFFFF
FFFFFF
FFFFFF
FFFFFF
FFFFFF
FFFFFF
FFFFFF
FFFFFF
FFFFFF
FFFFFF
FFFFFF
FFFFFF
FFFFFF
FFFFFF
FFFFFF
FFFFFF
FFFFFF
FFFFFF
FFFFFF
FFFFFF
FFFFFF
FFFFFF
FFFFFF
FFFFFF
FFFFFF
FFFFFF
FFFFFF
FFFFFF
FFFFFF
FFFFFF
FFFFFF
FFFFFF
FFFFFF
FFFFFF
FFFFFF
FFFFFF
FFFFFF
FFFFFF
FFFFFF
FFFFFF
FFFFFF
FFFFFF
FFFFFF
FFFFFF
FFFFFF
FFFFFF
FFFFFF
FFFFFF
FFFFFF
FFFFFF
FFFFFF
FFFFFF
FFFFFF
FFFFFF
FFFFFF
FFFFFF
FFFFFF
FFFFFF
FFFFFF
FFFFFF
FFFFFF
FFFFFF
FFFFFF
FFFFFF
FFFFFF
FFFFFF
FFFFFF
FFFFFF
FFFFFF
FFFFFF
FFFFFF
FFFFFF
FFFFFF
FFFFFF
FFFFFF
FFFFFF
FFFFFF
FFFFFF
FFFFFF
FFFFFF
FFFFFF
FFFFFF
FFFFFF
FFFFFF
FFFFFF
FFFFFF
FFFFFF
FFFFFF
FFFFFF
FFFFFF
FFFFFF
FFFFFF
FFFFFF
FFFFFF
FFFFFF
FFFFFF
FFFFFF
FFFFFF
FFFFFF
FFFFFF
FFFFFF
FFFFFF
FFFFFF
FEFEFE
FFFFFD
FFFFFE
FDFDFF
9AA6B4
5A728A
59728B
5D7890
5F7891
627B94
647E96
698196
6A8195
8CA3B6
95ACBF
5D7285
627689
64798C
6C8294
5B7185
647B8F
5B7286
546E83
4B647A
647B90
667D91
5A7287
4B647A
4A6378
50687D
53677A
697E90
51687B
4C6076
5D6876
71737A
6B6E74
727678
848889
7C7F80
D2D3D5
FFFFFF
FFFFFF
FFFFFF
FFFFFF
FFFFFF
FFFFFF
FFFFFF
FFFFFF
FFFFFF
FFFFFF
FFFFFF
FFFFFF
FFFFFF
FFFFFF
FFFFFF
FFFFFF
FFFFFF
FFFFFF
FFFFFF
FFFFFF
FFFFFF
FFFFFF
FFFFFF
FFFFFF
FFFFFF
FFFFFF
FFFFFF
FFFFFF
FFFFFF
FFFFFF
FFFFFF
FFFFFF
FFFFFF
FFFFFF
FFFFFF
FFFFFF
FFFFFF
FFFFFF
FFFFFF
FFFFFF
FFFFFF
FFFFFF
FFFFFF
FFFFFF
FFFFFF
FFFFFF
FFFFFF
FFFFFF
FFFFFF
FFFFFF
FFFFFF
FFFFFF
FFFFFF
FFFFFF
FFFFFF
FFFFFF
FFFFFF
FFFFFF
FFFFFF
FFFFFF
FFFFFF
FFFFFF
FFFFFF
FFFFFF
FFFFFF
FFFFFF
FFFFFF
FFFFFF
FFFFFF
FFFFFF
FFFFFF
FFFFFF
FFFFFF
FFFFFF
FFFFFF
FFFFFF
FFFFFF
FFFFFF
FFFFFF
FFFFFF
FFFFFF
FFFFFF
FFFFFF
FFFFFF
FFFFFF
FFFFFF
FFFFFF
FFFFFF
FFFFFF
FFFFFF
FFFFFF
FFFFFF
FFFFFF
FFFFFF
FFFFFF
FFFFFF
FFFFFF
FFFFFF
FFFFFF
FFFFFF
FFFFFF
FFFFFF
FFFFFF
FFFFFF
FFFFFF
FFFFFF
FFFFFF
FFFFFF
FFFFFF
FFFFFF
FFFFFF
FFFFFF
FFFFFF
FFFFFF
FFFFFF
FFFFFF
FFFFFF
FFFFFF
FFFFFF
FFFFFF
FFFFFF
FFFFFF
FFFFFF
FFFFFF
FFFFFF
FFFFFF
FFFFFF
FFFFFF
FFFFFF
FFFFFF
FFFFFF
FFFFFF
FFFFFF
FFFFFF
FFFFFF
FFFFFF
FFFFFF
FFFFFF
FFFFFF
FFFFFF
FFFFFF
FFFFFF
FFFFFF
FFFFFF
FFFFFF
FFFFFF
FFFFFF
FFFFFF
FFFFFF
FFFFFF
FFFFFF
FFFFFF
FFFFFF
FFFFFF
FFFFFF
FFFFFF
FFFFFF
FFFFFF
FFFFFF
FFFFFF
FFFFFF
FFFFFF
FFFFFF
FFFFFF
FFFFFF
FFFFFF
FFFFFF
FFFFFF
FFFFFF
FFFFFF
FFFFFF
FFFFFF
FFFFFF
FFFFFF
FFFFFF
FFFFFF
FFFFFF
FFFFFF
FFFFFF
FFFFFF
FFFFFF
FFFFFF
FFFFFF
FFFFFF
FFFFFF
FFFFFF
FFFFFF
FFFFFF
FFFFFF
FFFFFF
FFFFFF
FFFFFF
FFFFFF
FFFFFF
FFFFFF
FFFFFF
FFFFFF
FFFFFF
FFFFFF
FFFFFF
FFFFFF
FFFFFF
FFFFFF
FFFFFF
FFFFFF
FFFFFF
FFFFFF
FFFFFF
FFFFFF
FFFFFF
FFFFFF
FFFFFF
FFFFFF
FFFFFF
FFFEFE
FEFEFC
FEFEFC
FFFFFF
BFC9D2
5B7389
5F7B93
59748D
5F7992
5C768F
5B758E
627C95
647D90
6E8396
A1B6C8
768A9C
64798C
63788B
657A8D
5D7285
607588
687F91
5D7486
516B7D
516B7C
5D7283
697E90
5C7387
465F74
4B6479
536A7D
6D7F91
708194
4B5F74
42576D
5F6B7A
76777E
676A72
6C7074
757B7B
757B7B
848889
EAEDEE
FFFFFF
FEFEFE
FEFEFE
FEFEFE
FEFEFE
FFFFFF
FFFFFF
FFFFFF
FFFFFF
FFFFFF
FFFFFF
FFFFFF
FFFFFF
FFFFFF
FFFFFF
FFFFFF
FFFFFF
FFFFFF
FFFFFF
FFFFFF
FFFFFF
FFFFFF
FFFFFF
FFFFFF
FFFFFF
FFFFFF
FFFFFF
FFFFFF
FFFFFF
FFFFFF
FFFFFF
FFFFFF
FFFFFF
FFFFFF
FFFFFF
FFFFFF
FFFFFF
FFFFFF
FFFFFF
FFFFFF
FFFFFF
FFFFFF
FFFFFF
FFFFFF
FFFFFF
FFFFFF
FFFFFF
FFFFFF
FFFFFF
FFFFFF
FFFFFF
FFFFFF
FFFFFF
FFFFFF
FFFFFF
FFFFFF
FFFFFF
FFFFFF
FFFFFF
FFFFFF
FFFFFF
FFFFFF
FFFFFF
FFFFFF
FFFFFF
FFFFFF
FFFFFF
FFFFFF
FFFFFF
FFFFFF
FFFFFF
FFFFFF
FFFFFF
FFFFFF
FFFFFF
FFFFFF
FFFFFF
FFFFFF
FFFFFF
FFFFFF
FFFFFF
FFFFFF
FFFFFF
FFFFFF
FFFFFF
FFFFFF
FFFFFF
FFFFFF
FFFFFF
FFFFFF
FFFFFF
FFFFFF
FFFFFF
FFFFFF
FFFFFF
FFFFFF
FFFFFF
FFFFFF
FFFFFF
FFFFFF
FFFFFF
FFFFFF
FFFFFF
FFFFFF
FFFFFF
FFFFFF
FFFFFF
FFFFFF
FFFFFF
FFFFFF
FFFFFF
FFFFFF
FFFFFF
FFFFFF
FFFFFF
FFFFFF
FFFFFF
FFFFFF
FFFFFF
FFFFFF
FFFFFF
FFFFFF
FFFFFF
FFFFFF
FFFFFF
FFFFFF
FFFFFF
FFFFFF
FFFFFF
FFFFFF
FFFFFF
FFFFFF
FFFFFF
FFFFFF
FFFFFF
FFFFFF
FFFFFF
FFFFFF
FFFFFF
FFFFFF
FFFFFF
FFFFFF
FFFFFF
FFFFFF
FFFFFF
FFFFFF
FFFFFF
FFFFFF
FFFFFF
FFFFFF
FFFFFF
FFFFFF
FFFFFF
FFFFFF
FFFFFF
FFFFFF
FFFFFF
FFFFFF
FFFFFF
FFFFFF
FFFFFF
FFFFFF
FFFFFF
FFFFFF
FFFFFF
FFFFFF
FFFFFF
FFFFFF
FFFFFF
FFFFFF
FFFFFF
FFFFFF
FFFFFF
FFFFFF
FFFFFF
FFFFFF
FFFFFF
FFFFFF
FFFFFF
FFFFFF
FFFFFF
FFFFFF
FFFFFF
FFFFFF
FFFFFF
FFFFFF
FFFFFF
FFFFFF
FFFFFF
FFFFFF
FFFFFF
FFFFFF
FFFFFF
FFFFFF
FFFFFF
FFFFFF
FFFFFF
FFFFFF
FFFFFF
FFFFFF
FFFFFF
FFFFFF
FFFFFF
FFFFFF
FFFFFF
FFFFFF
FFFFFF
FFFFFF
FFFFFF
FFFFFF
FFFFFF
FFFFFF
FFFFFF
FFFEFE
FFFFFC
FFFFFE
D8DFE4
6C8294
5D7991
5A778F
5A7790
5E7A93
607C95
5F7890
647D93
698093
8295A6
8DA0AF
697C8C
677C8E
62778A
607688
5D7183
657888
647A8A
607787
556E7F
5D7483
637885
7E90A0
50667A
4C6479
4D6378
607587
748597
55667A
495C73
57667A
6B737F
87848A
75767D
73777E
757A7D
757D7D
777E7D
A2A7A7
FAFCFD
FFFFFF
FEFEFE
FEFEFE
FEFEFE
FFFFFF
FFFFFF
FFFFFF
FFFFFF
FFFFFF
FFFFFF
FFFFFF
FFFFFF
FFFFFF
FFFFFF
FFFFFF
FFFFFF
FFFFFF
FFFFFF
FFFFFF
FFFFFF
FFFFFF
FFFFFF
FFFFFF
FFFFFF
FFFFFF
FFFFFF
FFFFFF
FFFFFF
FFFFFF
FFFFFF
FFFFFF
FFFFFF
FFFFFF
FFFFFF
FFFFFF
FFFFFF
FFFFFF
FFFFFF
FFFFFF
FFFFFF
FFFFFF
FFFFFF
FFFFFF
FFFFFF
FFFFFF
FFFFFF
FFFFFF
FFFFFF
FFFFFF
FFFFFF
FFFFFF
FFFFFF
FFFFFF
FFFFFF
FFFFFF
FFFFFF
FFFFFF
FFFFFF
FFFFFF
FFFFFF
FFFFFF
FFFFFF
FFFFFF
FFFFFF
FFFFFF
FFFFFF
FFFFFF
FFFFFF
FFFFFF
FFFFFF
FFFFFF
FFFFFF
FFFFFF
FFFFFF
FFFFFF
FFFFFF
FFFFFF
FFFFFF
FFFFFF
FFFFFF
FFFFFF
FFFFFF
FFFFFF
FFFFFF
FFFFFF
FFFFFF
FFFFFF
FFFFFF
FFFFFF
FFFFFF
FFFFFF
FFFFFF
FFFFFF
FFFFFF
FFFFFF
FFFFFF
FFFFFF
FFFFFF
FFFFFF
FFFFFF
FFFFFF
FFFFFF
FFFFFF
FFFFFF
FFFFFF
FFFFFF
FFFFFF
FFFFFF
FFFFFF
FFFFFF
FFFFFF
FFFFFF
FFFFFF
FFFFFF
FFFFFF
FFFFFF
FFFFFF
FFFFFF
FFFFFF
FFFFFF
FFFFFF
FFFFFF
FFFFFF
FFFFFF
FFFFFF
FFFFFF
FFFFFF
FFFFFF
FFFFFF
FFFFFF
FFFFFF
FFFFFF
FFFFFF
FFFFFF
FFFFFF
FFFFFF
FFFFFF
FFFFFF
FFFFFF
FFFFFF
FFFFFF
FFFFFF
FFFFFF
FFFFFF
FFFFFF
FFFFFF
FFFFFF
FFFFFF
FFFFFF
FFFFFF
FFFFFF
FFFFFF
FFFFFF
FFFFFF
FFFFFF
FFFFFF
FFFFFF
FFFFFF
FFFFFF
FFFFFF
FFFFFF
FFFFFF
FFFFFF
FFFFFF
FFFFFF
FFFFFF
FFFFFF
FFFFFF
FFFFFF
FFFFFF
FFFFFF
FFFFFF
FFFFFF
FFFFFF
FFFFFF
FFFFFF
FFFFFF
FFFFFF
FFFFFF
FFFFFF
FFFFFF
FFFFFF
FFFFFF
FFFFFF
FFFFFF
FFFFFF
FFFFFF
FFFFFF
FFFFFF
FFFFFF
FFFFFF
FFFFFF
FFFFFF
FFFFFF
FFFFFF
FFFFFF
FFFFFF
FFFFFF
FFFFFF
FFFFFF
FFFFFF
FFFFFF
FFFFFF
FFFFFF
FFFFFF
FFFFFF
FFFFFF
FFFFFF
FFFFFF
FFFFFF
FFFFFF
FFFFFF
FFFFFE
FFFFFE
EDF0F2
788A98
5B768D
5C7991
56718A
59748D
5F7B94
66829A
5A748A
667D93
6E8396
A1B3C4
6F808F
687A8B
5F7486
596F82
566C7F
697D8E
6B7E8D
647A89
566F7E
566E7F
647886
8997A1
677989
51677B
4C6579
54697D
718293
66788A
53657B
4D6077
536277
727781
79787E
838186
757881
70757B
737B7C
7D8685
798180
C6C9CA
FFFFFF
FFFFFF
FEFEFE
FEFEFE
FFFFFF
FFFFFF
FFFEFF
FFFFFF
FFFFFF
FFFFFF
FFFFFF
FFFFFF
FFFFFF
FFFFFF
FFFFFF
FFFFFF
FFFFFF
FFFFFF
FFFFFF
FFFFFF
FFFFFF
FFFFFF
FFFFFF
FFFFFF
FFFFFF
FFFFFF
FFFFFF
FFFFFF
FFFFFF
FFFFFF
FFFFFF
FFFFFF
FFFFFF
FFFFFF
FFFFFF
FFFFFF
FFFFFF
FFFFFF
FFFFFF
FFFFFF
FFFFFF
FFFFFF
FFFFFF
FFFFFF
FFFFFF
FFFFFF
FFFFFF
FFFFFF
FFFFFF
FFFFFF
FFFFFF
FFFFFF
FFFFFF
FFFFFF
FFFFFF
FFFFFF
FFFFFF
FFFFFF
FFFFFF
FFFFFF
FFFFFF
FFFFFF
FFFFFF
FFFFFF
FFFFFF
FFFFFF
FFFFFF
FFFFFF
FFFFFF
FFFFFF
FFFFFF
FFFFFF
FFFFFF
FFFFFF
FFFFFF
FFFFFF
FFFFFF
FFFFFF
FFFFFF
FFFFFF
FFFFFF
FFFFFF
FFFFFF
FFFFFF
FFFFFF
FFFFFF
FFFFFF
FFFFFF
FFFFFF
FFFFFF
FFFFFF
FFFFFF
FFFFFF
FFFFFF
FFFFFF
FFFFFF
FFFFFF
FFFFFF
FFFFFF
FFFFFF
FFFFFF
FFFFFF
FFFFFF
FFFFFF
FFFFFF
FFFFFF
FFFFFF
FFFFFF
FFFFFF
FFFFFF
FFFFFF
FFFFFF
FFFFFF
FFFFFF
FFFFFF
FFFFFF
FFFFFF
FFFFFF
FFFFFF
FFFFFF
FFFFFF
FFFFFF
FFFFFF
FFFFFF
FFFFFF
FFFFFF
FFFFFF
FFFFFF
FFFFFF
FFFFFF
FFFFFF
FFFFFF
FFFFFF
FFFFFF
FFFFFF
FFFFFF
FFFFFF
FFFFFF
FFFFFF
FFFFFF
FFFFFF
FFFFFF
FFFFFF
FFFFFF
FFFFFF
FFFFFF
FFFFFF
FFFFFF
FFFFFF
FFFFFF
FFFFFF
FFFFFF
FFFFFF
FFFFFF
FFFFFF
FFFFFF
FFFFFF
FFFFFF
FFFFFF
FFFFFF
FFFFFF
FFFFFF
FFFFFF
FFFFFF
FFFFFF
FFFFFF
FFFFFF
FFFFFF
FFFFFF
FFFFFF
FFFFFF
FFFFFF
FFFFFF
FFFFFF
FFFFFF
FFFFFF
FFFFFF
FFFFFF
FFFFFF
FFFFFF
FFFFFF
FFFFFF
FFFFFF
FFFFFF
FFFFFF
FFFFFF
FFFFFF
FFFFFF
FFFFFF
FFFFFF
FFFFFF
FFFFFF
FFFFFF
FFFFFF
FFFFFF
FFFFFF
FFFFFF
FFFFFF
FFFFFF
FFFFFF
FFFFFF
FFFFFF
FFFFFF
FFFFFF
FFFFFF
FFFFFF
FFFFFF
FFFFFF
FFFFFF
FFFFFF
FFFFFF
FFFFFF
FFFFFF
FAFBFC
97A5B0
5E788D
5D7A91
5B778E
59738B
59738C
6B859E
5D778F
597389
62798E
899DAF
91A4B3
627382
647687
637789
5B7082
5E7386
6C7E8F
677A8A
5A7181
4F697A
5D7585
72848F
A6B2B9
5C7283
546B7F
4B6276
617485
718293
516579
4E6177
4B5F76
435870
656E7C
6A6F7A
7E7E86
7B7D83
72777F
6D7578
7D8785
7D8787
838889
E5E6E7
FFFFFF
FEFEFE
FEFEFE
FFFFFF
FFFFFF
FFFEFF
FFFFFF
FFFFFF
FFFFFF
FFFFFF
FFFFFF
FFFFFF
FFFFFF
FFFFFF
FFFFFF
FFFFFF
FFFFFF
FFFFFF
FFFFFF
FFFFFF
FFFFFF
FFFFFF
FFFFFF
FFFFFF
FFFFFF
FFFFFF
FFFFFF
FFFFFF
FFFFFF
FFFFFF
FFFFFF
FFFFFF
FFFFFF
FFFFFF
FFFFFF
FFFFFF
FFFFFF
FFFFFF
FFFFFF
FFFFFF
FFFFFF
FFFFFF
FFFFFF
FFFFFF
FFFFFF
FFFFFF
FFFFFF
FFFFFF
FFFFFF
FFFFFF
FFFFFF
FFFFFF
FFFFFF
FFFFFF
FFFFFF
FFFFFF
FFFFFF
FFFFFF
FFFFFF
FFFFFF
FFFFFF
FFFFFF
FFFFFF
FFFFFF
FFFFFF
FFFFFF
FFFFFF
FFFFFF
FFFFFF
FFFFFF
FFFFFF
FFFFFF
FFFFFF
FFFFFF
FFFFFF
FFFFFF
FFFFFF
FFFFFF
FFFFFF
FFFFFF
FFFFFF
FFFFFF
FFFFFF
FFFFFF
FFFFFF
FFFFFF
FFFFFF
FFFFFF
FFFFFF
FFFFFF
FFFFFF
FFFFFF
FFFFFF
FFFFFF
FFFFFF
FFFFFF
FFFFFF
FFFFFF
FFFFFF
FFFFFF
FFFFFF
FFFFFF
FFFFFF
FFFFFF
FFFFFF
FFFFFF
FFFFFF
FFFFFF
FFFFFF
FFFFFF
FFFFFF
FFFFFF
FFFFFF
FFFFFF
FFFFFF
FFFFFF
FFFFFF
FFFFFF
FFFFFF
FFFFFF
FFFFFF
FFFFFF
FFFFFF
FFFFFF
FFFFFF
FFFFFF
FFFFFF
FFFFFF
FFFFFF
FFFFFF
FFFFFF
FFFFFF
FFFFFF
FFFFFF
FFFFFF
FFFFFF
FFFFFF
FFFFFF
FFFFFF
FFFFFF
FFFFFF
FFFFFF
FFFFFF
FFFFFF
FFFFFF
FFFFFF
FFFFFF
FFFFFF
FFFFFF
FFFFFF
FFFFFF
FFFFFF
FFFFFF
FFFFFF
FFFFFF
FFFFFF
FFFFFF
FFFFFF
FFFFFF
FFFFFF
FFFFFF
FFFFFF
FFFFFF
FFFFFF
FFFFFF
FFFFFF
FFFFFF
FFFFFF
FFFFFF
FFFFFF
FFFFFF
FFFFFF
FFFFFF
FFFFFF
FFFFFF
FFFFFF
FFFFFF
FFFFFF
FFFFFF
FFFFFF
FFFFFF
FFFFFF
FFFFFF
FFFFFF
FFFFFF
FFFFFF
FFFFFF
FFFFFF
FFFFFF
FFFFFF
FFFFFF
FFFFFF
FFFFFF
FFFFFF
FFFFFF
FFFFFF
FFFFFF
FFFFFF
FFFFFF
FFFFFF
FFFFFF
FFFFFF
FFFFFF
FFFFFF
FFFFFF
FFFFFF
FFFFFF
FFFFFF
FFFFFF
FFFFFF
FFFFFE
FFFFFF
BCC6CE
61798D
5E798F
58748A
5A768B
607A91
6A849A
678097
536D84
657F94
70879B
9BAFC0
657787
657686
667989
657889
647687
6E8191
6D8092
64798C
526A7C
536D7E
667B8A
93A1AA
91A0A9
486073
4D6579
596D7F
768797
586D80
4B6276
4B5F75
4A5E75
42576E
546376
626B7A
626975
7E8081
777D80
717879
6A7374
758082
7B8182
9B9D9B
F7F7F6
FFFFFF
FEFEFE
FFFFFF
FFFFFF
FFFEFF
FFFFFF
FFFFFF
FFFFFF
FFFFFF
FFFFFF
FFFFFF
FFFFFF
FFFFFF
FFFFFF
FFFFFF
FFFFFF
FFFFFF
FFFFFF
FFFFFF
FFFFFF
FFFFFF
FFFFFF
FFFFFF
FFFFFF
FFFFFF
FFFFFF
FFFFFF
FFFFFF
FFFFFF
FFFFFF
FFFFFF
FFFFFF
FFFFFF
FFFFFF
FFFFFF
FFFFFF
FFFFFF
FFFFFF
FFFFFF
FFFFFF
FFFFFF
FFFFFF
FFFFFF
FFFFFF
FFFFFF
FFFFFF
FFFFFF
FFFFFF
FFFFFF
FFFFFF
FFFFFF
FFFFFF
FFFFFF
FFFFFF
FFFFFF
FFFFFF
FFFFFF
FFFFFF
FFFFFF
FFFFFF
FFFFFF
FFFFFF
FFFFFF
FFFFFF
FFFFFF
FFFFFF
FFFFFF
FFFFFF
FFFFFF
FFFFFF
FFFFFF
FFFFFF
FFFFFF
FFFFFF
FFFFFF
FFFFFF
FFFFFF
FFFFFF
FFFFFF
FFFFFF
FFFFFF
FFFFFF
FFFFFF
FFFFFF
FFFFFF
FFFFFF
FFFFFF
FFFFFF
FFFFFF
FFFFFF
FFFFFF
FFFFFF
FFFFFF
FFFFFF
FFFFFF
FFFFFF
FFFFFF
FFFFFF
FFFFFF
FFFFFF
FFFFFF
FFFFFF
FFFFFF
FFFFFF
FFFFFF
FFFFFF
FFFFFF
FFFFFF
FFFFFF
FFFFFF
FFFFFF
FFFFFF
FFFFFF
FFFFFF
FFFFFF
FFFFFF
FFFFFF
FFFFFF
FFFFFF
FFFFFF
FFFFFF
FFFFFF
FFFFFF
FFFFFF
FFFFFF
FFFFFF
FFFFFF
FFFFFF
FFFFFF
FFFFFF
FFFFFF
FFFFFF
FFFFFF
FFFFFF
FFFFFF
FFFFFF
FFFFFF
FFFFFF
FFFFFF
FFFFFF
FFFFFF
FFFFFF
FFFFFF
FFFFFF
FFFFFF
FFFFFF
FFFFFF
FFFFFF
FFFFFF
FFFFFF
FFFFFF
FFFFFF
FFFFFF
FFFFFF
FFFFFF
FFFFFF
FFFFFF
FFFFFF
FFFFFF
FFFFFF
FFFFFF
FFFFFF
FFFFFF
FFFFFF
FFFFFF
FFFFFF
FFFFFF
FFFFFF
FFFFFF
FFFFFF
FFFFFF
FFFFFF
FFFFFF
FFFFFF
FFFFFF
FFFFFF
FFFFFF
FFFFFF
FFFFFF
FFFFFF
FFFFFF
FFFFFF
FFFFFF
FFFFFF
FFFFFF
FFFFFF
FFFFFF
FFFFFF
FFFFFF
FFFFFF
FFFFFF
FFFFFF
FFFFFF
FFFFFF
FFFFFF
FFFFFF
FFFFFF
FFFFFF
FFFFFF
FFFFFF
FFFFFF
FFFFFF
FFFFFF
FFFFFF
FFFFFF
FFFFFF
FFFFFD
FFFFFD
FFFEFD
FFFFFF
DFE5EA
6E8394
5C788E
5E788F
5A758A
607A8F
6D869E
6D879E
637C93
617A90
698297
8CA2B6
718495
637484
667787
627586
586E81
677B8D
5F7486
5A7084
546C80
4C6678
536C7C
708390
8897A2
607583
4D667A
4C6276
83919F
617486
50677B
4E6579
4A5D74
4F6176
5C6B7E
556578
656F7E
5B636F
7E8283
888D8D
8C9091
6C7478
677074
787D7F
7E8181
ABADAB
FDFEFE
FFFFFF
FFFDFE
FFFFFD
FFFFFD
FFFEFF
FFFEFF
FFFEFF
FFFFFF
FFFFFF
FFFFFF
FFFFFF
FFFFFF
FFFFFF
FFFFFF
FFFFFF
FFFFFF
FFFFFF
FFFFFF
FFFFFF
FFFFFF
FFFFFF
FFFFFF
FFFFFF
FFFFFF
FFFFFF
FFFFFF
FFFFFF
FFFFFF
FFFFFF
FFFFFF
FFFFFF
FFFFFF
FFFFFF
FFFFFF
FFFFFF
FFFFFF
FFFFFF
FFFFFF
FFFFFF
FFFFFF
FFFFFF
FFFFFF
FFFFFF
FFFFFF
FFFFFF
FFFFFF
FFFFFF
FFFFFF
FFFFFF
FFFFFF
FFFFFF
FFFFFF
FFFFFF
FFFFFF
FFFFFF
FFFFFF
FFFFFF
FFFFFF
FFFFFF
FFFFFF
FFFFFF
FFFFFF
FFFFFF
FFFFFF
FFFFFF
FFFFFF
FFFFFF
FFFFFF
FFFFFF
FFFFFF
FFFFFF
FFFFFF
FFFFFF
FFFFFF
FFFFFF
FFFFFF
FFFFFF
FFFFFF
FFFFFF
FFFFFF
FFFFFF
FFFFFF
FFFFFF
FFFFFF
FFFFFF
FFFFFF
FFFFFF
FFFFFF
FFFFFF
FFFFFF
FFFFFF
FFFFFF
FFFFFF
FFFFFF
FFFFFF
FFFFFF
FFFFFF
FFFFFF
FFFFFF
FFFFFF
FFFFFF
FFFFFF
FFFFFF
FFFFFF
FFFFFF
FFFFFF
FFFFFF
FFFFFF
FFFFFF
FFFFFF
FFFFFF
FFFFFF
FFFFFF
FFFFFF
FFFFFF
FFFFFF
FFFFFF
FFFFFF
FFFFFF
FFFFFF
FFFFFF
FFFFFF
FFFFFF
FFFFFF
FFFFFF
FFFFFF
FFFFFF
FFFFFF
FFFFFF
FFFFFF
FFFFFF
FFFFFF
FFFFFF
FFFFFF
FFFFFF
FFFFFF
FFFFFF
FFFFFF
FFFFFF
FFFFFF
FFFFFF
FFFFFF
FFFFFF
FFFFFF
FFFFFF
FFFFFF
FFFFFF
FFFFFF
FFFFFF
FFFFFF
FFFFFF
FFFFFF
FFFFFF
FFFFFF
FFFFFF
FFFFFF
FFFFFF
FFFFFF
FFFFFF
FFFFFF
FFFFFF
FFFFFF
FFFFFF
FFFFFF
FFFFFF
FFFFFF
FFFFFF
FFFFFF
FFFFFF
FFFFFF
FFFFFF
FFFFFF
FFFFFF
FFFFFF
FFFFFF
FFFFFF
FFFFFF
FFFFFF
FFFFFF
FFFFFF
FFFFFF
FFFFFF
FFFFFF
FFFFFF
FFFFFF
FFFFFF
FFFFFF
FFFFFF
FFFFFF
FFFFFF
FFFFFF
FFFFFF
FFFFFF
FFFFFF
FFFFFF
FFFFFF
FFFFFF
FFFFFF
FFFFFF
FFFFFF
FFFFFF
FFFFFF
FFFFFF
FFFFFF
FFFFFF
FFFFFD
FFFFFD
FEFEFD
F3F7F9
8C9DAA
5E798E
5F7B92
607A91
5C778C
688397
6B869A
6A859A
5D768B
657E94
7990A4
94A7B9
6B7E8D
647585
657686
5F7386
566C80
617689
4F677B
546C80
4A6276
50697A
6B8190
6D808D
7B8D99
4B6475
4B6377
6D7E8E
798998
485F72
51677C
4E6479
4C6076
57687D
617184
4F6075
606A79
6E747C
6F777C
828788
818688
747C80
72797E
6F7578
73797A
7B7E7D
B4B6B6
FEFEFE
FFFEFF
FFFEFC
FFFFFC
FFFEFF
FFFEFF
FFFEFF
FFFFFF
FFFFFF
FFFFFF
FFFFFF
FFFFFF
FFFFFF
FFFFFF
FFFFFF
FFFFFF
FFFFFF
FFFFFF
FFFFFF
FFFFFF
FFFFFF
FFFFFF
FFFFFF
FFFFFF
FFFFFF
FFFFFF
FFFFFF
FFFFFF
FFFFFF
FFFFFF
FFFFFF
FFFFFF
FFFFFF
FFFFFF
FFFFFF
FFFFFF
FFFFFF
FFFFFF
FFFFFF
FFFFFF
FFFFFF
FFFFFF
FFFFFF
FFFFFF
FFFFFF
FFFFFF
FFFFFF
FFFFFF
FFFFFF
FFFFFF
FFFFFF
FFFFFF
FFFFFF
FFFFFF
FFFFFF
FFFFFF
FFFFFF
FFFFFF
FFFFFF
FFFFFF
FFFFFF
FFFFFF
FFFFFF
FFFFFF
FFFFFF
FFFFFF
FFFFFF
FFFFFF
FFFFFF
FFFFFF
FFFFFF
FFFFFF
FFFFFF
FFFFFF
FFFFFF
FFFFFF
FFFFFF
FFFFFF
FFFFFF
FFFFFF
FFFFFF
FFFFFF
FFFFFF
FFFFFF
FFFFFF
FFFFFF
FFFFFF
FFFFFF
FFFFFF
FFFFFF
FFFFFF
FFFFFF
FFFFFF
FFFFFF
FFFFFF
FFFFFF
FFFFFF
FFFFFF
FFFFFF
FFFFFF
FFFFFF
FFFFFF
FFFFFF
FFFFFF
FFFFFF
FFFFFF
FFFFFF
FFFFFF
FFFFFF
FFFFFF
FFFFFF
FFFFFF
FFFFFF
FFFFFF
FFFFFF
FFFFFF
FFFFFF
FFFFFF
FFFFFF
FFFFFF
FFFFFF
FFFFFF
FFFFFF
FFFFFF
FFFFFF
FFFFFF
FFFFFF
FFFFFF
FFFFFF
FFFFFF
FFFFFF
FFFFFF
FFFFFF
FFFFFF
FFFFFF
FFFFFF
FFFFFF
FFFFFF
FFFFFF
FFFFFF
FFFFFF
FFFFFF
FFFFFF
FFFFFF
FFFFFF
FFFFFF
FFFFFF
FFFFFF
FFFFFF
FFFFFF
FFFFFF
FFFFFF
FFFFFF
FFFFFF
FFFFFF
FFFFFF
FFFFFF
FFFFFF
FFFFFF
FFFFFF
FFFFFF
FFFFFF
FFFFFF
FFFFFF
FFFFFF
FFFFFF
FFFFFF
FFFFFF
FFFFFF
FFFFFF
FFFFFF
FFFFFF
FFFFFF
FFFFFF
FFFFFF
FFFFFF
FFFFFF
FFFFFF
FFFFFF
FFFFFF
FFFFFF
FFFFFF
FFFFFF
FFFFFF
FFFFFF
FFFFFF
FFFFFF
FFFFFF
FFFFFF
FFFFFF
FFFFFF
FFFFFF
FFFFFF
FFFFFF
FFFFFF
FFFFFF
FFFFFF
FFFFFF
FFFFFF
FFFFFF
FFFFFF
FFFFFF
FFFFFF
FFFEFF
FFFEFF
FFFFFD
FFFFFD
FFFFFF
ACB7C1
5F768A
607C92
607D93
59738A
647E93
647E92
5D778B
5E788C
678095
688094
7F94A5
718291
677989
697A8A
647586
5D7284
586E82
596F83
4A6378
52697E
50687C
667C8B
667B88
8294A0
5C717F
536C7D
4F6577
8A99A7
516578
4C6478
4E6479
495F74
4F6378
58697E
516378
4B5F76
5B6879
797D81
6C7479
6C7378
767D80
717879
6B7376
70757B
70787E
787C80
737476
B6B7B8
FFFFFF
FFFFFE
FFFDFC
FFFEFE
FFFEFF
FFFEFF
FFFFFF
FFFFFF
FFFFFF
FFFFFF
FFFFFF
FFFFFF
FFFFFF
FFFFFF
FFFFFF
FFFFFF
FFFFFF
FFFFFF
FFFFFF
FFFFFF
FFFFFF
FFFFFF
FFFFFF
FFFFFF
FFFFFF
FFFFFF
FFFFFF
FFFFFF
FFFFFF
FFFFFF
FFFFFF
FFFFFF
FFFFFF
FFFFFF
FFFFFF
FFFFFF
FFFFFF
FFFFFF
FFFFFF
FFFFFF
FFFFFF
FFFFFF
FFFFFF
FFFFFF
FFFFFF
FFFFFF
FFFFFF
FFFFFF
FFFFFF
FFFFFF
FFFFFF
FFFFFF
FFFFFF
FFFFFF
FFFFFF
FFFFFF
FFFFFF
FFFFFF
FFFFFF
FFFFFF
FFFFFF
FFFFFF
FFFFFF
FFFFFF
FFFFFF
FFFFFF
FFFFFF
FFFFFF
FFFFFF
FFFFFF
FFFFFF
FFFFFF
FFFFFF
FFFFFF
FFFFFF
FFFFFF
FFFFFF
FFFFFF
FFFFFF
FFFFFF
FFFFFF
FFFFFF
FFFFFF
FFFFFF
FFFFFF
FFFFFF
FFFFFF
FFFFFF
FFFFFF
FFFFFF
FFFFFF
FFFFFF
FFFFFF
FFFFFF
FFFFFF
FFFFFF
FFFFFF
FFFFFF
FFFFFF
FFFFFF
FFFFFF
FFFFFF
FFFFFF
FFFFFF
FFFFFF
FFFFFF
FFFFFF
FFFFFF
FFFFFF
FFFFFF
FFFFFF
FFFFFF
FFFFFF
FFFFFF
FFFFFF
FFFFFF
FFFFFF
FFFFFF
FFFFFF
FFFFFF
FFFFFF
FFFFFF
FFFFFF
FFFFFF
FFFFFF
FFFFFF
FFFFFF
FFFFFF
FFFFFF
FFFFFF
FFFFFF
FFFFFF
FFFFFF
FFFFFF
FFFFFF
FFFFFF
FFFFFF
FFFFFF
FFFFFF
FFFFFF
FFFFFF
FFFFFF
FFFFFF
FFFFFF
FFFFFF
FFFFFF
FFFFFF
FFFFFF
FFFFFF
FFFFFF
FFFFFF
FFFFFF
FFFFFF
FFFFFF
FFFFFF
FFFFFF
FFFFFF
FFFFFF
FFFFFF
FFFFFF
FFFFFF
FFFFFF
FFFFFF
FFFFFF
FFFFFF
FFFFFF
FFFFFF
FFFFFF
FFFFFF
FFFFFF
FFFFFF
FFFFFF
FFFFFF
FFFFFF
FFFFFF
FFFFFF
FFFFFF
FFFFFF
FFFFFF
FFFFFF
FFFFFF
FFFFFF
FFFFFF
FFFFFF
FFFFFF
FFFFFF
FFFFFF
FFFFFF
FFFFFF
FFFFFF
FFFFFF
FFFFFF
FFFFFF
FFFFFF
FFFFFF
FFFFFF
FFFFFF
FFFFFF
FFFFFF
FFFFFF
FFFFFF
FFFFFF
FFFEFE
FFFEFE
FFFFFD
FFFFFF
D7DDE3
697D8F
5C778B
617D92
5D7A90
607A91
607B90
587287
587086
5C758A
60798D
657B8F
627685
627382
6D7F8F
667889
5A6D7F
54687B
546B7F
536B7F
4B6479
4F677B
506779
6B7F8E
687D8B
6C818E
566D7D
4B6273
718493
6A7B8C
4D6378
51687C
485E73
43596F
51657A
4F6178
4C6075
455B72
4B5D72
717A83
6F787F
646D75
747A7B
7B8182
7A8283
74787B
5D646C
6A6F76
828587
6F7072
B2B7BC
FBFDFF
FFFFFE
FFFEFE
FFFEFF
FFFEFF
FFFFFF
FFFFFF
FFFFFF
FFFFFF
FFFFFF
FFFFFF
FFFFFF
FFFFFF
FFFFFF
FFFFFF
FFFFFF
FFFFFF
FFFFFF
FFFFFF
FFFFFF
FFFFFF
FFFFFF
FFFFFF
FFFFFF
FFFFFF
FFFFFF
FFFFFF
FFFFFF
FFFFFF
FFFFFF
FFFFFF
FFFFFF
FFFFFF
FFFFFF
FFFFFF
FFFFFF
FFFFFF
FFFFFF
FFFFFF
FFFFFF
FFFFFF
FFFFFF
FFFFFF
FFFFFF
FFFFFF
FFFFFF
FFFFFF
FFFFFF
FFFFFF
FFFFFF
FFFFFF
FFFFFF
FFFFFF
FFFFFF
FFFFFF
FFFFFF
FFFFFF
FFFFFF
FFFFFF
FFFFFF
FFFFFF
FFFFFF
FFFFFF
FFFFFF
FFFFFF
FFFFFF
FFFFFF
FFFFFF
FFFFFF
FFFFFF
FFFFFF
FFFFFF
FFFFFF
FFFFFF
FFFFFF
FFFFFF
FFFFFF
FFFFFF
FFFFFF
FFFFFF
FFFFFF
FFFFFF
FFFFFF
FFFFFF
FFFFFF
FFFFFF
FFFFFF
FFFFFF
FFFFFF
FFFFFF
FFFFFF
FFFFFF
FFFFFF
FFFFFF
FFFFFF
FFFFFF
FFFFFF
FFFFFF
FFFFFF
FFFFFF
FFFFFF
FFFFFF
FFFFFF
FFFFFF
FFFFFF
FFFFFF
FFFFFF
FFFFFF
FFFFFF
FFFFFF
FFFFFF
FFFFFF
FFFFFF
FFFFFF
FFFFFF
FFFFFF
FFFFFF
FFFFFF
FFFFFF
FFFFFF
FFFFFF
FFFFFF
FFFFFF
FFFFFF
FFFFFF
FFFFFF
FFFFFF
FFFFFF
FFFFFF
FFFFFF
FFFFFF
FFFFFF
FFFFFF
FFFFFF
FFFFFF
FFFFFF
FFFFFF
FFFFFF
FFFFFF
FFFFFF
FFFFFF
FFFFFF
FFFFFF
FFFFFF
FFFFFF
FFFFFF
FFFFFF
FFFFFF
FFFFFF
FFFFFF
FFFFFF
FFFFFF
FFFFFF
FFFFFF
FFFFFF
FFFFFF
FFFFFF
FFFFFF
FFFFFF
FFFFFF
FFFFFF
FFFFFF
FFFFFF
FFFFFF
FFFFFF
FFFFFF
FFFFFF
FFFFFF
FFFFFF
FFFFFF
FFFFFF
FFFFFF
FFFFFF
FFFFFF
FFFFFF
FFFFFF
FFFFFF
FFFFFF
FFFFFF
FFFFFF
FFFFFF
FFFFFF
FFFFFF
FFFFFF
FFFFFF
FFFFFF
FFFFFF
FFFFFF
FFFFFF
FFFFFF
FFFFFF
FFFFFF
FFFFFF
FFFFFF
FFFFFF
FFFFFF
FFFFFF
FFFFFF
FFFFFF
FFFFFF
FFFFFF
FFFFFD
FFFFFD
FFFFFD
F5F9FA
7E909E
577185
5B768A
617D91
5F7B91
5E788F
567085
577186
5B7489
617A8E
637C8F
697F91
607484
657887
6C7F8E
5E7383
576C7D
51687B
546D81
4C667A
536B80
52697D
5F7484
6C7F8D
6D8190
576C7D
4F6577
5F7181
8292A1
54687B
54697E
4A6176
485D74
4A5E75
52677C
4C6077
475D71
445A70
4A5E75
49596B
566470
636E76
808585
72787B
7D8584
858984
717679
656C71
707578
818584
59666F
9CA8B5
F7F8FA
FFFFFE
FFFEFF
FFFEFF
FFFFFF
FFFFFF
FFFFFF
FFFFFF
FFFFFF
FFFFFF
FFFFFF
FFFFFF
FFFFFF
FFFFFF
FFFFFF
FFFFFF
FFFFFF
FFFFFF
FFFFFF
FFFFFF
FFFFFF
FFFFFF
FFFFFF
FFFFFF
FFFFFF
FFFFFF
FFFFFF
FFFFFF
FFFFFF
FFFFFF
FFFFFF
FFFFFF
FFFFFF
FFFFFF
FFFFFF
FFFFFF
FFFFFF
FFFFFF
FFFFFF
FFFFFF
FFFFFF
FFFFFF
FFFFFF
FFFFFF
FFFFFF
FFFFFF
FFFFFF
FFFFFF
FFFFFF
FFFFFF
FFFFFF
FFFFFF
FFFFFF
FFFFFF
FFFFFF
FFFFFF
FFFFFF
FFFFFF
FFFFFF
FFFFFF
FFFFFF
FFFFFF
FFFFFF
FFFFFF
FFFFFF
FFFFFF
FFFFFF
FFFFFF
FFFFFF
FFFFFF
FFFFFF
FFFFFF
FFFFFF
FFFFFF
FFFFFF
FFFFFF
FFFFFF
FFFFFF
FFFFFF
FFFFFF
FFFFFF
FFFFFF
FFFFFF
FFFFFF
FFFFFF
FFFFFF
FFFFFF
FFFFFF
FFFFFF
FFFFFF
FFFFFF
FFFFFF
FFFFFF
FFFFFF
FFFFFF
FFFFFF
FFFFFF
FFFFFF
FFFFFF
FFFFFF
FFFFFF
FFFFFF
FFFFFF
FFFFFF
FFFFFF
FFFFFF
FFFFFF
FFFFFF
FFFFFF
FFFFFF
FFFFFF
FFFFFF
FFFFFF
FFFFFF
FFFFFF
FFFFFF
FFFFFF
FFFFFF
FFFFFF
FFFFFF
FFFFFF
FFFFFF
FFFFFF
FFFFFF
FFFFFF
FFFFFF
FFFFFF
FFFFFF
FFFFFF
FFFFFF
FFFFFF
FFFFFF
FFFFFF
FFFFFF
FFFFFF
FFFFFF
FFFFFF
FFFFFF
FFFFFF
FFFFFF
FFFFFF
FFFFFF
FFFFFF
FFFFFF
FFFFFF
FFFFFF
FFFFFF
FFFFFF
FFFFFF
FFFFFF
FFFFFF
FFFFFF
FFFFFF
FFFFFF
FFFFFF
FFFFFF
FFFFFF
FFFFFF
FFFFFF
FFFFFF
FFFFFF
FFFFFF
FFFFFF
FFFFFF
FFFFFF
FFFFFF
FFFFFF
FFFFFF
FFFFFF
FFFFFF
FFFFFF
FFFFFF
FFFFFF
FFFFFF
FFFFFF
FFFFFF
FFFFFF
FFFFFF
FFFFFF
FFFFFF
FFFFFF
FFFFFF
FFFFFF
FFFFFF
FFFFFF
FFFFFF
FFFFFF
FFFFFF
FFFFFF
FFFFFF
FFFFFF
FFFFFF
FFFFFF
FFFFFF
FFFFFF
FFFFFF
FFFFFF
FFFFFF
FFFFFE
FFFFFD
FFFFFD
FFFEFD
FFFFFF
B5C2CD
597184
5C778B
658094
5F7A8E
607A8F
546F83
556E83
5D768B
60798D
647E90
688394
698192
607685
637788
5F7484
566D7E
576E80
51697C
526D81
4A6579
556F83
566F82
6D808E
758794
5E6F7E
56697A
546778
778797
606F7F
586A7D
52657C
475B72
495D75
53687E
52677C
4A5E74
485D72
4B6175
465B6F
465B6C
50616E
616D74
7A827F
79807C
6E7675
898F85
858B82
6E7677
697073
797F7D
798080
5B6A78
A7B0B9
FCFDFD
FFFEFF
FFFEFF
FFFEFF
FFFEFF
FFFEFF
FFFEFF
FFFEFF
FFFEFF
FFFFFF
FFFFFF
FFFFFF
FFFFFF
FFFFFF
FFFFFF
FFFFFF
FFFFFF
FFFFFF
FFFFFF
FFFFFF
FFFFFF
FFFFFF
FFFFFF
FFFFFF
FFFFFF
FFFFFF
FFFFFF
FFFFFF
FFFFFF
FFFFFF
FFFFFF
FFFFFF
FFFFFF
FFFFFF
FFFFFF
FFFFFF
FFFFFF
FFFFFF
FFFFFF
FFFFFF
FFFFFF
FFFFFF
FFFFFF
FFFFFF
FFFFFF
FFFFFF
FFFFFF
FFFFFF
FFFFFF
FFFFFF
FFFFFF
FFFFFF
FFFFFF
FFFFFF
FFFFFF
FFFFFF
FFFFFF
FFFFFF
FFFFFF
FFFFFF
FFFFFF
FFFFFF
FFFFFF
FFFFFF
FFFFFF
FFFFFF
FFFFFF
FFFFFF
FFFFFF
FFFFFF
FFFFFF
FFFFFF
FFFFFF
FFFFFF
FFFFFF
FFFFFF
FFFFFF
FFFFFF
FFFFFF
FFFFFF
FFFFFF
FFFFFF
FFFFFF
FFFFFF
FFFFFF
FFFFFF
FFFFFF
FFFFFF
FFFFFF
FFFFFF
FFFFFF
FFFFFF
FFFFFF
FFFFFF
FFFFFF
FFFFFF
FFFFFF
FFFFFF
FFFFFF
FFFFFF
FFFFFF
FFFFFF
FFFFFF
FFFFFF
FFFFFF
FFFFFF
FFFFFF
FFFFFF
FFFFFF
FFFFFF
FFFFFF
FFFFFF
FFFFFF
FFFFFF
FFFFFF
FFFFFF
FFFFFF
FFFFFF
FFFFFF
FFFFFF
FFFFFF
FFFFFF
FFFFFF
FFFFFF
FFFFFF
FFFFFF
FFFFFF
FFFFFF
FFFFFF
FFFFFF
FFFFFF
FFFFFF
FFFFFF
FFFFFF
FFFFFF
FFFFFF
FFFFFF
FFFFFF
FFFFFF
FFFFFF
FFFFFF
FFFFFF
FFFFFF
FFFFFF
FFFFFF
FFFFFF
FFFFFF
FFFFFF
FFFFFF
FFFFFF
FFFFFF
FFFFFF
FFFFFF
FFFFFF
FFFFFF
FFFFFF
FFFFFF
FFFFFF
FFFFFF
FFFFFF
FFFFFF
FFFFFF
FFFFFF
FFFFFF
FFFFFF
FFFFFF
FFFFFF
FFFFFF
FFFFFF
FFFFFF
FFFFFF
FFFFFF
FFFFFF
FFFFFF
FFFFFF
FFFFFF
FFFFFF
FFFFFF
FFFFFF
FFFFFF
FFFFFF
FFFFFF
FFFFFF
FFFFFF
FFFFFF
FFFFFF
FFFFFF
FFFFFF
FFFFFF
FFFFFF
FFFFFF
FFFFFF
FFFFFF
FFFFFF
FFFFFF
FFFFFF
FFFFFF
FFFFFE
FFFFFC
FFFFFB
FFFFFE
DFE8EE
6A7F92
5B768B
617C90
617C90
627D91
5A7589
546F83
587286
5E778C
637C90
577282
627B8B
5F7686
637A88
607787
566D7E
546D7D
587081
536D80
446075
446076
4E697D
5A7083
8899A5
61727E
5F6F7D
556878
5E7080
657586
57677A
536478
4B5F75
495D74
4F6178
4B6075
4E6379
4A5F75
4B5F75
44596D
475D6D
425869
576773
55646E
5D696F
7C847F
747A76
767E7A
888F83
727A79
727B7A
707977
828784
717A7F
5F6D7C
C8CCD2
FFFFFF
FFFEFF
FFFEFF
FFFEFF
FFFEFF
FFFEFF
FFFEFF
FFFEFF
FFFFFF
FFFFFF
FFFFFF
FFFFFF
FFFFFF
FFFFFF
FFFFFF
FFFFFF
FFFFFF
FFFFFF
FFFFFF
FFFFFF
FFFFFF
FFFFFF
FFFFFF
FFFFFF
FFFFFF
FFFFFF
FFFFFF
FFFFFF
FFFFFF
FFFFFF
FFFFFF
FFFFFF
FFFFFF
FFFFFF
FFFFFF
FFFFFF
FFFFFF
FFFFFF
FFFFFF
FFFFFF
FFFFFF
FFFFFF
FFFFFF
FFFFFF
FFFFFF
FFFFFF
FFFFFF
FFFFFF
FFFFFF
FFFFFF
FFFFFF
FFFFFF
FFFFFF
FFFFFF
FFFFFF
FFFFFF
FFFFFF
FFFFFF
FFFFFF
FFFFFF
FFFFFF
FFFFFF
FFFFFF
FFFFFF
FFFFFF
FFFFFF
FFFFFF
FFFFFF
FFFFFF
FFFFFF
FFFFFF
FFFFFF
FFFFFF
FFFFFF
FFFFFF
FFFFFF
FFFFFF
FFFFFF
FFFFFF
FFFFFF
FFFFFF
FFFFFF
FFFFFF
FFFFFF
FFFFFF
FFFFFF
FFFFFF
FFFFFF
FFFFFF
FFFFFF
FFFFFF
FFFFFF
FFFFFF
FFFFFF
FFFFFF
FFFFFF
FFFFFF
FFFFFF
FFFFFF
FFFFFF
FFFFFF
FFFFFF
FFFFFF
FFFFFF
FFFFFF
FFFFFF
FFFFFF
FFFFFF
FFFFFF
FFFFFF
FFFFFF
FFFFFF
FFFFFF
FFFFFF
FFFFFF
FFFFFF
FFFFFF
FFFFFF
FFFFFF
FFFFFF
FFFFFF
FFFFFF
FFFFFF
FFFFFF
FFFFFF
FFFFFF
FFFFFF
FFFFFF
FFFFFF
FFFFFF
FFFFFF
FFFFFF
FFFFFF
FFFFFF
FFFFFF
FFFFFF
FFFFFF
FFFFFF
FFFFFF
FFFFFF
FFFFFF
FFFFFF
FFFFFF
FFFFFF
FFFFFF
FFFFFF
FFFFFF
FFFFFF
FFFFFF
FFFFFF
FFFFFF
FFFFFF
FFFFFF
FFFFFF
FFFFFF
FFFFFF
FFFFFF
FFFFFF
FFFFFF
FFFFFF
FFFFFF
FFFFFF
FFFFFF
FFFFFF
FFFFFF
FFFFFF
FFFFFF
FFFFFF
FFFFFF
FFFFFF
FFFFFF
FFFFFF
FFFFFF
FFFFFF
FFFFFF
FFFFFF
FFFFFF
FFFFFF
FFFFFF
FFFFFF
FFFFFF
FFFFFF
FFFFFF
FFFFFF
FFFFFF
FFFFFF
FFFFFF
FFFFFF
FFFFFF
FFFFFF
FFFFFF
FFFFFF
FFFFFF
FFFFFF
FFFFFF
FFFFFF
FFFFFE
FFFFFD
FFFFFB
FAFBFC
8A9CAA
567084
607B90
597488
5C778B
647F93
587387
587387
5B7589
637B90
5A7286
5A7383
627989
5D7584
5F7786
576F80
516B7C
556F7E
546D7F
4D687C
3B576D
47647A
476175
8C9DAB
7D8E9C
5B6B79
637482
556879
5C6D7E
586A7C
536579
54667A
4A5E74
516379
506278
495D72
4C6177
485D73
455B70
485D6E
455B6B
405667
536571
647075
515F68
697477
7D827D
6E7877
777F7B
78817D
737C7A
767E7A
6F7776
7F8583
646E78
7F8A96
FAFAFB
FFFFFF
FFFEFF
FFFEFF
FFFEFF
FFFEFF
FFFEFF
FFFEFF
FFFFFF
FFFFFF
FFFFFF
FFFFFF
FFFFFF
FFFFFF
FFFFFF
FFFFFF
FFFFFF
FFFFFF
FFFFFF
FFFFFF
FFFFFF
FFFFFF
FFFFFF
FFFFFF
FFFFFF
FFFFFF
FFFFFF
FFFFFF
FFFFFF
FFFFFF
FFFFFF
FFFFFF
FFFFFF
FFFFFF
FFFFFF
FFFFFF
FFFFFF
FFFFFF
FFFFFF
FFFFFF
FFFFFF
FFFFFF
FFFFFF
FFFFFF
FFFFFF
FFFFFF
FFFFFF
FFFFFF
FFFFFF
FFFFFF
FFFFFF
FFFFFF
FFFFFF
FFFFFF
FFFFFF
FFFFFF
FFFFFF
FFFFFF
FFFFFF
FFFFFF
FFFFFF
FFFFFF
FFFFFF
FFFFFF
FFFFFF
FFFFFF
FFFFFF
FFFFFF
FFFFFF
FFFFFF
FFFFFF
FFFFFF
FFFFFF
FFFFFF
FFFFFF
FFFFFF
FFFFFF
FFFFFF
FFFFFF
FFFFFF
FFFFFF
FFFFFF
FFFFFF
FFFFFF
FFFFFF
FFFFFF
FFFFFF
FFFFFF
FFFFFF
FFFFFF
FFFFFF
FFFFFF
FFFFFF
FFFFFF
FFFFFF
FFFFFF
FFFFFF
FFFFFF
FFFFFF
FFFFFF
FFFFFF
FFFFFF
FFFFFF
FFFFFF
FFFFFF
FFFFFF
FFFFFF
FFFFFF
FFFFFF
FFFFFF
FFFFFF
FFFFFF
FFFFFF
FFFFFF
FFFFFF
FFFFFF
FFFFFF
FFFFFF
FFFFFF
FFFFFF
FFFFFF
FFFFFF
FFFFFF
FFFFFF
FFFFFF
FFFFFF
FFFFFF
FFFFFF
FFFFFF
FFFFFF
FFFFFF
FFFFFF
FFFFFF
FFFFFF
FFFFFF
FFFFFF
FFFFFF
FFFFFF
FFFFFF
FFFFFF
FFFFFF
FFFFFF
FFFFFF
FFFFFF
FFFFFF
FFFFFF
FFFFFF
FFFFFF
FFFFFF
FFFFFF
FFFFFF
FFFFFF
FFFFFF
FFFFFF
FFFFFF
FFFFFF
FFFFFF
FFFFFF
FFFFFF
FFFFFF
FFFFFF
FFFFFF
FFFFFF
FFFFFF
FFFFFF
FFFFFF
FFFFFF
FFFFFF
FFFFFF
FFFFFF
FFFFFF
FFFFFF
FFFFFF
FFFFFF
FFFFFF
FFFFFF
FFFFFF
FFFFFF
FFFFFF
FFFFFF
FFFFFF
FFFFFF
FFFFFF
FFFFFF
FFFFFF
FFFFFF
FFFFFF
FFFFFF
FFFFFF
FFFFFF
FFFFFF
FFFFFF
FFFFFF
FFFFFF
FFFFFF
FFFFFF
FFFFFE
FFFFFC
FFFFFF
B3BEC8
587084
5C778B
5D788C
597488
647F93
5E798D
567185
5B778A
5F788D
60768C
566D81
5C7384
5C7484
5D7585
576E7F
516B7C
536D7E
536C7E
4F697B
496478
415E74
456277
677C8C
ABB8C3
586C7D
647582
596A7A
5A6D7C
58697A
55697B
4E6276
506479
4E6176
596A7F
506279
51667B
475B72
4B6075
44596B
4F6573
3E5567
455C6E
465966
757D7C
6F797B
586469
7F847D
77807B
656E71
6C7577
737B79
7E8682
767F7E
7C8480
7C8382
63707C
C7CCD2
FFFFFF
FFFEFF
FFFEFF
FFFEFF
FFFEFF
FFFEFF
FFFEFF
FFFFFF
FFFFFF
FFFFFF
FFFFFF
FFFFFF
FFFFFF
FFFFFF
FFFFFF
FFFFFF
FFFFFF
FFFFFF
FFFFFF
FFFFFF
FFFFFF
FFFFFF
FFFFFF
FFFFFF
FFFFFF
FFFFFF
FFFFFF
FFFFFF
FFFFFF
FFFFFF
FFFFFF
FFFFFF
FFFFFF
FFFFFF
FFFFFF
FFFFFF
FFFFFF
FFFFFF
FFFFFF
FFFFFF
FFFFFF
FFFFFF
FFFFFF
FFFFFF
FFFFFF
FFFFFF
FFFFFF
FFFFFF
FFFFFF
FFFFFF
FFFFFF
FFFFFF
FFFFFF
FFFFFF
FFFFFF
FFFFFF
FFFFFF
FFFFFF
FFFFFF
FFFFFF
FFFFFF
FFFFFF
FFFFFF
FFFFFF
FFFFFF
FFFFFF
FFFFFF
FFFFFF
FFFFFF
FFFFFF
FFFFFF
FFFFFF
FFFFFF
FFFFFF
FFFFFF
FFFFFF
FFFFFF
FFFFFF
FFFFFF
FFFFFF
FFFFFF
FFFFFF
FFFFFF
FFFFFF
FFFFFF
FFFFFF
FFFFFF
FFFFFF
FFFFFF
FFFFFF
FFFFFF
FFFFFF
FFFFFF
FFFFFF
FFFFFF
FFFFFF
FFFFFF
FFFFFF
FFFFFF
FFFFFF
FFFFFF
FFFFFF
FFFFFF
FFFFFF
FFFFFF
FFFFFF
FFFFFF
FFFFFF
FFFFFF
FFFFFF
FFFFFF
FFFFFF
FFFFFF
FFFFFF
FFFFFF
FFFFFF
FFFFFF
FFFFFF
FFFFFF
FFFFFF
FFFFFF
FFFFFF
FFFFFF
FFFFFF
FFFFFF
FFFFFF
FFFFFF
FFFFFF
FFFFFF
FFFFFF
FFFFFF
FFFFFF
FFFFFF
FFFFFF
FFFFFF
FFFFFF
FFFFFF
FFFFFF
FFFFFF
FFFFFF
FFFFFF
FFFFFF
FFFFFF
FFFFFF
FFFFFF
FFFFFF
FFFFFF
FFFFFF
FFFFFF
FFFFFF
FFFFFF
FFFFFF
FFFFFF
FFFFFF
FFFFFF
FFFFFF
FFFFFF
FFFFFF
FFFFFF
FFFFFF
FFFFFF
FFFFFF
FFFFFF
FFFFFF
FFFFFF
FFFFFF
FFFFFF
FFFFFF
FFFFFF
FFFFFF
FFFFFF
FFFFFF
FFFFFF
FFFFFF
FFFFFF
FFFFFF
FFFFFF
FFFFFF
FFFFFF
FFFFFF
FFFFFF
FFFFFF
FFFFFF
FFFFFF
FFFFFF
FFFFFF
FFFFFF
FFFFFF
FFFFFF
FFFFFF
FFFFFF
FFFFFF
FFFFFF
FFFFFF
FFFFFF
FFFEFD
FFFFFF
D7DDE2
647B8D
597488
5F7A8E
587387
5C778B
5B768A
557084
5D788C
5C768B
627B90
5E748A
61788B
667D8F
586F7F
5A7283
577081
536D7E
526C7D
4D6679
506A7D
4A667A
436076
465F74
9FAEBA
728494
5F7486
627381
566877
586A7A
5B6D7D
526577
526579
4B5E73
56687C
57687C
56687D
4C6077
465B71
4E6374
576A78
495E6D
3E5667
3E5465
4E5F67
727A77
7E847C
747B77
7D837A
878D83
667073
55606C
707979
777F7C
79827F
757E7A
7D8781
768185
808A92
F4F5F4
FFFFFF
FFFEFF
FFFEFF
FFFEFF
FFFEFF
FFFEFF
FFFFFF
FFFFFF
FFFFFF
FFFFFF
FFFFFF
FFFFFF
FFFFFF
FFFFFF
FFFFFF
FFFFFF
FFFFFF
FFFFFF
FFFFFF
FFFFFF
FFFFFF
FFFFFF
FFFFFF
FFFFFF
FFFFFF
FFFFFF
FFFFFF
FFFFFF
FFFFFF
FFFFFF
FFFFFF
FFFFFF
FFFFFF
FFFFFF
FFFFFF
FFFFFF
FFFFFF
FFFFFF
FFFFFF
FFFFFF
FFFFFF
FFFFFF
FFFFFF
FFFFFF
FFFFFF
FFFFFF
FFFFFF
FFFFFF
FFFFFF
FFFFFF
FFFFFF
FFFFFF
FFFFFF
FFFFFF
FFFFFF
FFFFFF
FFFFFF
FFFFFF
FFFFFF
FFFFFF
FFFFFF
FFFFFF
FFFFFF
FFFFFF
FFFFFF
FFFFFF
FFFFFF
FFFFFF
FFFFFF
FFFFFF
FFFFFF
FFFFFF
FFFFFF
FFFFFF
FFFFFF
FFFFFF
FFFFFF
FFFFFF
FFFFFF
FFFFFF
FFFFFF
FFFFFF
FFFFFF
FFFFFF
FFFFFF
FFFFFF
FFFFFF
FFFFFF
FFFFFF
FFFFFF
FFFFFF
FFFFFF
FFFFFF
FFFFFF
FFFFFF
FFFFFF
FFFFFF
FFFFFF
FFFFFF
FFFFFF
FFFFFF
FFFFFF
FFFFFF
FFFFFF
FFFFFF
FFFFFF
FFFFFF
FFFFFF
FFFFFF
FFFFFF
FFFFFF
FFFFFF
FFFFFF
FFFFFF
FFFFFF
FFFFFF
FFFFFF
FFFFFF
FFFFFF
FFFFFF
FFFFFF
FFFFFF
FFFFFF
FFFFFF
FFFFFF
FFFFFF
FFFFFF
FFFFFF
FFFFFF
FFFFFF
FFFFFF
FFFFFF
FFFFFF
FFFFFF
FFFFFF
FFFFFF
FFFFFF
FFFFFF
FFFFFF
FFFFFF
FFFFFF
FFFFFF
FFFFFF
FFFFFF
FFFFFF
FFFFFF
FFFFFF
FFFFFF
FFFFFF
FFFFFF
FFFFFF
FFFFFF
FFFFFF
FFFFFF
FFFFFF
FFFFFF
FFFFFF
FFFFFF
FFFFFF
FFFFFF
FFFFFF
FFFFFF
FFFFFF
FFFFFF
FFFFFF
FFFFFF
FFFFFF
FFFFFF
FFFFFF
FFFFFF
FFFFFF
FFFFFF
FFFFFF
FFFFFF
FFFFFF
FFFFFF
FFFFFF
FFFFFF
FFFFFF
FFFFFF
FFFFFF
FFFFFF
FFFFFF
FFFFFF
FFFFFF
FFFFFF
FFFFFF
FFFFFF
FFFFFF
FFFFFF
FFFFFF
FFFFFF
FFFFFE
FFFFFD
FFFFFE
F4F7F9
7F909F
5A7589
5A7589
5A7589
5B768A
567185
4B667A
546F83
5F798D
60798E
5E758B
5C7287
74899C
627889
586F7F
536B7D
526B7C
597081
4D687A
476174
4C677A
486478
415D72
798C9B
90A0AD
50687B
6B8090
556876
576A78
526574
566979
556779
4E6274
536578
5A6B7D
546579
516479
4C6275
4D6173
5A6C79
586C77
405766
3F5766
495D68
737E7A
788078
747C74
83897F
7D8377
888E81
7C8480
5E6A72
6B7577
767E7C
78807B
6F7974
7B847E
7C867F
79817E
B6BAB7
FFFFFF
FFFEFF
FFFDFE
FFFEFF
FFFEFF
FFFEFF
FFFFFF
FFFFFF
FFFFFF
FFFFFF
FFFFFF
FFFFFF
FFFFFF
FFFFFF
FFFFFF
FFFFFF
FFFFFF
FFFFFF
FFFFFF
FFFFFF
FFFFFF
FFFFFF
FFFFFF
FFFFFF
FFFFFF
FFFFFF
FFFFFF
FFFFFF
FFFFFF
FFFFFF
FFFFFF
FFFFFF
FFFFFF
FFFFFF
FFFFFF
FFFFFF
FFFFFF
FFFFFF
FFFFFF
FFFFFF
FFFFFF
FFFFFF
FFFFFF
FFFFFF
FFFFFF
FFFFFF
FFFFFF
FFFFFF
FFFFFF
FFFFFF
FFFFFF
FFFFFF
FFFFFF
FFFFFF
FFFFFF
FFFFFF
FFFFFF
FFFFFF
FFFFFF
FFFFFF
FFFFFF
FFFFFF
FFFFFF
FFFFFF
FFFFFF
FFFFFF
FFFFFF
FFFFFF
FFFFFF
FFFFFF
FFFFFF
FFFFFF
FFFFFF
FFFFFF
FFFFFF
FFFFFF
FFFFFF
FFFFFF
FFFFFF
FFFFFF
FFFFFF
FFFFFF
FFFFFF
FFFFFF
FFFFFF
FFFFFF
FFFFFF
FFFFFF
FFFFFF
FFFFFF
FFFFFF
FFFFFF
FFFFFF
FFFFFF
FFFFFF
FFFFFF
FFFFFF
FFFFFF
FFFFFF
FFFFFF
FFFFFF
FFFFFF
FFFFFF
FFFFFF
FFFFFF
FFFFFF
FFFFFF
FFFFFF
FFFFFF
FFFFFF
FFFFFF
FFFFFF
FFFFFF
FFFFFF
FFFFFF
FFFFFF
FFFFFF
FFFFFF
FFFFFF
FFFFFF
FFFFFF
FFFFFF
FFFFFF
FFFFFF
FFFFFF
FFFFFF
FFFFFF
FFFFFF
FFFFFF
FFFFFF
FFFFFF
FFFFFF
FFFFFF
FFFFFF
FFFFFF
FFFFFF
FFFFFF
FFFFFF
FFFFFF
FFFFFF
FFFFFF
FFFFFF
FFFFFF
FFFFFF
FFFFFF
FFFFFF
FFFFFF
FFFFFF
FFFFFF
FFFFFF
FFFFFF
FFFFFF
FFFFFF
FFFFFF
FFFFFF
FFFFFF
FFFFFF
FFFFFF
FFFFFF
FFFFFF
FFFFFF
FFFFFF
FFFFFF
FFFFFF
FFFFFF
FFFFFF
FFFFFF
FFFFFF
FFFFFF
FFFFFF
FFFFFF
FFFFFF
FFFFFF
FFFFFF
FFFFFF
FFFFFF
FFFFFF
FFFFFF
FFFFFF
FFFFFF
FFFFFF
FFFFFF
FFFFFF
FFFFFF
FFFFFF
FFFFFF
FFFFFF
FFFFFF
FFFFFF
FFFFFF
FFFFFF
FFFFFF
FFFFFE
FFFFFD
FEFFFF
A4B2BC
5B7388
607B8F
577286
587387
5B768A
4F6A7E
536E82
587387
5C768A
627A90
5C7389
5D7386
768B9C
5D7484
5A7181
4C6375
4C6677
516B7C
476276
456074
4D687B
486478
5C7284
9CADBA
596F7F
708698
5B7082
556877
556876
536675
546776
536779
4C6072
566879
596A7C
536677
4F6276
516475
576A78
5C6E7A
445A67
4A616D
445C68
425863
6A746D
757E74
626E6A
6C756E
81877B
798179
848C84
79817E
6C7678
707A7B
79827B
767F77
7A847C
838D84
7F8981
89928B
E1E5E1
FFFFFF
FFFDFE
FFFDFE
FFFEFF
FFFEFF
FFFFFF
FFFFFF
FFFFFF
FFFFFF
FFFFFF
FFFFFF
FFFFFF
FFFFFF
FFFFFF
FFFFFF
FFFFFF
FFFFFF
FFFFFF
FFFFFF
FFFFFF
FFFFFF
FFFFFF
FFFFFF
FFFFFF
FFFFFF
FFFFFF
FFFFFF
FFFFFF
FFFFFF
FFFFFF
FFFFFF
FFFFFF
FFFFFF
FFFFFF
FFFFFF
FFFFFF
FFFFFF
FFFFFF
FFFFFF
FFFFFF
FFFFFF
FFFFFF
FFFFFF
FFFFFF
FFFFFF
FFFFFF
FFFFFF
FFFFFF
FFFFFF
FFFFFF
FFFFFF
FFFFFF
FFFFFF
FFFFFF
FFFFFF
FFFFFF
FFFFFF
FFFFFF
FFFFFF
FFFFFF
FFFFFF
FFFFFF
FFFFFF
FFFFFF
FFFFFF
FFFFFF
FFFFFF
FFFFFF
FFFFFF
FFFFFF
FFFFFF
FFFFFF
FFFFFF
FFFFFF
FFFFFF
FFFFFF
FFFFFF
FFFFFF
FFFFFF
FFFFFF
FFFFFF
FFFFFF
FFFFFF
FFFFFF
FFFFFF
FFFFFF
FFFFFF
FFFFFF
FFFFFF
FFFFFF
FFFFFF
FFFFFF
FFFFFF
FFFFFF
FFFFFF
FFFFFF
FFFFFF
FFFFFF
FFFFFF
FFFFFF
FFFFFF
FFFFFF
FFFFFF
FFFFFF
FFFFFF
FFFFFF
FFFFFF
FFFFFF
FFFFFF
FFFFFF
FFFFFF
FFFFFF
FFFFFF
FFFFFF
FFFFFF
FFFFFF
FFFFFF
FFFFFF
FFFFFF
FFFFFF
FFFFFF
FFFFFF
FFFFFF
FFFFFF
FFFFFF
FFFFFF
FFFFFF
FFFFFF
FFFFFF
FFFFFF
FFFFFF
FFFFFF
FFFFFF
FFFFFF
FFFFFF
FFFFFF
FFFFFF
FFFFFF
FFFFFF
FFFFFF
FFFFFF
FFFFFF
FFFFFF
FFFFFF
FFFFFF
FFFFFF
FFFFFF
FFFFFF
FFFFFF
FFFFFF
FFFFFF
FFFFFF
FFFFFF
FFFFFF
FFFFFF
FFFFFF
FFFFFF
FFFFFF
FFFFFF
FFFFFF
FFFFFF
FFFFFF
FFFFFF
FFFFFF
FFFFFF
FFFFFF
FFFFFF
FFFFFF
FFFFFF
FFFFFF
FFFFFF
FFFFFF
FFFFFF
FFFFFF
FFFFFF
FFFFFF
FFFFFF
FFFFFF
FFFFFF
FFFFFF
FFFFFF
FFFFFF
FFFFFF
FFFFFF
FFFFFF
FFFFFF
FFFFFF
FFFFFF
FFFFFF
FFFFFF
FFFFFF
FFFFFE
FFFFFF
BCC8D0
5D7486
5D788C
5A7589
587387
587387
557084
526D81
597488
5A7589
607B8F
5F798E
5B7286
687D8E
728798
5E7385
586E80
4A6172
4E687A
4F697C
456175
516B7E
4F6A7C
4C6578
92A2AF
6C8190
5C7386
6D8395
506779
586B7A
536675
506372
556877
495E6F
526575
5B6C7C
546779
4B6071
506374
526575
60727E
516571
465D6A
475E6A
475F69
526469
8B9180
7E8373
69746D
67726C
6F7971
7E8783
707873
899083
747D79
5C676F
747D7D
7E877D
7B857C
869088
7D877F
7E8880
98A199
F0F2F0
FFFFFF
FEFCFD
FFFEFF
FFFFFF
FFFFFF
FFFFFF
FFFFFF
FFFFFF
FFFFFF
FFFFFF
FFFFFF
FFFFFF
FFFFFF
FFFFFF
FFFFFF
FFFFFF
FFFFFF
FFFFFF
FFFFFF
FFFFFF
FFFFFF
FFFFFF
FFFFFF
FFFFFF
FFFFFF
FFFFFF
FFFFFF
FFFFFF
FFFFFF
FFFFFF
FFFFFF
FFFFFF
FFFFFF
FFFFFF
FFFFFF
FFFFFF
FFFFFF
FFFFFF
FFFFFF
FFFFFF
FFFFFF
FFFFFF
FFFFFF
FFFFFF
FFFFFF
FFFFFF
FFFFFF
FFFFFF
FFFFFF
FFFFFF
FFFFFF
FFFFFF
FFFFFF
FFFFFF
FFFFFF
FFFFFF
FFFFFF
FFFFFF
FFFFFF
FFFFFF
FFFFFF
FFFFFF
FFFFFF
FFFFFF
FFFFFF
FFFFFF
FFFFFF
FFFFFF
FFFFFF
FFFFFF
FFFFFF
FFFFFF
FFFFFF
FFFFFF
FFFFFF
FFFFFF
FFFFFF
FFFFFF
FFFFFF
FFFFFF
FFFFFF
FFFFFF
FFFFFF
FFFFFF
FFFFFF
FFFFFF
FFFFFF
FFFFFF
FFFFFF
FFFFFF
FFFFFF
FFFFFF
FFFFFF
FFFFFF
FFFFFF
FFFFFF
FFFFFF
FFFFFF
FFFFFF
FFFFFF
FFFFFF
FFFFFF
FFFFFF
FFFFFF
FFFFFF
FFFFFF
FFFFFF
FFFFFF
FFFFFF
FFFFFF
FFFFFF
FFFFFF
FFFFFF
FFFFFF
FFFFFF
FFFFFF
FFFFFF
FFFFFF
FFFFFF
FFFFFF
FFFFFF
FFFFFF
FFFFFF
FFFFFF
FFFFFF
FFFFFF
FFFFFF
FFFFFF
FFFFFF
FFFFFF
FFFFFF
FFFFFF
FFFFFF
FFFFFF
FFFFFF
FFFFFF
FFFFFF
FFFFFF
FFFFFF
FFFFFF
FFFFFF
FFFFFF
FFFFFF
FFFFFF
FFFFFF
FFFFFF
FFFFFF
FFFFFF
FFFFFF
FFFFFF
FFFFFF
FFFFFF
FFFFFF
FFFFFF
FFFFFF
FFFFFF
FFFFFF
FFFFFF
FFFFFF
FFFFFF
FFFFFF
FFFFFF
FFFFFF
FFFFFF
FFFFFF
FFFFFF
FFFFFF
FFFFFF
FFFFFF
FFFFFF
FFFFFF
FFFFFF
FFFFFF
FFFFFF
FFFFFF
FFFFFF
FFFFFF
FFFFFF
FFFFFF
FFFFFF
FFFFFF
FFFFFF
FFFFFF
FFFFFF
FFFFFF
FFFFFF
FFFFFF
FFFFFF
FFFFFF
FFFFFF
FFFFFF
E2E6EA
657C8F
59758A
5D798D
567185
587387
577286
536E82
577186
557084
5C778B
607A8E
5E768B
566D7F
7B8E9F
627586
5A6F82
53687B
51687A
506A7C
4A6476
466173
5B7385
4A6477
6A8090
90A1AE
475E71
768A9B
576E80
526A7C
526676
4E6170
556877
495D6D
4E6272
5B6E7D
536676
455A6C
4B6072
516474
5C6F7C
596D78
495E6B
4A606D
455C68
435B64
606C67
93937B
94967F
727B6F
727E77
5E6A67
747F7F
6F7876
8A9185
858D82
5B656D
606A6F
858F85
7E897E
818A82
828C85
7C867E
828C84
A6ACA6
F7F8F5
FFFEFE
FEFDFE
FFFFFF
FFFFFF
FFFFFF
FFFFFF
FFFFFF
FFFFFF
FFFFFF
FFFFFF
FFFFFF
FFFFFF
FFFFFF
FFFFFF
FFFFFF
FFFFFF
FFFFFF
FFFFFF
FFFFFF
FFFFFF
FFFFFF
FFFFFF
FFFFFF
FFFFFF
FFFFFF
FFFFFF
FFFFFF
FFFFFF
FFFFFF
FFFFFF
FFFFFF
FFFFFF
FFFFFF
FFFFFF
FFFFFF
FFFFFF
FFFFFF
FFFFFF
FFFFFF
FFFFFF
FFFFFF
FFFFFF
FFFFFF
FFFFFF
FFFFFF
FFFFFF
FFFFFF
FFFFFF
FFFFFF
FFFFFF
FFFFFF
FFFFFF
FFFFFF
FFFFFF
FFFFFF
FFFFFF
FFFFFF
FFFFFF
FFFFFF
FFFFFF
FFFFFF
FFFFFF
FFFFFF
FFFFFF
FFFFFF
FFFFFF
FFFFFF
FFFFFF
FFFFFF
FFFFFF
FFFFFF
FFFFFF
FFFFFF
FFFFFF
FFFFFF
FFFFFF
FFFFFF
FFFFFF
FFFFFF
FFFFFF
FFFFFF
FFFFFF
FFFFFF
FFFFFF
FFFFFF
FFFFFF
FFFFFF
FFFFFF
FFFFFF
FFFFFF
FFFFFF
FFFFFF
FFFFFF
FFFFFF
FFFFFF
FFFFFF
FFFFFF
FFFFFF
FFFFFF
FFFFFF
FFFFFF
FFFFFF
FFFFFF
FFFFFF
FFFFFF
FFFFFF
FFFFFF
FFFFFF
FFFFFF
FFFFFF
FFFFFF
FFFFFF
FFFFFF
FFFFFF
FFFFFF
FFFFFF
FFFFFF
FFFFFF
FFFFFF
FFFFFF
FFFFFF
FFFFFF
FFFFFF
FFFFFF
FFFFFF
FFFFFF
FFFFFF
FFFFFF
FFFFFF
FFFFFF
FFFFFF
FFFFFF
FFFFFF
FFFFFF
FFFFFF
FFFFFF
FFFFFF
FFFFFF
FFFFFF
FFFFFF
FFFFFF
FFFFFF
FFFFFF
FFFFFF
FFFFFF
FFFFFF
FFFFFF
FFFFFF
FFFFFF
FFFFFF
FFFFFF
FFFFFF
FFFFFF
FFFFFF
FFFFFF
FFFFFF
FFFFFF
FFFFFF
FFFFFF
FFFFFF
FFFFFF
FFFFFF
FFFFFF
FFFFFF
FFFFFF
FFFFFF
FFFFFF
FFFFFF
FFFFFF
FFFFFF
FFFFFF
FFFFFF
FFFFFF
FFFFFF
FFFFFF
FFFFFF
FFFFFF
FFFFFF
FFFFFF
FFFFFF
FFFFFF
FFFFFF
FFFFFF
FFFFFF
FFFFFF
FFFFFF
FFFFFF
FFFFFF
FFFFFF
FFFFFF
9CABB8
547087
5F7C92
5C788C
597488
546F83
546F83
587287
566F83
5A7386
5C7488
597286
597084
657C8E
657A8B
5A6D80
5D7385
546B7D
546B7D
4B6679
4A6476
577081
5E7687
4B6272
8FA1AF
576D7F
74899A
7F909E
506779
546B7D
506677
526575
4F6474
4A5F6F
5A6D7B
596C7A
435869
495E70
4A5E6E
566977
5D707E
4A5D6A
4E626F
485E6B
445B64
475D64
6F7C71
8E917F
8D9079
7F8775
606E67
646F6F
5E696E
808781
787F77
8D9384
757D79
5C686E
737F7A
848F83
7B857D
869087
828C81
7E8880
858D87
B5BAB3
FCFDF9
FFFDFE
FFFEFF
FFFFFF
FFFFFF
FFFFFF
FFFFFF
FFFFFF
FFFFFF
FFFFFF
FFFFFF
FFFFFF
FFFFFF
FFFFFF
FFFFFF
FFFFFF
FFFFFF
FFFFFF
FFFFFF
FFFFFF
FFFFFF
FFFFFF
FFFFFF
FFFFFF
FFFFFF
FFFFFF
FFFFFF
FFFFFF
FFFFFF
FFFFFF
FFFFFF
FFFFFF
FFFFFF
FFFFFF
FFFFFF
FFFFFF
FFFFFF
FFFFFF
FFFFFF
FFFFFF
FFFFFF
FFFFFF
FFFFFF
FFFFFF
FFFFFF
FFFFFF
FFFFFF
FFFFFF
FFFFFF
FFFFFF
FFFFFF
FFFFFF
FFFFFF
FFFFFF
FFFFFF
FFFFFF
FFFFFF
FFFFFF
FFFFFF
FFFFFF
FFFFFF
FFFFFF
FFFFFF
FFFFFF
FFFFFF
FFFFFF
FFFFFF
FFFFFF
FFFFFF
FFFFFF
FFFFFF
FFFFFF
FFFFFF
FFFFFF
FFFFFF
FFFFFF
FFFFFF
FFFFFF
FFFFFF
FFFFFF
FFFFFF
FFFFFF
FFFFFF
FFFFFF
FFFFFF
FFFFFF
FFFFFF
FFFFFF
FFFFFF
FFFFFF
FFFFFF
FFFFFF
FFFFFF
FFFFFF
FFFFFF
FFFFFF
FFFFFF
FFFFFF
FFFFFF
FFFFFF
FFFFFF
FFFFFF
FFFFFF
FFFFFF
FFFFFF
FFFFFF
FFFFFF
FFFFFF
FFFFFF
FFFFFF
FFFFFF
FFFFFF
FFFFFF
FFFFFF
FFFFFF
FFFFFF
FFFFFF
FFFFFF
FFFFFF
FFFFFF
FFFFFF
FFFFFF
FFFFFF
FFFFFF
FFFFFF
FFFFFF
FFFFFF
FFFFFF
FFFFFF
FFFFFF
FFFFFF
FFFFFF
FFFFFF
FFFFFF
FFFFFF
FFFFFF
FFFFFF
FFFFFF
FFFFFF
FFFFFF
FFFFFF
FFFFFF
FFFFFF
FFFFFF
FFFFFF
FFFFFF
FFFFFF
FFFFFF
FFFFFF
FFFFFF
FFFFFF
FFFFFF
FFFFFF
FFFFFF
FFFFFF
FFFFFF
FFFFFF
FFFFFF
FFFFFF
FFFFFF
FFFFFF
FFFFFF
FFFFFF
FFFFFF
FFFFFF
FFFFFF
FFFFFF
FFFFFF
FFFFFF
FFFFFF
FFFFFF
FFFFFF
FFFFFF
FFFFFF
FFFFFF
FFFFFF
FFFFFF
FFFFFF
FFFFFF
FFFFFF
FFFFFF
FFFFFF
FFFFFF
FFFFFF
FFFFFF
FFFFFF
FFFFFF
FFFFFF
FFFFFF
DBE3E9
607A8F
5A778C
5A7489
5C778B
597488
557084
597488
5A7488
5A7285
5E7689
566F83
587084
5A7083
677C8D
5E7184
5D7184
5D7385
50677A
4A6176
466073
577183
768D9D
546B7B
627786
8799A7
687D8E
A7BBCB
5B6E7E
506677
556A7B
546675
566978
465B6C
546776
5D6F7C
4C6170
4A606F
465C6C
4F6372
647682
506371
4C5E6C
495C6A
465A64
475B63
4B5D5F
758272
616B65
828878
90957F
7B8477
6D7772
626B6D
747C77
7F867A
808478
899081
5E696D
55616B
7E8A81
7C897E
7D897E
8C9487
778179
7F8882
848C81
C1C5BE
FEFEFE
FFFDFE
FFFFFF
FFFFFF
FEFEFE
FEFEFE
FEFEFE
FFFFFF
FFFFFF
FFFFFF
FFFFFF
FFFFFF
FFFFFF
FFFFFF
FFFFFF
FFFFFF
FFFFFF
FFFFFF
FFFFFF
FFFFFF
FFFFFF
FFFFFF
FFFFFF
FFFFFF
FFFFFF
FFFFFF
FFFFFF
FFFFFF
FFFFFF
FFFFFF
FFFFFF
FFFFFF
FFFFFF
FFFFFF
FFFFFF
FFFFFF
FFFFFF
FFFFFF
FFFFFF
FFFFFF
FFFFFF
FFFFFF
FFFFFF
FFFFFF
FFFFFF
FFFFFF
FFFFFF
FFFFFF
FFFFFF
FFFFFF
FFFFFF
FFFFFF
FFFFFF
FFFFFF
FFFFFF
FFFFFF
FFFFFF
FFFFFF
FFFFFF
FFFFFF
FFFFFF
FFFFFF
FFFFFF
FFFFFF
FFFFFF
FFFFFF
FFFFFF
FFFFFF
FFFFFF
FFFFFF
FFFFFF
FFFFFF
FFFFFF
FFFFFF
FFFFFF
FFFFFF
FFFFFF
FFFFFF
FFFFFF
FFFFFF
FFFFFF
FFFFFF
FFFFFF
FFFFFF
FFFFFF
FFFFFF
FFFFFF
FFFFFF
FFFFFF
FFFFFF
FFFFFF
FFFFFF
FFFFFF
FFFFFF
FFFFFF
FFFFFF
FFFFFF
FFFFFF
FFFFFF
FFFFFF
FFFFFF
FFFFFF
FFFFFF
FFFFFF
FFFFFF
FFFFFF
FFFFFF
FFFFFF
FFFFFF
FFFFFF
FFFFFF
FFFFFF
FFFFFF
FFFFFF
FFFFFF
FFFFFF
FFFFFF
FFFFFF
FFFFFF
FFFFFF
FFFFFF
FFFFFF
FFFFFF
FFFFFF
FFFFFF
FFFFFF
FFFFFF
FFFFFF
FFFFFF
FFFFFF
FFFFFF
FFFFFF
FFFFFF
FFFFFF
FFFFFF
FFFFFF
FFFFFF
FFFFFF
FFFFFF
FFFFFF
FFFFFF
FFFFFF
FFFFFF
FFFFFF
FFFFFF
FFFFFF
FFFFFF
FFFFFF
FFFFFF
FFFFFF
FFFFFF
FFFFFF
FFFFFF
FFFFFF
FFFFFF
FFFFFF
FFFFFF
FFFFFF
FFFFFF
FFFFFF
FFFFFF
FFFFFF
FFFFFF
FFFFFF
FFFFFF
FFFFFF
FFFFFF
FFFFFF
FFFFFF
FFFFFF
FFFFFF
FFFFFF
FFFFFF
FFFFFF
FFFFFF
FFFFFF
FFFFFF
FFFFFF
FFFFFF
FFFFFF
FFFFFF
FFFFFF
FFFFFF
FFFFFF
FFFFFF
FFFFFF
FFFFFF
FDFEFE
8EA3B1
537189
5F7B8F
587387
587387
557084
526D81
627D91
5B768A
61798C
5A7183
566D81
5A7084
697D8E
637585
5B6E81
566A7D
526A7C
486074
465F74
455F72
71899B
6F8798
4D6374
8295A4
9FB2C1
A8BBCA
7E91A0
576A79
516473
4E6271
5C6F7D
516573
526573
5A6B78
566875
4D6270
4A606F
485D6B
5C6E7B
5C6E7B
475A67
4E616E
445865
4F6269
445860
607167
98A283
77806F
5E6961
89907C
8C9381
868D7E
7D8479
5E6667
81877E
7E8477
8F9482
7A847B
54626A
687679
677574
7A867C
818C7D
868F84
767F7B
899086
878F83
C8CCC6
FFFFFF
FFFEFF
FFFEFF
FEFEFE
FEFEFE
FEFEFE
FFFFFF
FFFFFF
FFFFFF
FFFFFF
FFFFFF
FFFFFF
FFFFFF
FFFFFF
FFFFFF
FFFFFF
FFFFFF
FFFFFF
FFFFFF
FFFFFF
FFFFFF
FFFFFF
FFFFFF
FFFFFF
FFFFFF
FFFFFF
FFFFFF
FFFFFF
FFFFFF
FFFFFF
FFFFFF
FFFFFF
FFFFFF
FFFFFF
FFFFFF
FFFFFF
FFFFFF
FFFFFF
FFFFFF
FFFFFF
FFFFFF
FFFFFF
FFFFFF
FFFFFF
FFFFFF
FFFFFF
FFFFFF
FFFFFF
FFFFFF
FFFFFF
FFFFFF
FFFFFF
FFFFFF
FFFFFF
FFFFFF
FFFFFF
FFFFFF
FFFFFF
FFFFFF
FFFFFF
FFFFFF
FFFFFF
FFFFFF
FFFFFF
FFFFFF
FFFFFF
FFFFFF
FFFFFF
FFFFFF
FFFFFF
FFFFFF
FFFFFF
FFFFFF
FFFFFF
FFFFFF
FFFFFF
FFFFFF
FFFFFF
FFFFFF
FFFFFF
FFFFFF
FFFFFF
FFFFFF
FFFFFF
FFFFFF
FFFFFF
FFFFFF
FFFFFF
FFFFFF
FFFFFF
FFFFFF
FFFFFF
FFFFFF
FFFFFF
FFFFFF
FFFFFF
FFFFFF
FFFFFF
FFFFFF
FFFFFF
FFFFFF
FFFFFF
FFFFFF
FFFFFF
FFFFFF
FFFFFF
FFFFFF
FFFFFF
FFFFFF
FFFFFF
FFFFFF
FFFFFF
FFFFFF
FFFFFF
FFFFFF
FFFFFF
FFFFFF
FFFFFF
FFFFFF
FFFFFF
FFFFFF
FFFFFF
FFFFFF
FFFFFF
FFFFFF
FFFFFF
FFFFFF
FFFFFF
FFFFFF
FFFFFF
FFFFFF
FFFFFF
FFFFFF
FFFFFF
FFFFFF
FFFFFF
FFFFFF
FFFFFF
FFFFFF
FFFFFF
FFFFFF
FFFFFF
FFFFFF
FFFFFF
FFFFFF
FFFFFF
FFFFFF
FFFFFF
FFFFFF
FFFFFF
FFFFFF
FFFFFF
FFFFFF
FFFFFF
FFFFFF
FFFFFF
FFFFFF
FFFFFF
FFFFFF
FFFFFF
FFFFFF
FFFFFF
FFFFFF
FFFFFF
FFFFFF
FFFFFF
FFFFFF
FFFFFF
FFFFFF
FFFFFF
FFFFFF
FFFFFF
FFFFFF
FFFFFF
FFFFFF
FFFFFF
FFFFFF
FFFFFF
FFFFFF
FFFFFF
FFFFFF
FFFFFF
FFFFFF
FFFFFF
FFFFFF
FFFFFF
C4D1D9
547187
5F7C92
5E798D
5B768A
536F83
536E83
627C91
5E788C
597287
5D7588
5E7587
597083
5E7486
768998
607383
576A7C
55697D
4E6679
465F74
496276
587083
879EAF
4D6676
5F7482
8C9EAE
A4B7C7
8B9EAD
566978
546776
4C5F6E
566877
5C6F7D
4F6371
586B78
5A6C79
4D616F
495F6D
485E6B
586B77
5C6E7A
4B5E6C
556874
455764
495C68
4D6068
44585D
6E7E71
7A856D
8D9580
747F74
788173
8B9281
8F937F
8E9381
737A74
6C7370
828880
777C72
949C8D
6A7875
51606C
5E6C71
6E7B77
808C81
889086
7A837C
808A81
899285
899185
D4D9D4
FFFFFF
FFFDFF
FEFEFE
FEFEFE
FEFEFE
FFFFFF
FFFFFF
FFFFFF
FFFFFF
FFFFFF
FFFFFF
FFFFFF
FFFFFF
FFFFFF
FFFFFF
FFFFFF
FFFFFF
FFFFFF
FFFFFF
FFFFFF
FFFFFF
FFFFFF
FFFFFF
FFFFFF
FFFFFF
FFFFFF
FFFFFF
FFFFFF
FFFFFF
FFFFFF
FFFFFF
FFFFFF
FFFFFF
FFFFFF
FFFFFF
FFFFFF
FFFFFF
FFFFFF
FFFFFF
FFFFFF
FFFFFF
FFFFFF
FFFFFF
FFFFFF
FFFFFF
FFFFFF
FFFFFF
FFFFFF
FFFFFF
FFFFFF
FFFFFF
FFFFFF
FFFFFF
FFFFFF
FFFFFF
FFFFFF
FFFFFF
FFFFFF
FFFFFF
FFFFFF
FFFFFF
FFFFFF
FFFFFF
FFFFFF
FFFFFF
FFFFFF
FFFFFF
FFFFFF
FFFFFF
FFFFFF
FFFFFF
FFFFFF
FFFFFF
FFFFFF
FFFFFF
FFFFFF
FFFFFF
FFFFFF
FFFFFF
FFFFFF
FFFFFF
FFFFFF
FFFFFF
FFFFFF
FFFFFF
FFFFFF
FFFFFF
FFFFFF
FFFFFF
FFFFFF
FFFFFF
FFFFFF
FFFFFF
FFFFFF
FFFFFF
FFFFFF
FFFFFF
FFFFFF
FFFFFF
FFFFFF
FFFFFF
FFFFFF
FFFFFF
FFFFFF
FFFFFF
FFFFFF
FFFFFF
FFFFFF
FFFFFF
FFFFFF
FFFFFF
FFFFFF
FFFFFF
FFFFFF
FFFFFF
FFFFFF
FFFFFF
FFFFFF
FFFFFF
FFFFFF
FFFFFF
FFFFFF
FFFFFF
FFFFFF
FFFFFF
FFFFFF
FFFFFF
FFFFFF
FFFFFF
FFFFFF
FFFFFF
FFFFFF
FFFFFF
FFFFFF
FFFFFF
FFFFFF
FFFFFF
FFFFFF
FFFFFF
FFFFFF
FFFFFF
FFFFFF
FFFFFF
FFFFFF
FFFFFF
FFFFFF
FFFFFF
FFFFFF
FFFFFF
FFFFFF
FFFFFF
FFFFFF
FFFFFF
FFFFFF
FFFFFF
FFFFFF
FFFFFF
FFFFFF
FFFFFF
FFFFFF
FFFFFF
FFFFFF
FFFFFF
FFFFFF
FFFFFF
FFFFFF
FFFFFF
FFFFFF
FFFFFF
FFFFFF
FFFFFF
FFFFFF
FFFFFF
FFFFFF
FFFFFF
FFFFFF
FFFFFF
FFFFFF
FFFFFF
FFFFFF
FFFFFF
FFFFFF
FFFFFF
FFFFFF
DEE4E9
677E90
5B7990
607C90
597488
577286
516D81
567084
5F788D
577085
5D7589
5C7486
5E7486
5F7587
6F8392
6A7E8E
596D80
536678
516679
4D6579
455E73
4B6478
859CAF
617989
4B6372
889AA9
8296A6
A2B6C7
5A6D7C
566978
4F6271
546776
607280
596B79
526573
5A6C78
5A6C7A
4E6371
475D6B
506570
64757F
4E626D
4F6471
4F636F
4B5E6A
4A5C68
465962
546767
66766B
67766D
757F6F
828A76
7A847A
7E8679
919682
90947E
888D7D
686F6F
6D7473
757C77
6B7670
89958B
556269
626F76
667476
697676
717A79
899088
7C867D
848E84
879084
8C948A
E1E4E0
FFFFFF
FEFEFE
FEFEFE
FEFEFE
FFFFFF
FFFFFF
FFFFFF
FFFFFF
FFFFFF
FFFFFF
FFFFFF
FFFFFF
FFFFFF
FFFFFF
FFFFFF
FFFFFF
FFFFFF
FFFFFF
FFFFFF
FFFFFF
FFFFFF
FFFFFF
FFFFFF
FFFFFF
FFFFFF
FFFFFF
FFFFFF
FFFFFF
FFFFFF
FFFFFF
FFFFFF
FFFFFF
FFFFFF
FFFFFF
FFFFFF
FFFFFF
FFFFFF
FFFFFF
FFFFFF
FFFFFF
FFFFFF
FFFFFF
FFFFFF
FFFFFF
FFFFFF
FFFFFF
FFFFFF
FFFFFF
FFFFFF
FFFFFF
FFFFFF
FFFFFF
FFFFFF
FFFFFF
FFFFFF
FFFFFF
FFFFFF
FFFFFF
FFFFFF
FFFFFF
FFFFFF
FFFFFF
FFFFFF
FFFFFF
FFFFFF
FFFFFF
FFFFFF
FFFFFF
FFFFFF
FFFFFF
FFFFFF
FFFFFF
FFFFFF
FFFFFF
FFFFFF
FFFFFF
FFFFFF
FFFFFF
FFFFFF
FFFFFF
FFFFFF
FFFFFF
FFFFFF
FFFFFF
FFFFFF
FFFFFF
FFFFFF
FFFFFF
FFFFFF
FFFFFF
FFFFFF
FFFFFF
FFFFFF
FFFFFF
FFFFFF
FFFFFF
FFFFFF
FFFFFF
FFFFFF
FFFFFF
FFFFFF
FFFFFF
FFFFFF
FFFFFF
FFFFFF
FFFFFF
FFFFFF
FFFFFF
FFFFFF
FFFFFF
FFFFFF
FFFFFF
FFFFFF
FFFFFF
FFFFFF
FFFFFF
FFFFFF
FFFFFF
FFFFFF
FFFFFF
FFFFFF
FFFFFF
FFFFFF
FFFFFF
FFFFFF
FFFFFF
FFFFFF
FFFFFF
FFFFFF
FFFFFF
FFFFFF
FFFFFF
FFFFFF
FFFFFF
FFFFFF
FFFFFF
FFFFFF
FFFFFF
FFFFFF
FFFFFF
FFFFFF
FFFFFF
FFFFFF
FFFFFF
FFFFFF
FFFFFF
FFFFFF
FFFFFF
FFFFFF
FFFFFF
FFFFFF
FFFFFF
FFFFFF
FFFFFF
FFFFFF
FFFFFF
FFFFFF
FFFFFF
FFFFFF
FFFFFF
FFFFFF
FFFFFF
FFFFFF
FFFFFF
FFFFFF
FFFFFF
FFFFFF
FFFFFF
FFFFFF
FFFFFF
FFFFFF
FFFFFF
FFFFFF
FFFFFF
FFFFFF
FFFFFF
FFFFFF
FFFFFF
FFFFFF
FFFFFF
FFFFFF
FFFFFF
EDF1F2
788996
5B788C
658297
59768A
5D788C
546F83
526D81
546E82
546E81
5A7387
5D7488
637A8B
5E7586
5D7385
798B9A
596E80
546A7B
52677A
4B6274
496376
486276
6E8598
8199A9
4D6677
647987
98ABBA
98AEBF
7C90A0
516473
516473
495C6B
627584
596C7A
526674
566977
5D707C
4F6371
4B616F
526772
60737C
586B75
4E636D
50666F
475C68
4D606C
475A65
53666B
5C6E6C
6D7C6E
5B6860
6E796F
8D9680
757F73
778077
82897B
939682
878A7B
767D78
5D666A
717B79
556167
747F7A
77847D
5B6A70
5F6E74
586770
667077
7C837E
868F83
78837A
869086
838B7F
929991
EBEDEA
FFFFFF
FFFDFE
FEFEFE
FFFFFF
FFFFFF
FFFFFF
FFFFFF
FFFFFF
FFFFFF
FFFFFF
FFFFFF
FFFFFF
FFFFFF
FFFFFF
FFFFFF
FFFFFF
FFFFFF
FFFFFF
FFFFFF
FFFFFF
FFFFFF
FFFFFF
FFFFFF
FFFFFF
FFFFFF
FFFFFF
FFFFFF
FFFFFF
FFFFFF
FFFFFF
FFFFFF
FFFFFF
FFFFFF
FFFFFF
FFFFFF
FFFFFF
FFFFFF
FFFFFF
FFFFFF
FFFFFF
FFFFFF
FFFFFF
FFFFFF
FFFFFF
FFFFFF
FFFFFF
FFFFFF
FFFFFF
FFFFFF
FFFFFF
FFFFFF
FFFFFF
FFFFFF
FFFFFF
FFFFFF
FFFFFF
FFFFFF
FFFFFF
FFFFFF
FFFFFF
FFFFFF
FFFFFF
FFFFFF
FFFFFF
FFFFFF
FFFFFF
FFFFFF
FFFFFF
FFFFFF
FFFFFF
FFFFFF
FFFFFF
FFFFFF
FFFFFF
FFFFFF
FFFFFF
FFFFFF
FFFFFF
FFFFFF
FFFFFF
FFFFFF
FFFFFF
FFFFFF
FFFFFF
FFFFFF
FFFFFF
FFFFFF
FFFFFF
FFFFFF
FFFFFF
FFFFFF
FFFFFF
FFFFFF
FFFFFF
FFFFFF
FFFFFF
FFFFFF
FFFFFF
FFFFFF
FFFFFF
FFFFFF
FFFFFF
FFFFFF
FFFFFF
FFFFFF
FFFFFF
FFFFFF
FFFFFF
FFFFFF
FFFFFF
FFFFFF
FFFFFF
FFFFFF
FFFFFF
FFFFFF
FFFFFF
FFFFFF
FFFFFF
FFFFFF
FFFFFF
FFFFFF
FFFFFF
FFFFFF
FFFFFF
FFFFFF
FFFFFF
FFFFFF
FFFFFF
FFFFFF
FFFFFF
FFFFFF
FFFFFF
FFFFFF
FFFFFF
FFFFFF
FFFFFF
FFFFFF
FFFFFF
FFFFFF
FFFFFF
FFFFFF
FFFFFF
FFFFFF
FFFFFF
FFFFFF
FFFFFF
FFFFFF
FFFFFF
FFFFFF
FFFFFF
FFFFFF
FFFFFF
FFFFFF
FFFFFF
FFFFFF
FFFFFF
FFFFFF
FFFFFF
FFFFFF
FFFFFF
FFFFFF
FFFFFF
FFFFFF
FFFFFF
FFFFFF
FFFFFF
FFFFFF
FFFFFF
FFFFFF
FFFFFF
FFFFFF
FFFFFF
FFFFFF
FFFFFF
FFFFFF
FFFFFF
FFFFFF
FFFFFF
FFFFFF
FFFFFD
FEFFFF
94A3AE
566F80
668295
5B7689
597487
546F82
536E82
577185
546D81
577183
5E7688
607688
64798B
5D7486
5E7587
64798B
546B7E
536B7D
51677B
485F73
4A6578
637C8B
94A6B3
536A7B
536A7A
90A3B2
7E92A2
8FA4B5
566978
556877
485B6A
546776
5E7181
556876
536775
5C6F7C
5A6D7A
465B69
4E636F
62747D
596C76
455C66
526871
4C626B
51656E
4F626D
4D6068
55676C
556766
818F77
73806E
5E6967
737E73
868E7E
6D7673
6E7773
878C7D
8D917F
7F8579
666F6F
687272
6E7A7B
606D6F
8F9A8B
6E7A76
5C6B70
566570
616E77
7B8580
7D877E
7B857C
7A847B
899287
7B8479
959992
EFF0ED
FFFFFF
FEFEFE
FFFFFF
FFFFFF
FFFFFF
FFFFFF
FFFFFF
FFFFFF
FFFFFF
FFFFFF
FFFFFF
FFFFFF
FFFFFF
FFFFFF
FFFFFF
FFFFFF
FFFFFF
FFFFFF
FFFFFF
FFFFFF
FFFFFF
FFFFFF
FFFFFF
FFFFFF
FFFFFF
FFFFFF
FFFFFF
FFFFFF
FFFFFF
FFFFFF
FFFFFF
FFFFFF
FFFFFF
FFFFFF
FFFFFF
FFFFFF
FFFFFF
FFFFFF
FFFFFF
FFFFFF
FFFFFF
FFFFFF
FFFFFF
FFFFFF
FFFFFF
FFFFFF
FFFFFF
FFFFFF
FFFFFF
FFFFFF
FFFFFF
FFFFFF
FFFFFF
FFFFFF
FFFFFF
FFFFFF
FFFFFF
FFFFFF
FFFFFF
FFFFFF
FFFFFF
FFFFFF
FFFFFF
FFFFFF
FFFFFF
FFFFFF
FFFFFF
FFFFFF
FFFFFF
FFFFFF
FFFFFF
FFFFFF
FFFFFF
FFFFFF
FFFFFF
FFFFFF
FFFFFF
FFFFFF
FFFFFF
FFFFFF
FFFFFF
FFFFFF
FFFFFF
FFFFFF
FFFFFF
FFFFFF
FFFFFF
FFFFFF
FFFFFF
FFFFFF
FFFFFF
FFFFFF
FFFFFF
FFFFFF
FFFFFF
FFFFFF
FFFFFF
FFFFFF
FFFFFF
FFFFFF
FFFFFF
FFFFFF
FFFFFF
FFFFFF
FFFFFF
FFFFFF
FFFFFF
FFFFFF
FFFFFF
FFFFFF
FFFFFF
FFFFFF
FFFFFF
FFFFFF
FFFFFF
FFFFFF
FFFFFF
FFFFFF
FFFFFF
FFFFFF
FFFFFF
FFFFFF
FFFFFF
FFFFFF
FFFFFF
FFFFFF
FFFFFF
FFFFFF
FFFFFF
FFFFFF
FFFFFF
FFFFFF
FFFFFF
FFFFFF
FFFFFF
FFFFFF
FFFFFF
FFFFFF
FFFFFF
FFFFFF
FFFFFF
FFFFFF
FFFFFF
FFFFFF
FFFFFF
FFFFFF
FFFFFF
FFFFFF
FFFFFF
FFFFFF
FFFFFF
FFFFFF
FFFFFF
FFFFFF
FFFFFF
FFFFFF
FFFFFF
FFFFFF
FFFFFF
FFFFFF
FFFFFF
FFFFFF
FFFFFF
FFFFFF
FFFFFF
FFFFFF
FFFFFF
FFFFFF
FFFFFF
FFFFFF
FFFFFF
FFFFFF
FFFFFF
FFFFFF
FFFFFF
FFFFFF
FFFFFF
FFFFFF
FFFFFF
D2DBE1
5A7486
5D7889
627D8E
536E81
5A7588
506B7E
557084
556F83
587185
5E7989
607787
5B7284
546B7E
5A7183
556C80
4F687C
526A7D
566E80
4C6275
4D6678
6B8391
A8BAC3
6A818F
4E6677
5E7383
6B7E8E
576C7D
5A6D7D
556877
536675
475A69
5F7281
556877
526574
5A6C7A
5D6F7C
4B606F
4E636F
5D707A
64767F
465B65
4E636D
4E636C
4D626B
52666F
4B5D67
54656C
475A64
475A5B
7C8A70
778371
5B686B
5E6B6B
717B74
77817C
656E70
747B76
939884
8D917F
6E7673
5E676E
6C777B
5A6970
75827C
879385
6B7775
657277
515D6B
68737A
6A7476
889288
727C72
7B857D
889288
787F75
9DA39B
F2F4F1
FFFFFF
FFFEFF
FFFFFF
FFFFFF
FFFFFF
FFFFFF
FFFFFF
FFFFFF
FFFFFF
FFFFFF
FFFFFF
FFFFFF
FFFFFF
FFFFFF
FFFFFF
FFFFFF
FFFFFF
FFFFFF
FFFFFF
FFFFFF
FFFFFF
FFFFFF
FFFFFF
FFFFFF
FFFFFF
FFFFFF
FFFFFF
FFFFFF
FFFFFF
FFFFFF
FFFFFF
FFFFFF
FFFFFF
FFFFFF
FFFFFF
FFFFFF
FFFFFF
FFFFFF
FFFFFF
FFFFFF
FFFFFF
FFFFFF
FFFFFF
FFFFFF
FFFFFF
FFFFFF
FFFFFF
FFFFFF
FFFFFF
FFFFFF
FFFFFF
FFFFFF
FFFFFF
FFFFFF
FFFFFF
FFFFFF
FFFFFF
FFFFFF
FFFFFF
FFFFFF
FFFFFF
FFFFFF
FFFFFF
FFFFFF
FFFFFF
FFFFFF
FFFFFF
FFFFFF
FFFFFF
FFFFFF
FFFFFF
FFFFFF
FFFFFF
FFFFFF
FFFFFF
FFFFFF
FFFFFF
FFFFFF
FFFFFF
FFFFFF
FFFFFF
FFFFFF
FFFFFF
FFFFFF
FFFFFF
FFFFFF
FFFFFF
FFFFFF
FFFFFF
FFFFFF
FFFFFF
FFFFFF
FFFFFF
FFFFFF
FFFFFF
FFFFFF
FFFFFF
FFFFFF
FFFFFF
FFFFFF
FFFFFF
FFFFFF
FFFFFF
FFFFFF
FFFFFF
FFFFFF
FFFFFF
FFFFFF
FFFFFF
FFFFFF
FFFFFF
FFFFFF
FFFFFF
FFFFFF
FFFFFF
FFFFFF
FFFFFF
FFFFFF
FFFFFF
FFFFFF
FFFFFF
FFFFFF
FFFFFF
FFFFFF
FFFFFF
FFFFFF
FFFFFF
FFFFFF
FFFFFF
FFFFFF
FFFFFF
FFFFFF
FFFFFF
FFFFFF
FFFFFF
FFFFFF
FFFFFF
FFFFFF
FFFFFF
FFFFFF
FFFFFF
FFFFFF
FFFFFF
FFFFFF
FFFFFF
FFFFFF
FFFFFF
FFFFFF
FFFFFF
FFFFFF
FFFFFF
FFFFFF
FFFFFF
FFFFFF
FFFFFF
FFFFFF
FFFFFF
FFFFFF
FFFFFF
FFFFFF
FFFFFF
FFFFFF
FFFFFF
FFFFFF
FFFFFF
FFFFFF
FFFFFF
FFFFFF
FFFFFF
FFFFFF
FFFFFF
FFFFFF
FFFFFF
FFFFFF
FFFFFF
FFFFFF
FFFFFF
EEF2F5
778C9B
557186
627C8E
5A7486
587385
536E81
567083
567084
556E83
5C7589
627A8B
63798B
4E6678
4E667B
5A7285
51697C
4D677B
516A7D
51697B
4C6274
586E7D
95A7B1
91A5B0
496677
4F6776
5A6C7B
576B7C
536879
546777
546878
576A79
576A79
5B6E7D
516473
586B7A
5D707E
4E6270
455A67
5C6E78
667781
4E636D
49606A
526770
4F656E
4A6069
546871
54666D
53656D
3E515E
5D6F6A
8B987B
8A957B
5C6860
4E5C63
56646D
6E7978
697374
576166
7D8379
898D7C
7C837A
59646E
4C5A68
506070
5C6B71
79867D
737F7B
707D80
606C78
515D6D
5E6872
77817E
80897D
737D75
838D84
858E82
7D867A
ADB3AA
FAFBF9
FFFFFF
FEFEFE
FFFFFF
FFFFFF
FFFFFF
FFFFFF
FFFFFF
FFFFFF
FFFFFF
FFFFFF
FFFFFF
FFFFFF
FFFFFF
FFFFFF
FFFFFF
FFFFFF
FFFFFF
FFFFFF
FFFFFF
FFFFFF
FFFFFF
FFFFFF
FFFFFF
FFFFFF
FFFFFF
FFFFFF
FFFFFF
FFFFFF
FFFFFF
FFFFFF
FFFFFF
FFFFFF
FFFFFF
FFFFFF
FFFFFF
FFFFFF
FFFFFF
FFFFFF
FFFFFF
FFFFFF
FFFFFF
FFFFFF
FFFFFF
FFFFFF
FFFFFF
FFFFFF
FFFFFF
FFFFFF
FFFFFF
FFFFFF
FFFFFF
FFFFFF
FFFFFF
FFFFFF
FFFFFF
FFFFFF
FFFFFF
FFFFFF
FFFFFF
FFFFFF
FFFFFF
FFFFFF
FFFFFF
FFFFFF
FFFFFF
FFFFFF
FFFFFF
FFFFFF
FFFFFF
FFFFFF
FFFFFF
FFFFFF
FFFFFF
FFFFFF
FFFFFF
FFFFFF
FFFFFF
FFFFFF
FFFFFF
FFFFFF
FFFFFF
FFFFFF
FFFFFF
FFFFFF
FFFFFF
FFFFFF
FFFFFF
FFFFFF
FFFFFF
FFFFFF
FFFFFF
FFFFFF
FFFFFF
FFFFFF
FFFFFF
FFFFFF
FFFFFF
FFFFFF
FFFFFF
FFFFFF
FFFFFF
FFFFFF
FFFFFF
FFFFFF
FFFFFF
FFFFFF
FFFFFF
FFFFFF
FFFFFF
FFFFFF
FFFFFF
FFFFFF
FFFFFF
FFFFFF
FFFFFF
FFFFFF
FFFFFF
FFFFFF
FFFFFF
FFFFFF
FFFFFF
FFFFFF
FFFFFF
FFFFFF
FFFFFF
FFFFFF
FFFFFF
FFFFFF
FFFFFF
FFFFFF
FFFFFF
FFFFFF
FFFFFF
FFFFFF
FFFFFF
FFFFFF
FFFFFF
FFFFFF
FFFFFF
FFFFFF
FFFFFF
FFFFFF
FFFFFF
FFFFFF
FFFFFF
FFFFFF
FFFFFF
FFFFFF
FFFFFF
FFFFFF
FFFFFF
FFFFFF
FFFFFF
FFFFFF
FFFFFF
FFFFFF
FFFFFF
FFFFFF
FFFFFF
FFFFFF
FFFFFF
FFFFFF
FFFFFF
FFFFFF
FFFFFF
FFFFFF
FFFFFF
FFFFFF
FFFFFF
FFFFFF
FFFFFF
FFFFFF
FFFFFF
FFFFFF
FFFFFF
FDFEFF
98A8B4
526F84
5F798D
5C7589
566F83
597487
506B7E
597386
577084
5A7186
5F768A
607789
566B7D
4E6577
576F83
4C6579
576E81
587184
476276
485F72
465D6E
778B9A
AEC1CC
587384
4E6C7F
708695
5B6E7C
516679
546879
576C7E
566B7A
5C6F7E
5A6D7B
536675
576A79
5B6F7D
546774
4F626F
5B6E79
677A81
51656E
4B626C
50656F
556A71
445B64
4D626B
50646B
546769
4F616A
435764
5A6B69
7F8E72
97A17D
8B957F
5B6868
43505F
5D6768
757F7C
626B71
656C6E
80877D
8B9284
5C656A
425165
42536A
51626F
657374
707E7B
4F5D65
5E6B77
55626E
6B767C
5C666B
818A81
7A8479
747D75
838D83
838D81
7F887B
B5BAB3
FDFDFC
FFFFFF
FEFEFE
FFFFFF
FFFFFF
FFFFFF
FFFFFF
FFFFFF
FFFFFF
FFFFFF
FFFFFF
FFFFFF
FFFFFF
FFFFFF
FFFFFF
FFFFFF
FFFFFF
FFFFFF
FFFFFF
FFFFFF
FFFFFF
FFFFFF
FFFFFF
FFFFFF
FFFFFF
FFFFFF
FFFFFF
FFFFFF
FFFFFF
FFFFFF
FFFFFF
FFFFFF
FFFFFF
FFFFFF
FFFFFF
FFFFFF
FFFFFF
FFFFFF
FFFFFF
FFFFFF
FFFFFF
FFFFFF
FFFFFF
FFFFFF
FFFFFF
FFFFFF
FFFFFF
FFFFFF
FFFFFF
FFFFFF
FFFFFF
FFFFFF
FFFFFF
FFFFFF
FFFFFF
FFFFFF
FFFFFF
FFFFFF
FFFFFF
FFFFFF
FFFFFF
FFFFFF
FFFFFF
FFFFFF
FFFFFF
FFFFFF
FFFFFF
FFFFFF
FFFFFF
FFFFFF
FFFFFF
FFFFFF
FFFFFF
FFFFFF
FFFFFF
FFFFFF
FFFFFF
FFFFFF
FFFFFF
FFFFFF
FFFFFF
FFFFFF
FFFFFF
FFFFFF
FFFFFF
FFFFFF
FFFFFF
FFFFFF
FFFFFF
FFFFFF
FFFFFF
FFFFFF
FFFFFF
FFFFFF
FFFFFF
FFFFFF
FFFFFF
FFFFFF
FFFFFF
FFFFFF
FFFFFF
FFFFFF
FFFFFF
FFFFFF
FFFFFF
FFFFFF
FFFFFF
FFFFFF
FFFFFF
FFFFFF
FFFFFF
FFFFFF
FFFFFF
FFFFFF
FFFFFF
FFFFFF
FFFFFF
FFFFFF
FFFFFF
FFFFFF
FFFFFF
FFFFFF
FFFFFF
FFFFFF
FFFFFF
FFFFFF
FFFFFF
FFFFFF
FFFFFF
FFFFFF
FFFFFF
FFFFFF
FFFFFF
FFFFFF
FFFFFF
FFFFFF
FFFFFF
FFFFFF
FFFFFF
FFFFFF
FFFFFF
FFFFFF
FFFFFF
FFFFFF
FFFFFF
FFFFFF
FFFFFF
FFFFFF
FFFFFF
FFFFFF
FFFFFF
FFFFFF
FFFFFF
FFFFFF
FFFFFF
FFFFFF
FFFFFF
FFFFFF
FFFFFF
FFFFFF
FFFFFF
FFFFFF
FFFFFF
FFFFFF
FFFFFF
FFFFFF
FFFFFF
FFFFFF
FFFFFF
FFFFFF
FFFFFF
FFFFFF
FFFFFF
FFFFFE
FFFFFF
C9D3D8
587387
5C788D
637D91
577084
597185
50697D
5B7387
60798D
566F83
5C7488
607789
597081
4E6374
5E7587
536C80
4C667A
5C7386
546E81
435D72
4A6275
546878
A7BCCA
758B99
476273
6F8797
677B8A
586B7B
55697A
556878
496071
546977
5E717F
566876
556876
5F727F
566C79
4E626D
5D6F77
677A81
5A6E77
475D67
52676F
5A6E76
485E64
4D626A
4C6068
526669
607472
4F636A
425963
3F545A
6E8071
929D7B
878F75
7D877D
5E696C
737C78
808881
666F6D
5E686F
656F70
7E877C
7B837B
505F6E
40536B
45596B
607077
6D7C7C
5F6E77
495869
6F7D82
798485
67737B
707977
8B9385
7A8378
7D877E
838D82
808B7D
818A7D
CDD1C9
FFFFFF
FFFEFF
FFFFFF
FFFFFF
FFFFFF
FFFFFF
FFFFFF
FFFFFF
FFFFFF
FFFFFF
FFFFFF
FFFFFF
FFFFFF
FFFFFF
FFFFFF
FFFFFF
FFFFFF
FFFFFF
FFFFFF
FFFFFF
FFFFFF
FFFFFF
FFFFFF
FFFFFF
FFFFFF
FFFFFF
FFFFFF
FFFFFF
FFFFFF
FFFFFF
FFFFFF
FFFFFF
FFFFFF
FFFFFF
FFFFFF
FFFFFF
FFFFFF
FFFFFF
FFFFFF
FFFFFF
FFFFFF
FFFFFF
FFFFFF
FFFFFF
FFFFFF
FFFFFF
FFFFFF
FFFFFF
FFFFFF
FFFFFF
FFFFFF
FFFFFF
FFFFFF
FFFFFF
FFFFFF
FFFFFF
FFFFFF
FFFFFF
FFFFFF
FFFFFF
FFFFFF
FFFFFF
FFFFFF
FFFFFF
FFFFFF
FFFFFF
FFFFFF
FFFFFF
FFFFFF
FFFFFF
FFFFFF
FFFFFF
FFFFFF
FFFFFF
FFFFFF
FFFFFF
FFFFFF
FFFFFF
FFFFFF
FFFFFF
FFFFFF
FFFFFF
FFFFFF
FFFFFF
FFFFFF
FFFFFF
FFFFFF
FFFFFF
FFFFFF
FFFFFF
FFFFFF
FFFFFF
FFFFFF
FFFFFF
FFFFFF
FFFFFF
FFFFFF
FFFFFF
FFFFFF
FFFFFF
FFFFFF
FFFFFF
FFFFFF
FFFFFF
FFFFFF
FFFFFF
FFFFFF
FFFFFF
FFFFFF
FFFFFF
FFFFFF
FFFFFF
FFFFFF
FFFFFF
FFFFFF
FFFFFF
FFFFFF
FFFFFF
FFFFFF
FFFFFF
FFFFFF
FFFFFF
FFFFFF
FFFFFF
FFFFFF
FFFFFF
FFFFFF
FFFFFF
FFFFFF
FFFFFF
FFFFFF
FFFFFF
FFFFFF
FFFFFF
FFFFFF
FFFFFF
FFFFFF
FFFFFF
FFFFFF
FFFFFF
FFFFFF
FFFFFF
FFFFFF
FFFFFF
FFFFFF
FFFFFF
FFFFFF
FFFFFF
FFFFFF
FFFFFF
FFFFFF
FFFFFF
FFFFFF
FFFFFF
FFFFFF
FFFFFF
FFFFFF
FFFFFF
FFFFFF
FFFFFF
FFFFFF
FFFFFF
FFFFFF
FFFFFF
FFFFFF
FFFFFF
FFFFFF
FFFFFF
FFFFFF
FFFFFE
FFFFFD
FFFFFD
FFFFFD
F0F7F9
798C9A
557287
637F93
5D768A
5C7387
596F84
586D83
62778C
5C7287
586F82
5D7486
5F7587
526A7A
576D7F
607789
4A6478
506A7E
556F81
486276
446177
4F6679
9FAEBA
798C9A
4C6473
637A88
8897A2
516475
556878
5B6D7D
526574
4D6373
5A6E7B
576B77
596C77
5C6F79
566C76
4D636C
53696E
66797C
5B7075
4B6168
50686D
5E7175
4F6368
51676C
4E6269
4F6367
657878
5C716F
445A60
425961
4E6668
4F6462
849078
818971
666E68
7A827A
727973
626A6B
77817B
556068
525D68
616A6D
8A9485
606E75
3B526B
3C546B
4D6171
586871
69787E
536270
4E5D6B
606D72
636E76
697374
828A7E
868E7F
7F897F
858E83
858D7F
838C7E
8B9288
D5D7D1
FFFFFF
FFFEFF
FFFFFF
FFFFFF
FFFFFF
FFFFFF
FFFFFF
FFFFFF
FFFFFF
FFFFFF
FFFFFF
FFFFFF
FFFFFF
FFFFFF
FFFFFF
FFFFFF
FFFFFF
FFFFFF
FFFFFF
FFFFFF
FFFFFF
FFFFFF
FFFFFF
FFFFFF
FFFFFF
FFFFFF
FFFFFF
FFFFFF
FFFFFF
FFFFFF
FFFFFF
FFFFFF
FFFFFF
FFFFFF
FFFFFF
FFFFFF
FFFFFF
FFFFFF
FFFFFF
FFFFFF
FFFFFF
FFFFFF
FFFFFF
FFFFFF
FFFFFF
FFFFFF
FFFFFF
FFFFFF
FFFFFF
FFFFFF
FFFFFF
FFFFFF
FFFFFF
FFFFFF
FFFFFF
FFFFFF
FFFFFF
FFFFFF
FFFFFF
FFFFFF
FFFFFF
FFFFFF
FFFFFF
FFFFFF
FFFFFF
FFFFFF
FFFFFF
FFFFFF
FFFFFF
FFFFFF
FFFFFF
FFFFFF
FFFFFF
FFFFFF
FFFFFF
FFFFFF
FFFFFF
FFFFFF
FFFFFF
FFFFFF
FFFFFF
FFFFFF
FFFFFF
FFFFFF
FFFFFF
FFFFFF
FFFFFF
FFFFFF
FFFFFF
FFFFFF
FFFFFF
FFFFFF
FFFFFF
FFFFFF
FFFFFF
FFFFFF
FFFFFF
FFFFFF
FFFFFF
FFFFFF
FFFFFF
FFFFFF
FFFFFF
FFFFFF
FFFFFF
FFFFFF
FFFFFF
FFFFFF
FFFFFF
FFFFFF
FFFFFF
FFFFFF
FFFFFF
FFFFFF
FFFFFF
FFFFFF
FFFFFF
FFFFFF
FFFFFF
FFFFFF
FFFFFF
FFFFFF
FFFFFF
FFFFFF
FFFFFF
FFFFFF
FFFFFF
FFFFFF
FFFFFF
FFFFFF
FFFFFF
FFFFFF
FFFFFF
FFFFFF
FFFFFF
FFFFFF
FFFFFF
FFFFFF
FFFFFF
FFFFFF
FFFFFF
FFFFFF
FFFFFF
FFFFFF
FFFFFF
FFFFFF
FFFFFF
FFFFFF
FFFFFF
FFFFFF
FFFFFF
FFFFFF
FFFFFF
FFFFFF
FFFFFF
FFFFFF
FFFFFF
FFFFFF
FFFFFF
FFFFFF
FFFFFF
FFFFFF
FFFFFF
FFFFFF
FFFFFF
FFFFFF
FFFFFF
FFFFFF
FFFFFE
FFFFFD
FFFEFD
FDFFFF
A5B5C0
557082
5F7A8E
5F7A8D
5B7488
5C7388
5B7186
64778D
5B6F86
586E83
5E7587
617788
5C7183
4C6678
586F82
50687D
476074
4D687C
4C677B
476277
3D596E
92A2AD
91A1AE
4C6475
4F6979
5F7583
647784
536677
586A7A
5D6F7D
546876
556977
586B77
566A74
5D6E76
607279
4F666E
576B6F
637978
5F7576
4E656A
496167
596F6F
5F7273
55696D
4C6269
4A5F65
5C6F70
5F7372
4C6263
41585D
4A6065
455D61
455C5E
7E8C7A
9AA183
646D62
4F595E
6A706F
4A535B
5B656A
75807C
525E68
495663
5F6A6E
68767A
3B5368
3C566B
445B6D
5B6D76
627074
6B787E
52606D
5E6B71
636D72
616C72
7B847D
8C9585
7F887E
7E887E
878F80
7F897E
7A8479
90978A
D1D5CD
FFFEFE
FFFEFF
FFFFFF
FFFFFF
FFFFFF
FFFFFF
FFFFFF
FFFFFF
FFFFFF
FFFFFF
FFFFFF
FFFFFF
FFFFFF
FFFFFF
FFFFFF
FFFFFF
FFFFFF
FFFFFF
FFFFFF
FFFFFF
FFFFFF
FFFFFF
FFFFFF
FFFFFF
FFFFFF
FFFFFF
FFFFFF
FFFFFF
FFFFFF
FFFFFF
FFFFFF
FFFFFF
FFFFFF
FFFFFF
FFFFFF
FFFFFF
FFFFFF
FFFFFF
FFFFFF
FFFFFF
FFFFFF
FFFFFF
FFFFFF
FFFFFF
FFFFFF
FFFFFF
FFFFFF
FFFFFF
FFFFFF
FFFFFF
FFFFFF
FFFFFF
FFFFFF
FFFFFF
FFFFFF
FFFFFF
FFFFFF
FFFFFF
FFFFFF
FFFFFF
FFFFFF
FFFFFF
FFFFFF
FFFFFF
FFFFFF
FFFFFF
FFFFFF
FFFFFF
FFFFFF
FFFFFF
FFFFFF
FFFFFF
FFFFFF
FFFFFF
FFFFFF
FFFFFF
FFFFFF
FFFFFF
FFFFFF
FFFFFF
FFFFFF
FFFFFF
FFFFFF
FFFFFF
FFFFFF
FFFFFF
FFFFFF
FFFFFF
FFFFFF
FFFFFF
FFFFFF
FFFFFF
FFFFFF
FFFFFF
FFFFFF
FFFFFF
FFFFFF
FFFFFF
FFFFFF
FFFFFF
FFFFFF
FFFFFF
FFFFFF
FFFFFF
FFFFFF
FFFFFF
FFFFFF
FFFFFF
FFFFFF
FFFFFF
FFFFFF
FFFFFF
FFFFFF
FFFFFF
FFFFFF
FFFFFF
FFFFFF
FFFFFF
FFFFFF
FFFFFF
FFFFFF
FFFFFF
FFFFFF
FFFFFF
FFFFFF
FFFFFF
FFFFFF
FFFFFF
FFFFFF
FFFFFF
FFFFFF
FFFFFF
FFFFFF
FFFFFF
FFFFFF
FFFFFF
FFFFFF
FFFFFF
FFFFFF
FFFFFF
FFFFFF
FFFFFF
FFFFFF
FFFFFF
FFFFFF
FFFFFF
FFFFFF
FFFFFF
FFFFFF
FFFFFF
FFFFFF
FFFFFF
FFFFFF
FFFFFF
FFFFFF
FFFFFF
FFFFFF
FFFFFF
FFFFFF
FFFFFF
FFFFFF
FFFFFF
FFFFFF
FFFFFF
FFFEFF
FFFEFF
FFFEFF
FFFFFE
FFFFFC
FFFFFF
CDD7DF
577081
5B778B
5D798C
597487
5F778B
5C7185
64778C
607389
576C83
5C7185
65798A
637888
4E6578
4B6376
586F81
4B6579
4D667B
4D687C
4B667A
456074
718594
A7B5BF
566C7D
516B7F
506A7A
546A79
596E7E
526677
596A79
5E6F7C
546875
576A76
566A75
586B73
607278
546971
52666D
677879
607475
4D666B
3F5861
546B6C
637876
5F7373
4E636A
40575F
556A6B
627574
566A6B
4A6165
465E62
51686A
445C60
496167
5B6D68
939E80
969E87
5D6664
4C555C
6F787A
656F6D
79837A
6B7777
4B5A6A
4F5D69
677375
55666D
3B5569
405A6E
4E6371
5C6C74
52616C
5D6B77
657075
6C7678
606D74
707B7B
7F887E
899182
788178
80897F
818B7F
6B766C
737C70
868D80
CED0CA
FFFFFF
FFFEFF
FFFFFF
FFFFFF
FFFFFF
FFFFFF
FFFFFF
FFFFFF
FFFFFF
FFFFFF
FFFFFF
FFFFFF
FFFFFF
FFFFFF
FFFFFF
FFFFFF
FFFFFF
FFFFFF
FFFFFF
FFFFFF
FFFFFF
FFFFFF
FFFFFF
FFFFFF
FFFFFF
FFFFFF
FFFFFF
FFFFFF
FFFFFF
FFFFFF
FFFFFF
FFFFFF
FFFFFF
FFFFFF
FFFFFF
FFFFFF
FFFFFF
FFFFFF
FFFFFF
FFFFFF
FFFFFF
FFFFFF
FFFFFF
FFFFFF
FFFFFF
FFFFFF
FFFFFF
FFFFFF
FFFFFF
FFFFFF
FFFFFF
FFFFFF
FFFFFF
FFFFFF
FFFFFF
FFFFFF
FFFFFF
FFFFFF
FFFFFF
FFFFFF
FFFFFF
FFFFFF
FFFFFF
FFFFFF
FFFFFF
FFFFFF
FFFFFF
FFFFFF
FFFFFF
FFFFFF
FFFFFF
FFFFFF
FFFFFF
FFFFFF
FFFFFF
FFFFFF
FFFFFF
FFFFFF
FFFFFF
FFFFFF
FFFFFF
FFFFFF
FFFFFF
FFFFFF
FFFFFF
FFFFFF
FFFFFF
FFFFFF
FFFFFF
FFFFFF
FFFFFF
FFFFFF
FFFFFF
FFFFFF
FFFFFF
FFFFFF
FFFFFF
FFFFFF
FFFFFF
FFFFFF
FFFFFF
FFFFFF
FFFFFF
FFFFFF
FFFFFF
FFFFFF
FFFFFF
FFFFFF
FFFFFF
FFFFFF
FFFFFF
FFFFFF
FFFFFF
FFFFFF
FFFFFF
FFFFFF
FFFFFF
FFFFFF
FFFFFF
FFFFFF
FFFFFF
FFFFFF
FFFFFF
FFFFFF
FFFFFF
FFFFFF
FFFFFF
FFFFFF
FFFFFF
FFFFFF
FFFFFF
FFFFFF
FFFFFF
FFFFFF
FFFFFF
FFFFFF
FFFFFF
FFFFFF
FFFFFF
FFFFFF
FFFFFF
FFFFFF
FFFFFF
FFFFFF
FFFFFF
FFFFFF
FFFFFF
FFFFFF
FFFFFF
FFFFFF
FFFFFF
FFFFFF
FFFFFF
FFFFFF
FFFFFF
FFFFFF
FFFFFF
FFFFFF
FFFFFF
FFFFFF
FFFFFF
FFFFFF
FFFFFF
FFFEFF
FFFEFE
FFFEFF
FFFFFE
FFFFFE
E8EEF1
6F8595
516D80
5E798C
587386
617B8E
5D7487
647789
617487
556B80
5A7084
66788A
647787
586E7F
486074
596F81
546A7C
50687B
577085
4D687C
486378
4B6377
A8B6C1
697C89
4E687C
516A7E
536A7B
5F7483
4C6373
4F6372
5D6F7C
596B78
566977
536874
526670
5F7279
546971
475E66
637478
687978
556B6E
435C63
435C63
627877
5B7070
586D6E
3D555D
4B6266
637574
5C6F6E
56696C
465D60
4C6467
435B5F
465E64
385259
44595C
77846D
899172
7F8877
5F696A
596361
798379
636E6C
6A7676
4B5963
405062
5C6C74
818C89
4C606C
344F64
475E6E
607078
536370
586774
6F787B
7A807C
5F6A6F
5F6B73
6C7877
869084
818980
737D76
808A80
7F897F
656F65
778174
81887D
C8CBC6
FEFFFD
FFFFFF
FFFFFF
FFFFFF
FFFFFF
FFFFFF
FFFFFF
FFFFFF
FFFFFF
FFFFFF
FFFFFF
FFFFFF
FFFFFF
FFFFFF
FFFFFF
FFFFFF
FFFFFF
FFFFFF
FFFFFF
FFFFFF
FFFFFF
FFFFFF
FFFFFF
FFFFFF
FFFFFF
FFFFFF
FFFFFF
FFFFFF
FFFFFF
FFFFFF
FFFFFF
FFFFFF
FFFFFF
FFFFFF
FFFFFF
FFFFFF
FFFFFF
FFFFFF
FFFFFF
FFFFFF
FFFFFF
FFFFFF
FFFFFF
FFFFFF
FFFFFF
FFFFFF
FFFFFF
FFFFFF
FFFFFF
FFFFFF
FFFFFF
FFFFFF
FFFFFF
FFFFFF
FFFFFF
FFFFFF
FFFFFF
FFFFFF
FFFFFF
FFFFFF
FFFFFF
FFFFFF
FFFFFF
FFFFFF
FFFFFF
FFFFFF
FFFFFF
FFFFFF
FFFFFF
FFFFFF
FFFFFF
FFFFFF
FFFFFF
FFFFFF
FFFFFF
FFFFFF
FFFFFF
FFFFFF
FFFFFF
FFFFFF
FFFFFF
FFFFFF
FFFFFF
FFFFFF
FFFFFF
FFFFFF
FFFFFF
FFFFFF
FFFFFF
FFFFFF
FFFFFF
FFFFFF
FFFFFF
FFFFFF
FFFFFF
FFFFFF
FFFFFF
FFFFFF
FFFFFF
FFFFFF
FFFFFF
FFFFFF
FFFFFF
FFFFFF
FFFFFF
FFFFFF
FFFFFF
FFFFFF
FFFFFF
FFFFFF
FFFFFF
FFFFFF
FFFFFF
FFFFFF
FFFFFF
FFFFFF
FFFFFF
FFFFFF
FFFFFF
FFFFFF
FFFFFF
FFFFFF
FFFFFF
FFFFFF
FFFFFF
FFFFFF
FFFFFF
FFFFFF
FFFFFF
FFFFFF
FFFFFF
FFFFFF
FFFFFF
FFFFFF
FFFFFF
FFFFFF
FFFFFF
FFFFFF
FFFFFF
FFFFFF
FFFFFF
FFFFFF
FFFFFF
FFFFFF
FFFFFF
FFFFFF
FFFFFF
FFFFFF
FFFFFF
FFFFFF
FFFFFF
FFFFFF
FFFFFF
FFFFFF
FFFFFF
FFFFFF
FFFFFF
FFFFFF
FFFFFF
FFFFFF
FFFFFF
FFFFFF
FFFFFE
FFFFFD
FFFFFD
FFFFFF
FDFEFF
90A1AF
49657A
5C788C
567184
5A7588
60798D
627889
65798A
576C7F
586E81
637586
687A8A
556A7C
4C6578
4F6679
5A6F81
576D7F
5C7284
556E82
4F6A7E
496376
8395A3
8293A0
617888
516C7D
4E677A
667A89
5F7382
4C6273
546875
5F717C
556875
566A77
4E636F
5C6E75
5E7077
445E67
566C70
687878
5A6E70
496266
445D62
597071
596F70
4E6669
435A61
435B62
5E7372
627473
596D6E
4E6368
496164
465E62
415A60
375159
3E575E
4E6367
798876
939D7C
7A836D
7E8779
606B65
69756D
616D6E
4C5961
667276
36475B
374C60
627374
758180
425865
49606D
617277
5C6A75
4D5D6C
697276
8A8B82
747B79
55636D
636F75
6D7776
838D82
78827A
717B77
8B958C
7D8578
737D74
81897F
7E847D
C4C8C6
FDFEFE
FFFFFF
FEFFFF
FFFFFF
FFFFFF
FFFFFF
FFFFFF
FFFFFF
FFFFFF
FFFFFF
FFFFFF
FFFFFF
FFFFFF
FFFFFF
FFFFFF
FFFFFF
FFFFFF
FFFFFF
FFFFFF
FFFFFF
FFFFFF
FFFFFF
FFFFFF
FFFFFF
FFFFFF
FFFFFF
FFFFFF
FFFFFF
FFFFFF
FFFFFF
FFFFFF
FFFFFF
FFFFFF
FFFFFF
FFFFFF
FFFFFF
FFFFFF
FFFFFF
FFFFFF
FFFFFF
FFFFFF
FFFFFF
FFFFFF
FFFFFF
FFFFFF
FFFFFF
FFFFFF
FFFFFF
FFFFFF
FFFFFF
FFFFFF
FFFFFF
FFFFFF
FFFFFF
FFFFFF
FFFFFF
FFFFFF
FFFFFF
FFFFFF
FFFFFF
FFFFFF
FFFFFF
FFFFFF
FFFFFF
FFFFFF
FFFFFF
FFFFFF
FFFFFF
FFFFFF
FFFFFF
FFFFFF
FFFFFF
FFFFFF
FFFFFF
FFFFFF
FFFFFF
FFFFFF
FFFFFF
FFFFFF
FFFFFF
FFFFFF
FFFFFF
FFFFFF
FFFFFF
FFFFFF
FFFFFF
FFFFFF
FFFFFF
FFFFFF
FFFFFF
FFFFFF
FFFFFF
FFFFFF
FFFFFF
FFFFFF
FFFFFF
FFFFFF
FFFFFF
FFFFFF
FFFFFF
FFFFFF
FFFFFF
FFFFFF
FFFFFF
FFFFFF
FFFFFF
FFFFFF
FFFFFF
FFFFFF
FFFFFF
FFFFFF
FFFFFF
FFFFFF
FFFFFF
FFFFFF
FFFFFF
FFFFFF
FFFFFF
FFFFFF
FFFFFF
FFFFFF
FFFFFF
FFFFFF
FFFFFF
FFFFFF
FFFFFF
FFFFFF
FFFFFF
FFFFFF
FFFFFF
FFFFFF
FFFFFF
FFFFFF
FFFFFF
FFFFFF
FFFFFF
FFFFFF
FFFFFF
FFFFFF
FFFFFF
FFFFFF
FFFFFF
FFFFFF
FFFFFF
FFFFFF
FFFFFF
FFFFFF
FFFFFF
FFFFFF
FFFFFF
FFFFFF
FFFFFF
FFFFFF
FFFFFF
FFFFFF
FFFFFF
FFFFFF
FFFFFF
FFFFFF
FFFFFF
FFFEFF
FFFFFD
FFFFFB
FFFEFB
FFFFFF
C5D1D9
557085
587589
5A7588
557083
5F7B8E
5C778A
62798A
5C7182
596F80
617484
697B89
607383
546B7D
486175
52697C
4B6275
566D7F
576D80
4C667A
516B7F
687B8C
A5B2BD
576D7E
5D7585
4F6978
546E7D
677C8A
566978
556877
586B79
596C77
556975
4E6470
5A6D75
63757A
4D636C
50666D
69797A
5C6F71
496167
3D585E
536A6C
5A7170
455E62
405A62
3B535C
556A6C
647775
576A6B
4F6369
41575F
415A60
3D565C
3B565D
324D57
415A61
3E565D
5A6E66
95A180
8D987A
6B7664
8D967E
6A766C
677370
566366
5A676B
5D6B6F
374D60
3A5262
79857F
737F7B
3F5763
4C626B
485B6A
616F79
59666E
858881
898D84
677176
5E6B73
5F6C72
75807C
868F83
757F7A
7A847C
8B9385
7D857C
80887F
6C7574
626971
A8AFAD
F4F8F6
FFFFFF
FFFFFF
FFFFFF
FFFFFF
FFFFFF
FFFFFF
FFFFFF
FFFFFF
FFFFFF
FFFFFF
FFFFFF
FFFFFF
FFFFFF
FFFFFF
FFFFFF
FFFFFF
FFFFFF
FFFFFF
FFFFFF
FFFFFF
FFFFFF
FFFFFF
FFFFFF
FFFFFF
FFFFFF
FFFFFF
FFFFFF
FFFFFF
FFFFFF
FFFFFF
FFFFFF
FFFFFF
FFFFFF
FFFFFF
FFFFFF
FFFFFF
FFFFFF
FFFFFF
FFFFFF
FFFFFF
FFFFFF
FFFFFF
FFFFFF
FFFFFF
FFFFFF
FFFFFF
FFFFFF
FFFFFF
FFFFFF
FFFFFF
FFFFFF
FFFFFF
FFFFFF
FFFFFF
FFFFFF
FFFFFF
FFFFFF
FFFFFF
FFFFFF
FFFFFF
FFFFFF
FFFFFF
FFFFFF
FFFFFF
FFFFFF
FFFFFF
FFFFFF
FFFFFF
FFFFFF
FFFFFF
FFFFFF
FFFFFF
FFFFFF
FFFFFF
FFFFFF
FFFFFF
FFFFFF
FFFFFF
FFFFFF
FFFFFF
FFFFFF
FFFFFF
FFFFFF
FFFFFF
FFFFFF
FFFFFF
FFFFFF
FFFFFF
FFFFFF
FFFFFF
FFFFFF
FFFFFF
FFFFFF
FFFFFF
FFFFFF
FFFFFF
FFFFFF
FFFFFF
FFFFFF
FFFFFF
FFFFFF
FFFFFF
FFFFFF
FFFFFF
FFFFFF
FFFFFF
FFFFFF
FFFFFF
FFFFFF
FFFFFF
FFFFFF
FFFFFF
FFFFFF
FFFFFF
FFFFFF
FFFFFF
FFFFFF
FFFFFF
FFFFFF
FFFFFF
FFFFFF
FFFFFF
FFFFFF
FFFFFF
FFFFFF
FFFFFF
FFFFFF
FFFFFF
FFFFFF
FFFFFF
FFFFFF
FFFFFF
FFFFFF
FFFFFF
FFFFFF
FFFFFF
FFFFFF
FFFFFF
FFFFFF
FFFFFF
FFFFFF
FFFFFF
FFFFFF
FFFFFF
FFFFFF
FFFFFF
FFFFFF
FFFFFF
FFFFFF
FFFFFF
FFFFFF
FFFFFF
FFFFFF
FFFFFF
FFFFFF
FFFFFF
FFFFFF
FFFFFF
FFFEFF
FFFFFC
FFFFFA
FFFFFC
EDF2F5
6D8598
506D83
5C778B
577285
607B8E
5D788B
5D788B
5C7485
586E7D
5F7382
687A87
607583
536A7C
4D6679
536A7C
4D6578
546A7C
546A7C
486175
5A7387
4E6679
A4B3BE
758593
687E8E
4B6675
506B78
5F7885
596E7C
546776
586A78
596B79
536673
4E6470
576B74
66757B
586C73
4C626A
647577
647677
4E676B
3C5961
466264
5F7572
516768
486268
355058
4E6467
667977
576B6C
52666B
485D63
475E65
3C555C
3F595F
37525A
3B565F
39545C
375259
4C6361
677866
909C7C
869071
7E876C
758073
5E6A65
6D7974
3E4D55
758178
536669
324F62
485E65
8A9287
667470
576A70
485C6C
53636F
5A6973
647075
737A7A
70797B
56636B
576570
54616A
828C83
828B80
778179
848D80
8C9285
7D837B
6D767A
54606E
5E6A70
8F9894
EAF0ED
FFFFFF
FFFFFF
FFFFFF
FFFFFF
FFFFFF
FFFFFF
FFFFFF
FFFFFF
FFFFFF
FFFFFF
FFFFFF
FFFFFF
FFFFFF
FFFFFF
FFFFFF
FFFFFF
FFFFFF
FFFFFF
FFFFFF
FFFFFF
FFFFFF
FFFFFF
FFFFFF
FFFFFF
FFFFFF
FFFFFF
FFFFFF
FFFFFF
FFFFFF
FFFFFF
FFFFFF
FFFFFF
FFFFFF
FFFFFF
FFFFFF
FFFFFF
FFFFFF
FFFFFF
FFFFFF
FFFFFF
FFFFFF
FFFFFF
FFFFFF
FFFFFF
FFFFFF
FFFFFF
FFFFFF
FFFFFF
FFFFFF
FFFFFF
FFFFFF
FFFFFF
FFFFFF
FFFFFF
FFFFFF
FFFFFF
FFFFFF
FFFFFF
FFFFFF
FFFFFF
FFFFFF
FFFFFF
FFFFFF
FFFFFF
FFFFFF
FFFFFF
FFFFFF
FFFFFF
FFFFFF
FFFFFF
FFFFFF
FFFFFF
FFFFFF
FFFFFF
FFFFFF
FFFFFF
FFFFFF
FFFFFF
FFFFFF
FFFFFF
FFFFFF
FFFFFF
FFFFFF
FFFFFF
FFFFFF
FFFFFF
FFFFFF
FFFFFF
FFFFFF
FFFFFF
FFFFFF
FFFFFF
FFFFFF
FFFFFF
FFFFFF
FFFFFF
FFFFFF
FFFFFF
FFFFFF
FFFFFF
FFFFFF
FFFFFF
FFFFFF
FFFFFF
FFFFFF
FFFFFF
FFFFFF
FFFFFF
FFFFFF
FFFFFF
FFFFFF
FFFFFF
FFFFFF
FFFFFF
FFFFFF
FFFFFF
FFFFFF
FFFFFF
FFFFFF
FFFFFF
FFFFFF
FFFFFF
FFFFFF
FFFFFF
FFFFFF
FFFFFF
FFFFFF
FFFFFF
FFFFFF
FFFFFF
FFFFFF
FFFFFF
FFFFFF
FFFFFF
FFFFFF
FFFFFF
FFFFFF
FFFFFF
FFFFFF
FFFFFF
FFFFFF
FFFFFF
FFFFFF
FFFFFF
FFFFFF
FFFFFF
FFFFFF
FFFFFF
FFFFFF
FFFFFF
FFFFFF
FFFFFF
FFFFFF
FFFFFF
FFFFFF
FFFFFF
FFFEFF
FFFEFF
FFFFFC
FFFFFB
FBFCFC
8C9CA9
4A657C
577489
577286
5B7689
5F7B8E
5B768A
597487
597182
5A707E
647783
657987
546C7D
4B6679
476074
506678
526A7E
596F81
4D6579
435F73
4F687B
8495A3
8C9CA8
6A7D8D
587081
4C6675
5C7582
5F7784
536977
566878
576978
526573
4F6471
536771
62727A
62737A
4C626B
586C71
6B7B7B
556A6D
415D64
3A575D
516B69
586F6C
4D6567
39545B
476064
5E7270
5A6E6F
506567
4A5E65
485C64
445B63
415A60
3D565E
3A545D
38535C
37525B
415C5E
445D5B
506662
5E6E58
9BA47B
939B77
707B6A
6D7973
67746D
5C6B70
6E796D
748177
385260
345263
5A6D6C
8A9385
596969
4D6171
5B6B75
637077
55636C
5E6B75
767F82
5E6B71
5C6A76
586672
677171
8E9789
778179
7C867E
8A9082
8E9285
6D7575
596470
5A6774
687679
96A19E
F6FAF8
FFFFFF
FFFFFF
FFFFFF
FFFFFF
FFFFFF
FFFFFF
FFFFFF
FFFFFF
FFFFFF
FFFFFF
FFFFFF
FFFFFF
FFFFFF
FFFFFF
FFFFFF
FFFFFF
FFFFFF
FFFFFF
FFFFFF
FFFFFF
FFFFFF
FFFFFF
FFFFFF
FFFFFF
FFFFFF
FFFFFF
FFFFFF
FFFFFF
FFFFFF
FFFFFF
FFFFFF
FFFFFF
FFFFFF
FFFFFF
FFFFFF
FFFFFF
FFFFFF
FFFFFF
FFFFFF
FFFFFF
FFFFFF
FFFFFF
FFFFFF
FFFFFF
FFFFFF
FFFFFF
FFFFFF
FFFFFF
FFFFFF
FFFFFF
FFFFFF
FFFFFF
FFFFFF
FFFFFF
FFFFFF
FFFFFF
FFFFFF
FFFFFF
FFFFFF
FFFFFF
FFFFFF
FFFFFF
FFFFFF
FFFFFF
FFFFFF
FFFFFF
FFFFFF
FFFFFF
FFFFFF
FFFFFF
FFFFFF
FFFFFF
FFFFFF
FFFFFF
FFFFFF
FFFFFF
FFFFFF
FFFFFF
FFFFFF
FFFFFF
FFFFFF
FFFFFF
FFFFFF
FFFFFF
FFFFFF
FFFFFF
FFFFFF
FFFFFF
FFFFFF
FFFFFF
FFFFFF
FFFFFF
FFFFFF
FFFFFF
FFFFFF
FFFFFF
FFFFFF
FFFFFF
FFFFFF
FFFFFF
FFFFFF
FFFFFF
FFFFFF
FFFFFF
FFFFFF
FFFFFF
FFFFFF
FFFFFF
FFFFFF
FFFFFF
FFFFFF
FFFFFF
FFFFFF
FFFFFF
FFFFFF
FFFFFF
FFFFFF
FFFFFF
FFFFFF
FFFFFF
FFFFFF
FFFFFF
FFFFFF
FFFFFF
FFFFFF
FFFFFF
FFFFFF
FFFFFF
FFFFFF
FFFFFF
FFFFFF
FFFFFF
FFFFFF
FFFFFF
FFFFFF
FFFFFF
FFFFFF
FFFFFF
FFFFFF
FFFFFF
FFFFFF
FFFFFF
FFFFFF
FFFFFF
FFFFFF
FFFFFF
FFFFFF
FFFFFF
FFFFFF
FFFFFF
FFFFFF
FFFFFF
FFFFFF
FFFFFF
FFFFFE
FFFEFE
FFFFFE
FFFFFC
FFFFFF
AFBAC2
506A7E
58738A
587288
557083
5B7689
5D778A
5A7589
567183
576F7F
5E737F
687B86
586E7E
4E687B
476376
4E687B
4C6375
50687B
52697B
4C6578
445D70
677A89
A4B3BE
5B7080
637989
4C6778
597280
667E8B
556D7A
586D7B
556776
506473
506473
4F6370
61727B
62737A
546972
546870
647477
5C6F72
496269
3B565E
4C6467
59716D
536B69
405B5F
3F5A5E
566D6B
5E7371
496062
51666A
455A61
4B5F67
41585F
425A61
3B545C
37515B
39535C
39535B
425C5D
496262
445955
74866D
939D73
9CA478
818C73
5C675F
63716A
4A5958
68746C
7D8878
637471
314C5A
36505E
768277
7C877C
455562
50616E
687379
616E76
50606E
606C73
717D80
606D73
5D6A72
667278
7B867B
818B82
6E7873
858E83
888E81
858C83
636D6F
5C6A76
62737F
647375
B5BEBC
FFFFFF
FFFFFF
FFFFFF
FFFFFF
FFFFFF
FFFFFF
FFFFFF
FFFFFF
FFFFFF
FFFFFF
FFFFFF
FFFFFF
FFFFFF
FFFFFF
FFFFFF
FFFFFF
FFFFFF
FFFFFF
FFFFFF
FFFFFF
FFFFFF
FFFFFF
FFFFFF
FFFFFF
FFFFFF
FFFFFF
FFFFFF
FFFFFF
FFFFFF
FFFFFF
FFFFFF
FFFFFF
FFFFFF
FFFFFF
FFFFFF
FFFFFF
FFFFFF
FFFFFF
FFFFFF
FFFFFF
FFFFFF
FFFFFF
FFFFFF
FFFFFF
FFFFFF
FFFFFF
FFFFFF
FFFFFF
FFFFFF
FFFFFF
FFFFFF
FFFFFF
FFFFFF
FFFFFF
FFFFFF
FFFFFF
FFFFFF
FFFFFF
FFFFFF
FFFFFF
FFFFFF
FFFFFF
FFFFFF
FFFFFF
FFFFFF
FFFFFF
FFFFFF
FFFFFF
FFFFFF
FFFFFF
FFFFFF
FFFFFF
FFFFFF
FFFFFF
FFFFFF
FFFFFF
FFFFFF
FFFFFF
FFFFFF
FFFFFF
FFFFFF
FFFFFF
FFFFFF
FFFFFF
FFFFFF
FFFFFF
FFFFFF
FFFFFF
FFFFFF
FFFFFF
FFFFFF
FFFFFF
FFFFFF
FFFFFF
FFFFFF
FFFFFF
FFFFFF
FFFFFF
FFFFFF
FFFFFF
FFFFFF
FFFFFF
FFFFFF
FFFFFF
FFFFFF
FFFFFF
FFFFFF
FFFFFF
FFFFFF
FFFFFF
FFFFFF
FFFFFF
FFFFFF
FFFFFF
FFFFFF
FFFFFF
FFFFFF
FFFFFF
FFFFFF
FFFFFF
FFFFFF
FFFFFF
FFFFFF
FFFFFF
FFFFFF
FFFFFF
FFFFFF
FFFFFF
FFFFFF
FFFFFF
FFFFFF
FFFFFF
FFFFFF
FFFFFF
FFFFFF
FFFFFF
FFFFFF
FFFFFF
FFFFFF
FFFFFF
FFFFFF
FFFFFF
FFFFFF
FFFFFF
FFFFFF
FFFFFF
FFFFFF
FFFFFF
FFFFFF
FFFFFF
FFFFFF
FFFFFF
FFFFFF
FFFFFF
FFFFFD
FFFFFC
FFFEFB
FFFFFF
D5DADD
586F80
567388
5B758C
587286
5B7587
5C7688
5B7388
597386
546D80
576F7D
677B85
5C737D
516A7A
486477
476376
445E71
4D6476
4F6677
4B6376
476174
5F7381
A7B4BD
687C89
687E8E
526B7B
4F6877
617985
5D7380
596F7C
596E7B
566976
506372
4F6473
5C6E78
5D6E77
566A73
4F646D
63747A
647679
50686E
3C5862
455F67
5B7171
576D6A
4C6566
3B575A
566E6A
5E746F
4A6162
4D6568
475E63
4A5F65
445B61
3F5860
38505B
39525C
354E5A
3B535E
3C555C
425B5E
3A5358
5C7269
869677
8F9A71
959F73
959E7A
76806C
657267
606E69
5A6963
757F72
889180
62736E
3A5359
5F6E6C
8E9381
6C7877
3C5164
596874
66747D
4F606E
50606D
6A767B
727E7E
657175
55626B
697676
7D8780
7A857D
6B7771
808881
8B9185
7F877F
606F72
5E737D
5D7079
717D7E
E0E7E4
FFFFFF
FFFFFF
FFFFFF
FFFFFF
FFFFFF
FFFFFF
FFFFFF
FFFFFF
FFFFFF
FFFFFF
FFFFFF
FFFFFF
FFFFFF
FFFFFF
FFFFFF
FFFFFF
FFFFFF
FFFFFF
FFFFFF
FFFFFF
FFFFFF
FFFFFF
FFFFFF
FFFFFF
FFFFFF
FFFFFF
FFFFFF
FFFFFF
FFFFFF
FFFFFF
FFFFFF
FFFFFF
FFFFFF
FFFFFF
FFFFFF
FFFFFF
FFFFFF
FFFFFF
FFFFFF
FFFFFF
FFFFFF
FFFFFF
FFFFFF
FFFFFF
FFFFFF
FFFFFF
FFFFFF
FFFFFF
FFFFFF
FFFFFF
FFFFFF
FFFFFF
FFFFFF
FFFFFF
FFFFFF
FFFFFF
FFFFFF
FFFFFF
FFFFFF
FFFFFF
FFFFFF
FFFFFF
FFFFFF
FFFFFF
FFFFFF
FFFFFF
FFFFFF
FFFFFF
FFFFFF
FFFFFF
FFFFFF
FFFFFF
FFFFFF
FFFFFF
FFFFFF
FFFFFF
FFFFFF
FFFFFF
FFFFFF
FFFFFF
FFFFFF
FFFFFF
FFFFFF
FFFFFF
FFFFFF
FFFFFF
FFFFFF
FFFFFF
FFFFFF
FFFFFF
FFFFFF
FFFFFF
FFFFFF
FFFFFF
FFFFFF
FFFFFF
FFFFFF
FFFFFF
FFFFFF
FFFFFF
FFFFFF
FFFFFF
FFFFFF
FFFFFF
FFFFFF
FFFFFF
FFFFFF
FFFFFF
FFFFFF
FFFFFF
FFFFFF
FFFFFF
FFFFFF
FFFFFF
FFFFFF
FFFFFF
FFFFFF
FFFFFF
FFFFFF
FFFFFF
FFFFFF
FFFFFF
FFFFFF
FFFFFF
FFFFFF
FFFFFF
FFFFFF
FFFFFF
FFFFFF
FFFFFF
FFFFFF
FFFFFF
FFFFFF
FFFFFF
FFFFFF
FFFFFF
FFFFFF
FFFFFF
FFFFFF
FFFFFF
FFFFFF
FFFFFF
FFFFFF
FFFFFF
FFFFFF
FFFFFF
FFFFFF
FFFFFF
FFFFFF
FFFFFF
FFFFFF
FFFFFF
FFFEFF
FFFFFD
FFFFFB
FFFFFB
FAFAFB
7D8C9A
516A7F
597488
557084
597286
607789
576E7F
5A7182
556C7D
597080
5E7580
5F757D
536A75
4D6877
4A6578
4C687C
405A6D
51687A
506779
4D6577
4F6677
8898A2
7F9099
59707A
627983
4F6775
526A76
617781
596F7A
5B6F7A
586C77
586C78
4F626F
596C78
5E6F79
5D6F78
4D6370
5B6D75
65767B
546A71
405B65
3D5963
566C70
586E6D
526A67
3A5658
4F6865
627870
4F6765
465E61
455D61
425B60
455C62
3F585F
3B535D
354D59
38505C
38505D
3A525D
3A525A
425A5D
3D545A
3F5558
687766
96A37B
929E73
969F74
98A17B
77826C
758172
66736B
646E69
717B6E
949B83
7A8477
535F61
6B756C
8C9988
4F626A
46596A
4D5E6B
4E606E
53656F
52616B
627074
717F7E
5A6971
59666E
637070
838E83
6A7673
757F7C
818981
8B9587
73857B
4D686D
5B727C
65757A
A2ADAB
FFFFFF
FEFFFD
FEFFFD
FEFEFE
FEFEFE
FEFEFE
FFFFFF
FFFFFF
FFFFFF
FFFFFF
FFFFFF
FFFFFF
FFFFFF
FFFFFF
FFFFFF
FFFFFF
FFFFFF
FFFFFF
FFFFFF
FFFFFF
FFFFFF
FFFFFF
FFFFFF
FFFFFF
FFFFFF
FFFFFF
FFFFFF
FFFFFF
FFFFFF
FFFFFF
FFFFFF
FFFFFF
FFFFFF
FFFFFF
FFFFFF
FFFFFF
FFFFFF
FFFFFF
FFFFFF
FFFFFF
FFFFFF
FFFFFF
FFFFFF
FFFFFF
FFFFFF
FFFFFF
FFFFFF
FFFFFF
FFFFFF
FFFFFF
FFFFFF
FFFFFF
FFFFFF
FFFFFF
FFFFFF
FFFFFF
FFFFFF
FFFFFF
FFFFFF
FFFFFF
FFFFFF
FFFFFF
FFFFFF
FFFFFF
FFFFFF
FFFFFF
FFFFFF
FFFFFF
FFFFFF
FFFFFF
FFFFFF
FFFFFF
FFFFFF
FFFFFF
FFFFFF
FFFFFF
FFFFFF
FFFFFF
FFFFFF
FFFFFF
FFFFFF
FFFFFF
FFFFFF
FFFFFF
FFFFFF
FFFFFF
FFFFFF
FFFFFF
FFFFFF
FFFFFF
FFFFFF
FFFFFF
FFFFFF
FFFFFF
FFFFFF
FFFFFF
FFFFFF
FFFFFF
FFFFFF
FFFFFF
FFFFFF
FFFFFF
FFFFFF
FFFFFF
FFFFFF
FFFFFF
FFFFFF
FFFFFF
FFFFFF
FFFFFF
FFFFFF
FFFFFF
FFFFFF
FFFFFF
FFFFFF
FFFFFF
FFFFFF
FFFFFF
FFFFFF
FFFFFF
FFFFFF
FFFFFF
FFFFFF
FFFFFF
FFFFFF
FFFFFF
FFFFFF
FFFFFF
FFFFFF
FFFFFF
FFFFFF
FFFFFF
FFFFFF
FFFFFF
FFFFFF
FFFFFF
FFFFFF
FFFFFF
FFFFFF
FFFFFF
FFFFFF
FFFFFF
FFFFFF
FFFFFF
FFFFFF
FFFFFF
FFFFFF
FFFFFF
FFFFFF
FFFFFF
FFFFFF
FFFFFF
FFFEFF
FFFFFC
FFFFF9
FFFFFE
BFC6CC
546A7D
546D82
556E82
506B7E
5A7285
536C7D
566D7C
5D7482
596E7E
5C7280
5D747F
526A73
516B76
4B6676
4C677A
446074
496175
4E6577
4D6476
4D6475
7B8A96
8C9AA4
586D77
6C828B
506872
506874
516773
5A6F78
5A7078
586C77
596D77
506472
576A74
5E707A
5C6E79
536873
546872
62747A
586C72
445F68
3A5762
4B646A
5A6F71
556B6B
48625E
455F5C
647B71
566F69
3D575A
445D62
415A5E
435C62
3C535D
425962
374F5A
38505C
39515D
334C59
39505A
435B61
3B5259
43595F
3C5157
536560
6E7E6A
93A17B
929B71
99A176
939D7A
7A856F
788375
788072
70786C
7D8372
89907F
646E6B
455157
829081
738379
3F5362
3F5365
475B6A
5B6B73
536470
56656F
606F73
586771
627076
57656B
738077
7F8A7F
6D7879
848C87
808B7E
879685
697F79
536E73
5F747B
839092
EEF2F0
FFFFFE
FEFFFD
FEFEFE
FEFEFE
FEFEFE
FFFFFF
FFFFFF
FFFFFF
FFFFFF
FFFFFF
FFFFFF
FFFFFF
FFFFFF
FFFFFF
FFFFFF
FFFFFF
FFFFFF
FFFFFF
FFFFFF
FFFFFF
FFFFFF
FFFFFF
FFFFFF
FFFFFF
FFFFFF
FFFFFF
FFFFFF
FFFFFF
FFFFFF
FFFFFF
FFFFFF
FFFFFF
FFFFFF
FFFFFF
FFFFFF
FFFFFF
FFFFFF
FFFFFF
FFFFFF
FFFFFF
FFFFFF
FFFFFF
FFFFFF
FFFFFF
FFFFFF
FFFFFF
FFFFFF
FFFFFF
FFFFFF
FFFFFF
FFFFFF
FFFFFF
FFFFFF
FFFFFF
FFFFFF
FFFFFF
FFFFFF
FFFFFF
FFFFFF
FFFFFF
FFFFFF
FFFFFF
FFFFFF
FFFFFF
FFFFFF
FFFFFF
FFFFFF
FFFFFF
FFFFFF
FFFFFF
FFFFFF
FFFFFF
FFFFFF
FFFFFF
FFFFFF
FFFFFF
FFFFFF
FFFFFF
FFFFFF
FFFFFF
FFFFFF
FFFFFF
FFFFFF
FFFFFF
FFFFFF
FFFFFF
FFFFFF
FFFFFF
FFFFFF
FFFFFF
FFFFFF
FFFFFF
FFFFFF
FFFFFF
FFFFFF
FFFFFF
FFFFFF
FFFFFF
FFFFFF
FFFFFF
FFFFFF
FFFFFF
FFFFFF
FFFFFF
FFFFFF
FFFFFF
FFFFFF
FFFFFF
FFFFFF
FFFFFF
FFFFFF
FFFFFF
FFFFFF
FFFFFF
FFFFFF
FFFFFF
FFFFFF
FFFFFF
FFFFFF
FFFFFF
FFFFFF
FFFFFF
FFFFFF
FFFFFF
FFFFFF
FFFFFF
FFFFFF
FFFFFF
FFFFFF
FFFFFF
FFFFFF
FFFFFF
FFFFFF
FFFFFF
FFFFFF
FFFFFF
FFFFFF
FFFFFF
FFFFFF
FFFFFF
FFFFFF
FFFFFF
FFFFFF
FFFFFF
FFFFFF
FFFFFF
FFFFFF
FFFFFF
FFFFFF
FFFFFF
FFFEFF
FFFEFF
FFFFFC
FFFFFB
EDEFEF
687B8A
516A7E
546D81
526B7F
556F82
5A7284
536B7A
58707C
5C727D
617680
637882
526B75
4B6670
4D6876
4A6676
486376
435C70
4F677B
4E6678
546B7D
506373
A9B2B9
6F818C
627882
5D737E
4D6672
4E6671
546A75
597079
586D77
556975
516672
516571
60717B
5B6E79
516772
4F656F
63757C
5B6F75
476069
405C65
3F5B63
566C70
52686B
576D6C
4D665F
60766C
60776D
415C5C
3F5A5E
41595E
496165
3E575D
435B63
374E5A
334B57
39515D
354D59
39505B
435B60
3B535A
3D545C
344B52
465A5D
485C5D
405554
5E6E5F
939F77
98A172
99A177
879173
778372
87917F
888E7D
757C71
777F73
798179
657170
5C6A64
8C9986
526468
3D5164
425564
52636C
52626E
526370
586871
59676E
566569
5E6D71
6A7876
8A9587
677373
657277
85928A
83907F
869686
5D7472
5A7277
6B797E
A0A5A3
F9FAF8
FFFFFE
FEFEFE
FEFEFE
FEFEFE
FFFFFF
FFFFFF
FFFFFF
FFFFFF
FFFFFF
FFFFFF
FFFFFF
FFFFFF
FFFFFF
FFFFFF
FFFFFF
FFFFFF
FFFFFF
FFFFFF
FFFFFF
FFFFFF
FFFFFF
FFFFFF
FFFFFF
FFFFFF
FFFFFF
FFFFFF
FFFFFF
FFFFFF
FFFFFF
FFFFFF
FFFFFF
FFFFFF
FFFFFF
FFFFFF
FFFFFF
FFFFFF
FFFFFF
FFFFFF
FFFFFF
FFFFFF
FFFFFF
FFFFFF
FFFFFF
FFFFFF
FFFFFF
FFFFFF
FFFFFF
FFFFFF
FFFFFF
FFFFFF
FFFFFF
FFFFFF
FFFFFF
FFFFFF
FFFFFF
FFFFFF
FFFFFF
FFFFFF
FFFFFF
FFFFFF
FFFFFF
FFFFFF
FFFFFF
FFFFFF
FFFFFF
FFFFFF
FFFFFF
FFFFFF
FFFFFF
FFFFFF
FFFFFF
FFFFFF
FFFFFF
FFFFFF
FFFFFF
FFFFFF
FFFFFF
FFFFFF
FFFFFF
FFFFFF
FFFFFF
FFFFFF
FFFFFF
FFFFFF
FFFFFF
FFFFFF
FFFFFF
FFFFFF
FFFFFF
FFFFFF
FFFFFF
FFFFFF
FFFFFF
FFFFFF
FFFFFF
FFFFFF
FFFFFF
FFFFFF
FFFFFF
FFFFFF
FFFFFF
FFFFFF
FFFFFF
FFFFFF
FFFFFF
FFFFFF
FFFFFF
FFFFFF
FFFFFF
FFFFFF
FFFFFF
FFFFFF
FFFFFF
FFFFFF
FFFFFF
FFFFFF
FFFFFF
FFFFFF
FFFFFF
FFFFFF
FFFFFF
FFFFFF
FFFFFF
FFFFFF
FFFFFF
FFFFFF
FFFFFF
FFFFFF
FFFFFF
FFFFFF
FFFFFF
FFFFFF
FFFFFF
FFFFFF
FFFFFF
FFFFFF
FFFFFF
FFFFFF
FFFFFF
FFFFFF
FFFFFF
FFFFFF
FFFFFF
FFFFFF
FFFFFF
FFFFFF
FFFFFF
FFFFFF
FFFFFF
FFFEFE
FFFEFF
FFFFFC
FFFFFF
B3BCC3
4D677B
546D81
4F6A7D
506A7E
597386
536D7E
556D79
556D75
5E747A
61767C
597077
4A666F
486470
486471
466272
415B6F
476075
4C6578
526A7C
4D6373
8B97A1
9CA7B0
566975
697E88
4D6471
4F6773
4E6570
556C77
526A74
4F6470
536874
516771
5F727B
5D6F79
506671
4B636D
5A6D75
607278
496169
415D66
445F67
51696D
53696C
516868
596E69
5D7468
62796D
49635D
3E5A5B
3E595C
486063
435B60
3D565D
405861
324B58
39515B
38505C
385059
41585C
40585D
374F59
374F57
394F57
43585B
3F5359
374D56
435655
86926F
A1A97A
9CA478
9BA37D
778169
717B6A
888E7B
858B7E
68716E
727B7A
80897F
65726C
758170
768478
41535D
415363
4E5F6A
556671
495B68
4B5C67
69787A
6B7874
66736D
576668
6B7776
6F7C7B
56646D
627273
7C8C83
869381
819184
5C7472
607476
7D8484
B9BCB8
FEFFFC
FEFEFE
FEFEFE
FEFEFE
FFFFFF
FFFFFF
FFFFFF
FFFFFF
FFFFFF
FFFFFF
FFFFFF
FFFFFF
FFFFFF
FFFFFF
FFFFFF
FFFFFF
FFFFFF
FFFFFF
FFFFFF
FFFFFF
FFFFFF
FFFFFF
FFFFFF
FFFFFF
FFFFFF
FFFFFF
FFFFFF
FFFFFF
FFFFFF
FFFFFF
FFFFFF
FFFFFF
FFFFFF
FFFFFF
FFFFFF
FFFFFF
FFFFFF
FFFFFF
FFFFFF
FFFFFF
FFFFFF
FFFFFF
FFFFFF
FFFFFF
FFFFFF
FFFFFF
FFFFFF
FFFFFF
FFFFFF
FFFFFF
FFFFFF
FFFFFF
FFFFFF
FFFFFF
FFFFFF
FFFFFF
FFFFFF
FFFFFF
FFFFFF
FFFFFF
FFFFFF
FFFFFF
FFFFFF
FFFFFF
FFFFFF
FFFFFF
FFFFFF
FFFFFF
FFFFFF
FFFFFF
FFFFFF
FFFFFF
FFFFFF
FFFFFF
FFFFFF
FFFFFF
FFFFFF
FFFFFF
FFFFFF
FFFFFF
FFFFFF
FFFFFF
FFFFFF
FFFFFF
FFFFFF
FFFFFF
FFFFFF
FFFFFF
FFFFFF
FFFFFF
FFFFFF
FFFFFF
FFFFFF
FFFFFF
FFFFFF
FFFFFF
FFFFFF
FFFFFF
FFFFFF
FFFFFF
FFFFFF
FFFFFF
FFFFFF
FFFFFF
FFFFFF
FFFFFF
FFFFFF
FFFFFF
FFFFFF
FFFFFF
FFFFFF
FFFFFF
FFFFFF
FFFFFF
FFFFFF
FFFFFF
FFFFFF
FFFFFF
FFFFFF
FFFFFF
FFFFFF
FFFFFF
FFFFFF
FFFFFF
FFFFFF
FFFFFF
FFFFFF
FFFFFF
FFFFFF
FFFFFF
FFFFFF
FFFFFF
FFFFFF
FFFFFF
FFFFFF
FFFFFF
FFFFFF
FFFFFF
FFFFFF
FFFFFF
FFFFFF
FFFFFF
FFFFFF
FFFFFF
FFFFFF
FFFFFF
FFFFFF
FFFFFF
FFFFFE
FFFEFB
FFFFFC
FFFFFF
F0F3F4
738695
516C7F
4E6A7C
4F6A7C
546E7F
4F697B
4C6778
536D74
607679
587074
577075
4F6971
486470
46626E
476371
445E6E
445D6F
4D667A
4A6375
4A6374
5B6E7C
B7C0C6
60707D
6D808B
5A707B
4E6773
4B636F
516974
546C77
49606D
536875
536772
5D717A
5C6F78
516570
4D646D
53676F
66787C
4D646A
405A63
435E65
4B6468
566C6C
4F6667
5B706D
5F736A
667C6F
4F685F
3E5B58
3F5B5B
3F5B5C
415A5E
395359
415A61
324B58
334C59
475E65
39505A
3D555A
455D60
314954
38505C
314954
3F5659
3F5459
374E56
374E56
4B5F5C
7C8B6E
919B70
9DA478
9AA177
98A17C
879078
828978
888E7E
687070
5B646C
777E7B
727E76
6D7A6D
7C8976
67756F
3D4D5A
465866
4C5E69
4E606B
51626B
5C6B6D
7F8B7D
828D7D
697671
526167
6D7978
6E7A7B
556870
5D7172
7E8A7F
949E8A
7A8D80
58706C
7D8788
8B8F89
CED3CA
FFFFFF
FEFEFE
FEFEFE
FFFFFF
FFFFFF
FFFFFF
FFFFFF
FFFFFF
FFFFFF
FFFFFF
FFFFFF
FFFFFF
FFFFFF
FFFFFF
FFFFFF
FFFFFF
FFFFFF
FFFFFF
FFFFFF
FFFFFF
FFFFFF
FFFFFF
FFFFFF
FFFFFF
FFFFFF
FFFFFF
FFFFFF
FFFFFF
FFFFFF
FFFFFF
FFFFFF
FFFFFF
FFFFFF
FFFFFF
FFFFFF
FFFFFF
FFFFFF
FFFFFF
FFFFFF
FFFFFF
FFFFFF
FFFFFF
FFFFFF
FFFFFF
FFFFFF
FFFFFF
FFFFFF
FFFFFF
FFFFFF
FFFFFF
FFFFFF
FFFFFF
FFFFFF
FFFFFF
FFFFFF
FFFFFF
FFFFFF
FFFFFF
FFFFFF
FFFFFF
FFFFFF
FFFFFF
FFFFFF
FFFFFF
FFFFFF
FFFFFF
FFFFFF
FFFFFF
FFFFFF
FFFFFF
FFFFFF
FFFFFF
FFFFFF
FFFFFF
FFFFFF
FFFFFF
FFFFFF
FFFFFF
FFFFFF
FFFFFF
FFFFFF
FFFFFF
FFFFFF
FFFFFF
FFFFFF
FFFFFF
FFFFFF
FFFFFF
FFFFFF
FFFFFF
FFFFFF
FFFFFF
FFFFFF
FFFFFF
FFFFFF
FFFFFF
FFFFFF
FFFFFF
FFFFFF
FFFFFF
FFFFFF
FFFFFF
FFFFFF
FFFFFF
FFFFFF
FFFFFF
FFFFFF
FFFFFF
FFFFFF
FFFFFF
FFFFFF
FFFFFF
FFFFFF
FFFFFF
FFFFFF
FFFFFF
FFFFFF
FFFFFF
FFFFFF
FFFFFF
FFFFFF
FFFFFF
FFFFFF
FFFFFF
FFFFFF
FFFFFF
FFFFFF
FFFFFF
FFFFFF
FFFFFF
FFFFFF
FFFFFF
FFFFFF
FFFFFF
FFFFFF
FFFFFF
FFFFFF
FFFFFF
FFFFFF
FFFFFF
FFFFFF
FFFFFF
FFFFFF
FFFFFF
FFFFFF
FFFFFF
FFFFFF
FFFFFD
FEFEF9
FFFFFD
DDE0E3
798C9A
506B7F
4B6779
486474
526C7C
526C7C
456072
4E6877
60787B
5F7777
536D71
506C71
4C6770
4A6470
4D6676
4A6475
3F596A
4A6473
4B6273
53697B
445B6D
929EA8
83909B
5C6F7E
71838E
506673
4E6774
4C6370
566C79
506673
4B616E
526673
5A6D77
5F717A
566976
485E6B
50666B
68797B
576D70
405B62
445E65
4A6366
526969
526866
586D68
64756E
66796E
597166
3F5C56
415E5A
405D5A
425E5E
3A5458
415A5F
36505A
2D4754
38505D
40575F
395057
3E565B
354D58
304857
304855
334B55
3D5458
3E5459
2D4450
354C55
3F5555
57685B
85916F
939C71
939B73
9BA37A
9AA17F
888E77
858B7B
8D9385
777D7B
677175
536163
758176
6A7669
88947F
5D6A67
394A5D
445667
4A5C68
53646C
566569
738075
88957C
8D9780
6B7A73
6A7673
78837C
5E7074
526770
6A7A7A
879080
96A189
6C7F75
5B696A
879084
939A8A
EBEEE7
FFFFFF
FFFFFF
FFFFFF
FFFFFF
FFFFFF
FFFFFF
FFFFFF
FFFFFF
FFFFFF
FFFFFF
FFFFFF
FFFFFF
FFFFFF
FFFFFF
FFFFFF
FFFFFF
FFFFFF
FFFFFF
FFFFFF
FFFFFF
FFFFFF
FFFFFF
FFFFFF
FFFFFF
FFFFFF
FFFFFF
FFFFFF
FFFFFF
FFFFFF
FFFFFF
FFFFFF
FFFFFF
FFFFFF
FFFFFF
FFFFFF
FFFFFF
FFFFFF
FFFFFF
FFFFFF
FFFFFF
FFFFFF
FFFFFF
FFFFFF
FFFFFF
FFFFFF
FFFFFF
FFFFFF
FFFFFF
FFFFFF
FFFFFF
FFFFFF
FFFFFF
FFFFFF
FFFFFF
FFFFFF
FFFFFF
FFFFFF
FFFFFF
FFFFFF
FFFFFF
FFFFFF
FFFFFF
FFFFFF
FFFFFF
FFFFFF
FFFFFF
FFFFFF
FFFFFF
FFFFFF
FFFFFF
FFFFFF
FFFFFF
FFFFFF
FFFFFF
FFFFFF
FFFFFF
FFFFFF
FFFFFF
FFFFFF
FFFFFF
FFFFFF
FFFFFF
FFFFFF
FFFFFF
FFFFFF
FFFFFF
FFFFFF
FFFFFF
FFFFFF
FFFFFF
FFFFFF
FFFFFF
FFFFFF
FFFFFF
FFFFFF
FFFFFF
FFFFFF
FFFFFF
FFFFFF
FFFFFF
FFFFFF
FFFFFF
FFFFFF
FFFFFF
FFFFFF
FFFFFF
FFFFFF
FFFFFF
FFFFFF
FFFFFF
FFFFFF
FFFFFF
FFFFFF
FFFFFF
FFFFFF
FFFFFF
FFFFFF
FFFFFF
FFFFFF
FFFFFF
FFFFFF
FFFFFF
FFFFFF
FFFFFF
FFFFFF
FFFFFF
FFFFFF
FFFFFF
FFFFFF
FFFFFF
FFFFFF
FFFFFF
FFFFFF
FFFFFF
FFFFFF
FFFFFF
FFFFFF
FFFFFF
FFFFFF
FFFFFF
FFFFFF
FFFFFF
FFFFFF
FFFFFF
FFFFFF
FFFFFF
FFFEFC
FFFFFB
E3E6E7
667987
4C667A
536F82
4E697B
4E6877
55707D
496475
4B6675
5A747F
60777A
61777A
516C72
48656C
49666E
506975
516678
476072
476070
4B6371
566C7A
475F71
637583
919FAA
4D6171
6D7F8E
556977
516775
4C6471
526976
546976
4D6370
526672
556873
5A6E77
566A75
4D6271
4C626C
637575
6A7A79
425C61
456064
4D6567
566D6A
566D69
556B65
65776D
68796D
5E746A
445F58
3D5A56
3F5C58
425F5C
375456
3C5659
415B60
2E4A55
2A4453
334C59
3A525A
385155
3A525A
2B4553
334C59
314953
3D5559
3A5155
2F4751
2B434F
374E53
3F5457
3E5352
5A6A5A
919C76
929A71
919872
9DA37C
9A9F7E
7D8371
7B8074
95998B
757B78
576365
65716D
737E72
7D8673
8B937F
45555F
3B4D60
4B5D66
58676B
5F6F6E
606E69
7C8972
889379
86927D
7D897A
859080
647472
4E636E
4C616E
6F7C77
939A83
949E89
5E6B68
6D7B74
8C9680
A7AE9C
F6F8F4
FFFFFF
FFFFFF
FFFFFF
FFFFFF
FFFFFF
FFFFFF
FFFFFF
FFFFFF
FFFFFF
FFFFFF
FFFFFF
FFFFFF
FFFFFF
FFFFFF
FFFFFF
FFFFFF
FFFFFF
FFFFFF
FFFFFF
FFFFFF
FFFFFF
FFFFFF
FFFFFF
FFFFFF
FFFFFF
FFFFFF
FFFFFF
FFFFFF
FFFFFF
FFFFFF
FFFFFF
FFFFFF
FFFFFF
FFFFFF
FFFFFF
FFFFFF
FFFFFF
FFFFFF
FFFFFF
FFFFFF
FFFFFF
FFFFFF
FFFFFF
FFFFFF
FFFFFF
FFFFFF
FFFFFF
FFFFFF
FFFFFF
FFFFFF
FFFFFF
FFFFFF
FFFFFF
FFFFFF
FFFFFF
FFFFFF
FFFFFF
FFFFFF
FFFFFF
FFFFFF
FFFFFF
FFFFFF
FFFFFF
FFFFFF
FFFFFF
FFFFFF
FFFFFF
FFFFFF
FFFFFF
FFFFFF
FFFFFF
FFFFFF
FFFFFF
FFFFFF
FFFFFF
FFFFFF
FFFFFF
FFFFFF
FFFFFF
FFFFFF
FFFFFF
FFFFFF
FFFFFF
FFFFFF
FFFFFF
FFFFFF
FFFFFF
FFFFFF
FFFFFF
FFFFFF
FFFFFF
FFFFFF
FFFFFF
FFFFFF
FFFFFF
FFFFFF
FFFFFF
FFFFFF
FFFFFF
FFFFFF
FFFFFF
FFFFFF
FFFFFF
FFFFFF
FFFFFF
FFFFFF
FFFFFF
FFFFFF
FFFFFF
FFFFFF
FFFFFF
FFFFFF
FFFFFF
FFFFFF
FFFFFF
FFFFFF
FFFFFF
FFFFFF
FFFFFF
FFFFFF
FFFFFF
FFFFFF
FFFFFF
FFFFFF
FFFFFF
FFFFFF
FFFFFF
FFFFFF
FFFFFF
FFFFFF
FFFFFF
FFFFFF
FFFFFF
FFFFFF
FFFFFF
FFFFFF
FFFFFF
FFFFFF
FFFFFF
FFFFFF
FFFFFF
FFFFFF
FFFFFF
FFFFFF
FFFFFF
FFFFFE
FFFFFD
909DA7
456075
547084
516C80
506B7C
5B7481
4F6A77
466371
59727F
617983
5A7277
5D7378
4C6770
4A6670
4B6770
506875
495E70
4A6072
486070
637984
647A87
4C6171
92A0AB
586B7A
546A7B
566B7B
4C6373
4E6573
4F6673
556B78
4D6471
526774
586C77
5E717B
5B6E7A
4D626F
49606E
576B72
6E7F7A
546968
496365
4F6868
556B68
5F746E
556A65
60756A
68796C
66796C
49645C
3D5B57
3D5A56
415E59
3F5C5C
365253
455E61
314C54
2E4955
334D59
334C58
3E565D
3A535A
2C4553
2D4756
324B54
405959
385053
2D444D
2A424E
2C444B
415856
364C4E
3A5050
4C5F5B
6C7B69
929E79
959C72
969D72
A2A87E
989C7E
818774
878B7C
8E9188
7D847B
5E6867
727B75
848C7C
959A82
748077
42525C
5F6F73
5D6E6E
6E7E75
67766F
7F8C76
818C73
8A957C
88927B
87917F
818D81
657274
3F5565
50646C
818979
9A9F84
909A87
5E6C67
7E897D
88917B
B3BAAB
FBFCFA
FEFEFE
FFFFFF
FFFFFF
FFFFFF
FFFFFF
FFFFFF
FFFFFF
FFFFFF
FFFFFF
FFFFFF
FFFFFF
FFFFFF
FFFFFF
FFFFFF
FFFFFF
FFFFFF
FFFFFF
FFFFFF
FFFFFF
FFFFFF
FFFFFF
FFFFFF
FFFFFF
FFFFFF
FFFFFF
FFFFFF
FFFFFF
FFFFFF
FFFFFF
FFFFFF
FFFFFF
FFFFFF
FFFFFF
FFFFFF
FFFFFF
FFFFFF
FFFFFF
FFFFFF
FFFFFF
FFFFFF
FFFFFF
FFFFFF
FFFFFF
FFFFFF
FFFFFF
FFFFFF
FFFFFF
FFFFFF
FFFFFF
FFFFFF
FFFFFF
FFFFFF
FFFFFF
FFFFFF
FFFFFF
FFFFFF
FFFFFF
FFFFFF
FFFFFF
FFFFFF
FFFFFF
FFFFFF
FFFFFF
FFFFFF
FFFFFF
FFFFFF
FFFFFF
FFFFFF
FFFFFF
FFFFFF
FFFFFF
FFFFFF
FFFFFF
FFFFFF
FFFFFF
FFFFFF
FFFFFF
FFFFFF
FFFFFF
FFFFFF
FFFFFF
FFFFFF
FFFFFF
FFFFFF
FFFFFF
FFFFFF
FFFFFF
FFFFFF
FFFFFF
FFFFFF
FFFFFF
FFFFFF
FFFFFF
FFFFFF
FFFFFF
FFFFFF
FFFFFF
FFFFFF
FFFFFF
FFFFFF
FFFFFF
FFFFFF
FFFFFF
FFFFFF
FFFFFF
FFFFFF
FFFFFF
FFFFFF
FFFFFF
FFFFFF
FFFFFF
FFFFFF
FFFFFF
FFFFFF
FFFFFF
FFFFFF
FFFFFF
FFFFFF
FFFFFF
FFFFFF
FFFFFF
FFFFFF
FFFFFF
FFFFFF
FFFFFF
FFFFFF
FFFFFF
FFFFFF
FFFFFF
FFFFFF
FFFFFF
FFFFFF
FFFFFF
FFFFFF
FFFFFF
FFFFFF
FFFFFF
FFFFFF
FFFFFF
FFFFFF
FFFFFF
FFFFFF
FFFFFF
FFFFFF
FFFFFF
D9DDE1
5A7081
4F697F
506A7E
486275
546F80
506B78
46616D
516A76
59717C
576F79
59727A
546E76
48646F
4B6671
4F6A75
4B6471
465C6E
4B6174
4C6373
6F848F
4B616E
788B99
6C7E8C
485E70
596F7F
4D6476
4D6473
4E6473
526876
4D6370
506572
566B78
5A6E79
596D76
4C606D
4A5F70
516672
63767A
5D716D
4A6263
536A69
546A67
5E736D
5A6F66
5F746A
677B6D
65796B
51695F
3B5954
3A5854
3E5B56
425F5B
345051
445E5E
3C555A
29434E
314B55
3B535D
3D545E
3D535B
2F4853
274253
2A4452
354E56
445D5B
324B51
2A424C
2C454C
425A57
485E59
405756
4B605E
3C5151
354748
6C7B69
94A07D
99A075
9BA176
A1A77D
9BA182
878B7A
808277
939785
757B71
6B746E
7A7F77
818576
8E9783
69786D
5B6B63
4E5E5E
64726C
6B796E
788570
858F77
818C75
8C977E
838C79
88907F
8B9084
5F6F75
3F5564
6A7774
8E947D
969D83
818E7E
626E67
859180
8B9580
C0C5B9
FCFDF9
FEFEFE
FFFFFE
FFFFFF
FFFFFF
FFFFFF
FFFFFF
FFFFFF
FFFFFF
FFFFFF
FFFFFF
FFFFFF
FFFFFF
FFFFFF
FFFFFF
FFFFFF
FFFFFF
FFFFFF
FFFFFF
FFFFFF
FFFFFF
FFFFFF
FFFFFF
FFFFFF
FFFFFF
FFFFFF
FFFFFF
FFFFFF
FFFFFF
FFFFFF
FFFFFF
FFFFFF
FFFFFF
FFFFFF
FFFFFF
FFFFFF
FFFFFF
FFFFFF
FFFFFF
FFFFFF
FFFFFF
FFFFFF
FFFFFF
FFFFFF
FFFFFF
FFFFFF
FFFFFF
FFFFFF
FFFFFF
FFFFFF
FFFFFF
FFFFFF
FFFFFF
FFFFFF
FFFFFF
FFFFFF
FFFFFF
FFFFFF
FFFFFF
FFFFFF
FFFFFF
FFFFFF
FFFFFF
FFFFFF
FFFFFF
FFFFFF
FFFFFF
FFFFFF
FFFFFF
FFFFFF
FFFFFF
FFFFFF
FFFFFF
FFFFFF
FFFFFF
FFFFFF
FFFFFF
FFFFFF
FFFFFF
FFFFFF
FFFFFF
FFFFFF
FFFFFF
FFFFFF
FFFFFF
FFFFFF
FFFFFF
FFFFFF
FFFFFF
FFFFFF
FFFFFF
FFFFFF
FFFFFF
FFFFFF
FFFFFF
FFFFFF
FFFFFF
FFFFFF
FFFFFF
FFFFFF
FFFFFF
FFFFFF
FFFFFF
FFFFFF
FFFFFF
FFFFFF
FFFFFF
FFFFFF
FFFFFF
FFFFFF
FFFFFF
FFFFFF
FFFFFF
FFFFFF
FFFFFF
FFFFFF
FFFFFF
FFFFFF
FFFFFF
FFFFFF
FFFFFF
FFFFFF
FFFFFF
FFFFFF
FFFFFF
FFFFFF
FFFFFF
FFFFFF
FFFFFF
FFFFFF
FFFFFF
FFFFFF
FFFFFF
FFFFFF
FFFFFF
FFFFFF
FFFFFF
FFFFFF
FFFFFF
FFFFFF
FFFFFF
FFFFFF
FFFFFF
FFFFFF
F7FAFB
82919E
496379
516B7F
4E687C
4F697D
4D687A
44606B
536C76
60777F
536E77
526B74
5A7279
4C6670
48636F
4D6773
4B6674
3D5868
475F71
53687B
4F6776
4F6672
5B727E
6D8290
4C6274
4F6476
4D6475
4D6476
4E6573
506674
526876
4E6570
576C77
516774
556A75
526773
4D646F
4C616C
627679
5F7475
4C6363
4F6767
4F6562
5E726D
5C726B
566D60
677B6C
667B6B
587064
3F5C55
3D5B55
3D5B56
44615C
3E5A58
3B5556
465E5F
2B454E
324B56
39505B
39515B
3E535B
405661
2E4654
26404F
2C4551
3A525A
344E56
2C4551
2D454E
385051
50675D
425754
445A58
394F4F
394E50
3E5358
334649
5C6A57
959D74
899067
989F77
9CA27D
92987B
828875
929681
989C85
8A8F80
6F7270
7B7E78
808876
8F9C7E
7C8977
6E7C75
556460
6E7A6D
73806D
7D8973
808D74
7F8B74
8C957F
858D79
8A8F7F
858C84
4E6069
4C6167
79867B
8C957E
959F85
838F7E
778377
879380
8C9581
C1C5BB
FBFBF8
FEFEFD
FFFFFF
FFFFFF
FFFFFF
FFFFFF
FFFFFF
FFFFFF
FFFFFF
FFFFFF
FFFFFF
FFFFFF
FFFFFF
FFFFFF
FFFFFF
FFFFFF
FFFFFF
FFFFFF
FFFFFF
FFFFFF
FFFFFF
FFFFFF
FFFFFF
FFFFFF
FFFFFF
FFFFFF
FFFFFF
FFFFFF
FFFFFF
FFFFFF
FFFFFF
FFFFFF
FFFFFF
FFFFFF
FFFFFF
FFFFFF
FFFFFF
FFFFFF
FFFFFF
FFFFFF
FFFFFF
FFFFFF
FFFFFF
FFFFFF
FFFFFF
FFFFFF
FFFFFF
FFFFFF
FFFFFF
FFFFFF
FFFFFF
FFFFFF
FFFFFF
FFFFFF
FFFFFF
FFFFFF
FFFFFF
FFFFFF
FFFFFF
FFFFFF
FFFFFF
FFFFFF
FFFFFF
FFFFFF
FFFFFF
FFFFFF
FFFFFF
FFFFFF
FFFFFF
FFFFFF
FFFFFF
FFFFFF
FFFFFF
FFFFFF
FFFFFF
FFFFFF
FFFFFF
FFFFFF
FFFFFF
FFFFFF
FFFFFF
FFFFFF
FFFFFF
FFFFFF
FFFFFF
FFFFFF
FFFFFF
FFFFFF
FFFFFF
FFFFFF
FFFFFF
FFFFFF
FFFFFF
FFFFFF
FFFFFF
FFFFFF
FFFFFF
FFFFFF
FFFFFF
FFFFFF
FFFFFF
FFFFFF
FFFFFF
FFFFFF
FFFFFF
FFFFFF
FFFFFF
FFFFFF
FFFFFF
FFFFFF
FFFFFF
FFFFFF
FFFFFF
FFFFFF
FFFFFF
FFFFFF
FFFFFF
FFFFFF
FFFFFF
FFFFFF
FFFFFF
FFFFFF
FFFFFF
FFFFFF
FFFFFF
FFFFFF
FFFFFF
FFFFFF
FFFFFF
FFFFFF
FFFFFF
FFFFFF
FFFFFF
FFFFFF
FFFFFF
FFFFFF
FFFFFF
FFFFFF
FFFFFF
FFFFFF
FFFFFF
FFFFFF
FFFFFF
B3BCC5
53687A
51697F
516A7E
4C657A
4F687D
3D596A
4E6972
5C737B
61777D
4F6972
576F76
536B72
47626D
4C6572
556D79
496271
425C70
4C6478
506678
4B6371
4B646F
8198A4
4F6574
4F6474
576C7D
496072
496071
536977
516775
4F6471
586B77
586D78
4D6371
506673
4D6470
4D646B
5B706E
687E75
4D6564
4A6464
4D6663
5C716B
5E726D
546962
617769
677C69
5A7161
455F55
3D5B54
405E57
415E5A
415D5C
385455
4F6665
3C5357
2E4651
3B545D
364F57
395059
40555C
405660
2E4753
2D4550
3A5157
314952
2B4355
2C4455
2E454F
4B605B
4A5E58
445958
2F4648
364C4F
3C5156
28404A
384E4F
677961
909A70
959D74
848D68
949C72
99A277
949D76
888D73
9A9E82
979B83
737471
7B7E7A
82887A
909B7C
8B987B
798770
77866F
707E6A
6F7C6A
74806B
828D74
74806B
808B72
929B80
858B7A
8F9784
77857C
445A63
52666A
828D7C
8E987E
949F84
808C7A
7D8878
8E9886
858B7E
C3C5BF
FFFFFC
FEFFFD
FFFFFF
FFFFFF
FFFFFF
FFFFFF
FFFFFF
FFFFFF
FFFFFF
FFFFFF
FFFFFF
FFFFFF
FFFFFF
FFFFFF
FFFFFF
FFFFFF
FFFFFF
FFFFFF
FFFFFF
FFFFFF
FFFFFF
FFFFFF
FFFFFF
FFFFFF
FFFFFF
FFFFFF
FFFFFF
FFFFFF
FFFFFF
FFFFFF
FFFFFF
FFFFFF
FFFFFF
FFFFFF
FFFFFF
FFFFFF
FFFFFF
FFFFFF
FFFFFF
FFFFFF
FFFFFF
FFFFFF
FFFFFF
FFFFFF
FFFFFF
FFFFFF
FFFFFF
FFFFFF
FFFFFF
FFFFFF
FFFFFF
FFFFFF
FFFFFF
FFFFFF
FFFFFF
FFFFFF
FFFFFF
FFFFFF
FFFFFF
FFFFFF
FFFFFF
FFFFFF
FFFFFF
FFFFFF
FFFFFF
FFFFFF
FFFFFF
FFFFFF
FFFFFF
FFFFFF
FFFFFF
FFFFFF
FFFFFF
FFFFFF
FFFFFF
FFFFFF
FFFFFF
FFFFFF
FFFFFF
FFFFFF
FFFFFF
FFFFFF
FFFFFF
FFFFFF
FFFFFF
FFFFFF
FFFFFF
FFFFFF
FFFFFF
FFFFFF
FFFFFF
FFFFFF
FFFFFF
FFFFFF
FFFFFF
FFFFFF
FFFFFF
FFFFFF
FFFFFF
FFFFFF
FFFFFF
FFFFFF
FFFFFF
FFFFFF
FFFFFF
FFFFFF
FFFFFF
FFFFFF
FFFFFF
FFFFFF
FFFFFF
FFFFFF
FFFFFF
FFFFFF
FFFFFF
FFFFFF
FFFFFF
FFFFFF
FFFFFF
FFFFFF
FFFFFF
FFFFFF
FFFFFF
FFFFFF
FFFFFF
FFFFFF
FFFFFF
FFFFFF
FFFFFF
FFFFFF
FFFFFF
FFFFFF
FFFFFF
FFFFFF
FFFFFF
FFFFFF
FFFFFF
FFFFFF
FFFFFF
FFFFFF
FFFFFF
E4E9ED
657586
51687D
546C81
4E677D
4A6378
415A70
425E6D
506A72
5C7379
506971
4F686F
5A7177
4D666D
4B646F
516975
4C6573
465F6E
51687A
50687A
4E6677
3F5765
7D939E
5E7580
4C6171
526676
506576
4A6072
506576
4D6474
4C6370
546873
596D78
516673
536874
4D6370
4A606B
546A6B
6B8176
516965
486162
496361
576D66
62766D
526862
5D7167
697C6E
617867
486259
435C56
3E5B54
3D5B55
3E5B5A
375156
445D5D
546968
364C53
3E535C
3B525A
384F58
3B505A
465A62
334A52
364E59
374D55
3D5359
2D4452
294155
284050
3A5153
52675C
50645F
30464E
30474E
3B5256
2F464D
354C51
4B615E
657866
87946E
959F76
949D73
8B946A
969F73
99A275
8F9476
868A73
969A80
909280
787973
7C8176
8B957A
95A17F
818D6D
818F71
737F6A
727D6B
737F6B
7E8970
838E74
717D67
889179
91987F
818973
879080
6E7C77
425861
647371
86907B
919C80
909A83
7C8778
828D7F
8F9689
888E83
CCD0C8
FFFFFF
FFFFFF
FFFFFF
FFFFFF
FFFFFF
FFFFFF
FFFFFF
FFFFFF
FFFFFF
FFFFFF
FFFFFF
FFFFFF
FFFFFF
FFFFFF
FFFFFF
FFFFFF
FFFFFF
FFFFFF
FFFFFF
FFFFFF
FFFFFF
FFFFFF
FFFFFF
FFFFFF
FFFFFF
FFFFFF
FFFFFF
FFFFFF
FFFFFF
FFFFFF
FFFFFF
FFFFFF
FFFFFF
FFFFFF
FFFFFF
FFFFFF
FFFFFF
FFFFFF
FFFFFF
FFFFFF
FFFFFF
FFFFFF
FFFFFF
FFFFFF
FFFFFF
FFFFFF
FFFFFF
FFFFFF
FFFFFF
FFFFFF
FFFFFF
FFFFFF
FFFFFF
FFFFFF
FFFFFF
FFFFFF
FFFFFF
FFFFFF
FFFFFF
FFFFFF
FFFFFF
FFFFFF
FFFFFF
FFFFFF
FFFFFF
FFFFFF
FFFFFF
FFFFFF
FFFFFF
FFFFFF
FFFFFF
FFFFFF
FFFFFF
FFFFFF
FFFFFF
FFFFFF
FFFFFF
FFFFFF
FFFFFF
FFFFFF
FFFFFF
FFFFFF
FFFFFF
FFFFFF
FFFFFF
FFFFFF
FFFFFF
FFFFFF
FFFFFF
FFFFFF
FFFFFF
FFFFFF
FFFFFF
FFFFFF
FFFFFF
FFFFFF
FFFFFF
FFFFFF
FFFFFF
FFFFFF
FFFFFF
FFFFFF
FFFFFF
FFFFFF
FFFFFF
FFFFFF
FFFFFF
FFFFFF
FFFFFF
FFFFFF
FFFFFF
FFFFFF
FFFFFF
FFFFFF
FFFFFF
FFFFFF
FFFFFF
FFFFFF
FFFFFF
FFFFFF
FFFFFF
FFFFFF
FFFFFF
FFFFFF
FFFFFF
FFFFFF
FFFFFF
FFFFFF
FFFFFF
FFFFFF
FFFFFF
FFFFFF
FFFFFF
FFFFFF
FFFFFF
FFFFFF
FFFFFF
FFFFFF
FFFFFF
FDFFFF
9AA7B2
485F73
566D81
546A7E
4D6579
465F74
4C6476
506974
566E73
566E74
4B656D
587075
50686F
4A646C
536A73
516975
465E6E
4D6575
4D6576
556D7F
445C6E
748A97
6A818A
4F6671
536776
566A79
4A6070
526877
506576
475E6F
4E646F
5D7079
526670
546A77
4C6370
485E6C
53696F
677B76
5C726D
455D61
445E60
516964
63776F
566C65
596E66
6A7B6F
66796B
49635B
405A56
415C56
3C5851
3E5B57
3A5659
395256
4F6664
415659
3E5158
43575E
3B5159
364D57
42565F
364B55
3B525C
344A53
3D5359
304753
2D4557
213A4E
2A424A
4B6058
546860
3D5256
2E4551
344B52
2A4249
30484F
3B5254
354C4C
3E524B
6C7D69
8C9773
939D6F
97A176
8B956C
8F986F
979D7A
93987A
878B75
949786
8D9182
7C8175
8A947C
8F9A7B
939E7E
8E9979
808C72
76826D
73806D
74816B
818C73
808C74
6F7B67
899379
8E987A
7D8672
888F81
6E7C78
4D5C61
6F7C76
8B957D
929C83
8B9582
798275
8B9286
8A9084
8A8F84
DFE0DC
FFFFFF
FEFEFE
FFFFFF
FFFFFF
FFFFFF
FFFFFF
FFFFFF
FFFFFF
FFFFFF
FFFFFF
FFFFFF
FFFFFF
FFFFFF
FFFFFF
FFFFFF
FFFFFF
FFFFFF
FFFFFF
FFFFFF
FFFFFF
FFFFFF
FFFFFF
FFFFFF
FFFFFF
FFFFFF
FFFFFF
FFFFFF
FFFFFF
FFFFFF
FFFFFF
FFFFFF
FFFFFF
FFFFFF
FFFFFF
FFFFFF
FFFFFF
FFFFFF
FFFFFF
FFFFFF
FFFFFF
FFFFFF
FFFFFF
FFFFFF
FFFFFF
FFFFFF
FFFFFF
FFFFFF
FFFFFF
FFFFFF
FFFFFF
FFFFFF
FFFFFF
FFFFFF
FFFFFF
FFFFFF
FFFFFF
FFFFFF
FFFFFF
FFFFFF
FFFFFF
FFFFFF
FFFFFF
FFFFFF
FFFFFF
FFFFFF
FFFFFF
FFFFFF
FFFFFF
FFFFFF
FFFFFF
FFFFFF
FFFFFF
FFFFFF
FFFFFF
FFFFFF
FFFFFF
FFFFFF
FFFFFF
FFFFFF
FFFFFF
FFFFFF
FFFFFF
FFFFFF
FFFFFF
FFFFFF
FFFFFF
FFFFFF
FFFFFF
FFFFFF
FFFFFF
FFFFFF
FFFFFF
FFFFFF
FFFFFF
FFFFFF
FFFFFF
FFFFFF
FFFFFF
FFFFFF
FFFFFF
FFFFFF
FFFFFF
FFFFFF
FFFFFF
FFFFFF
FFFFFF
FFFFFF
FFFFFF
FFFFFF
FFFFFF
FFFFFF
FFFFFF
FFFFFF
FFFFFF
FFFFFF
FFFFFF
FFFFFF
FFFFFF
FFFFFF
FFFFFF
FFFFFF
FFFFFF
FFFFFF
FFFFFF
FFFFFF
FFFFFF
FFFFFF
FFFFFF
FFFFFF
FFFFFF
FFFFFF
FFFFFF
FFFFFF
FFFFFF
FFFFFF
FFFFFF
FFFFFE
FFFFFF
CDD7DB
5F7383
526B7F
5C7285
596F82
4D6579
496277
506977
536B73
5D7378
4F686F
516A71
576D74
47626B
4D6770
536B74
4C6470
4B6372
4B6374
4B6476
50687B
5C7181
80949F
506770
526973
546875
506674
506673
556976
4C6271
4B6270
596E78
566A72
576D77
495F6D
4D6370
4F656D
617573
657A76
496163
465E63
4D6362
64776E
596F67
516761
697A70
66786D
4F665D
3E5955
435F5B
3E5A55
425E59
3A5755
335053
4E6563
465B5C
3A4F55
43555D
344851
354B56
344B55
374C57
324853
354D56
3A5057
344B54
294050
223A4E
203948
425955
4D6257
435756
324852
354C57
364E56
2B434C
354D53
374F52
374F53
3B5355
334849
67755F
919C71
929C6D
8B966A
8B956D
8E9572
9DA27E
91957A
686A5E
929584
878C7A
878F7A
8D977C
929C7F
909B7B
8E987B
7E8A70
727E6B
6B7868
74806C
7E8A71
76836D
6F7A65
8F9979
8B937A
878A7B
878E7C
6B7774
4B595E
808B7F
8F9A82
909A84
808979
7A8174
888E82
80867B
91948D
E6E6E5
FFFFFF
FFFFFF
FFFFFF
FFFFFF
FFFFFF
FFFFFF
FFFFFF
FFFFFF
FFFFFF
FFFFFF
FFFFFF
FFFFFF
FFFFFF
FFFFFF
FFFFFF
FFFFFF
FFFFFF
FFFFFF
FFFFFF
FFFFFF
FFFFFF
FFFFFF
FFFFFF
FFFFFF
FFFFFF
FFFFFF
FFFFFF
FFFFFF
FFFFFF
FFFFFF
FFFFFF
FFFFFF
FFFFFF
FFFFFF
FFFFFF
FFFFFF
FFFFFF
FFFFFF
FFFFFF
FFFFFF
FFFFFF
FFFFFF
FFFFFF
FFFFFF
FFFFFF
FFFFFF
FFFFFF
FFFFFF
FFFFFF
FFFFFF
FFFFFF
FFFFFF
FFFFFF
FFFFFF
FFFFFF
FFFFFF
FFFFFF
FFFFFF
FFFFFF
FFFFFF
FFFFFF
FFFFFF
FFFFFF
FFFFFF
FFFFFF
FFFFFF
FFFFFF
FFFFFF
FFFFFF
FFFFFF
FFFFFF
FFFFFF
FFFFFF
FFFFFF
FFFFFF
FFFFFF
FFFFFF
FFFFFF
FFFFFF
FFFFFF
FFFFFF
FFFFFF
FFFFFF
FFFFFF
FFFFFF
FFFFFF
FFFFFF
FFFFFF
FFFFFF
FFFFFF
FFFFFF
FFFFFF
FFFFFF
FFFFFF
FFFFFF
FFFFFF
FFFFFF
FFFFFF
FFFFFF
FFFFFF
FFFFFF
FFFFFF
FFFFFF
FFFFFF
FFFFFF
FFFFFF
FFFFFF
FFFFFF
FFFFFF
FFFFFF
FFFFFF
FFFFFF
FFFFFF
FFFFFF
FFFFFF
FFFFFF
FFFFFF
FFFFFF
FFFFFF
FFFFFF
FFFFFF
FFFFFF
FFFFFF
FFFFFF
FFFFFF
FFFFFF
FFFFFF
FFFFFF
FFFFFF
FFFFFF
FFFFFF
FFFFFF
FFFFFF
FFFFFF
FFFFFE
FFFFFE
F7FAFA
7C8B96
516A7A
627C8C
5B7283
4E6579
4B6478
4A6475
4F6975
5B7278
556D74
4F686F
586F76
4E676F
49646D
4D6871
4E6771
4E6571
4C6472
445E70
445D71
43596D
80929F
576B74
506771
506771
506772
4C626F
556974
566A74
506571
526671
546871
596D76
4A606C
4D6370
4D636D
5D7172
667B77
4A6265
486066
435B5F
5E726B
65786C
4C645B
62756A
6A7A6E
556C63
3F5B55
46615B
3F5B57
435E59
3E5A57
385557
3C5656
576C6A
394E54
3D5058
394C54
334955
2C4350
344B56
2F4650
324953
374E55
374F54
29414D
28414F
1E3746
31494D
496056
445956
364C54
3A4F5A
324855
253D49
344D53
334A50
32494F
324B51
29414B
2A4047
516256
8A966C
97A070
99A371
8F996C
89906F
8C9172
9EA47F
8F927B
747868
929782
8B917B
8D947D
8F977E
939B7F
91997B
8B9575
7B876F
687567
657266
76836F
7D8A70
6B7864
748168
949B7F
888D78
899079
828C7B
606D6D
566363
879483
8D9783
8C9480
757C70
838A80
8A9085
80857D
999D99
F2F4F3
FFFFFF
FFFFFF
FFFFFF
FFFFFF
FFFFFF
FFFFFF
FFFFFF
FFFFFF
FFFFFF
FFFFFF
FFFFFF
FFFFFF
FFFFFF
FFFFFF
FFFFFF
FFFFFF
FFFFFF
FFFFFF
FFFFFF
FFFFFF
FFFFFF
FFFFFF
FFFFFF
FFFFFF
FFFFFF
FFFFFF
FFFFFF
FFFFFF
FFFFFF
FFFFFF
FFFFFF
FFFFFF
FFFFFF
FFFFFF
FFFFFF
FFFFFF
FFFFFF
FFFFFF
FFFFFF
FFFFFF
FFFFFF
FFFFFF
FFFFFF
FFFFFF
FFFFFF
FFFFFF
FFFFFF
FFFFFF
FFFFFF
FFFFFF
FFFFFF
FFFFFF
FFFFFF
FFFFFF
FFFFFF
FFFFFF
FFFFFF
FFFFFF
FFFFFF
FFFFFF
FFFFFF
FFFFFF
FFFFFF
FFFFFF
FFFFFF
FFFFFF
FFFFFF
FFFFFF
FFFFFF
FFFFFF
FFFFFF
FFFFFF
FFFFFF
FFFFFF
FFFFFF
FFFFFF
FFFFFF
FFFFFF
FFFFFF
FFFFFF
FFFFFF
FFFFFF
FFFFFF
FFFFFF
FFFFFF
FFFFFF
FFFFFF
FFFFFF
FFFFFF
FFFFFF
FFFFFF
FFFFFF
FFFFFF
FFFFFF
FFFFFF
FFFFFF
FFFFFF
FFFFFF
FFFFFF
FFFFFF
FFFFFF
FFFFFF
FFFFFF
FFFFFF
FFFFFF
FFFFFF
FFFFFF
FFFFFF
FFFFFF
FFFFFF
FFFFFF
FFFFFF
FFFFFF
FFFFFF
FFFFFF
FFFFFF
FFFFFF
FFFFFF
FFFFFF
FFFFFF
FFFFFF
FFFFFF
FFFFFF
FFFFFF
FFFFFF
FFFFFF
FFFFFF
FFFFFF
FFFFFF
FFFFFF
FFFFFF
FFFFFF
FFFFFF
FFFFFC
FFFFFF
B6C0C4
5A6E7B
5C7584
5A7181
4F677A
486176
526A7A
4F6774
587177
577176
4A636C
546C73
516971
4A656E
526B73
4C666F
4B646E
506874
46606F
455F70
40596D
6F8295
687A85
516670
506771
526973
4C636E
526872
556972
506770
4D656F
566A73
526770
4A606E
4E636F
4F656F
54686E
687D78
516769
435C64
39525D
4A6161
62786C
53695E
596F63
687A6D
5B7065
435E57
46615A
3E5A56
3E5956
3C5857
385456
355052
586F6B
465B5D
3A4E55
394C55
364854
334954
2A424D
334A55
314853
39505A
42575F
344A50
314951
28424B
2A4448
3F5652
405653
344B51
2B4251
334A56
273F4C
304950
30474E
2C444D
2F4651
213A47
1F3943
4A5E5A
677761
859169
909C6C
919C6A
9BA372
8F956E
83876B
81856A
A2A784
8D9178
777A6B
91967F
878C77
888D7A
8C917D
949B7E
909A77
849072
76836F
5D6B61
657467
7A8770
73806B
5F6C61
77826F
919A7D
8E9479
848D75
7A8478
596665
5F6B69
818D80
909986
798077
707876
7F887F
7F8A81
808881
A9ADA9
F8F8F8
FFFFFF
FEFFFF
FEFFFF
FEFFFF
FFFFFF
FFFFFF
FFFFFF
FFFFFF
FFFFFF
FFFFFF
FFFFFF
FFFFFF
FFFFFF
FFFFFF
FFFFFF
FFFFFF
FFFFFF
FFFFFF
FFFFFF
FFFFFF
FFFFFF
FFFFFF
FFFFFF
FFFFFF
FFFFFF
FFFFFF
FFFFFF
FFFFFF
FFFFFF
FFFFFF
FFFFFF
FFFFFF
FFFFFF
FFFFFF
FFFFFF
FFFFFF
FFFFFF
FFFFFF
FFFFFF
FFFFFF
FFFFFF
FFFFFF
FFFFFF
FFFFFF
FFFFFF
FFFFFF
FFFFFF
FFFFFF
FFFFFF
FFFFFF
FFFFFF
FFFFFF
FFFFFF
FFFFFF
FFFFFF
FFFFFF
FFFFFF
FFFFFF
FFFFFF
FFFFFF
FFFFFF
FFFFFF
FFFFFF
FFFFFF
FFFFFF
FFFFFF
FFFFFF
FFFFFF
FFFFFF
FFFFFF
FFFFFF
FFFFFF
FFFFFF
FFFFFF
FFFFFF
FFFFFF
FFFFFF
FFFFFF
FFFFFF
FFFFFF
FFFFFF
FFFFFF
FFFFFF
FFFFFF
FFFFFF
FFFFFF
FFFFFF
FFFFFF
FFFFFF
FFFFFF
FFFFFF
FFFFFF
FFFFFF
FFFFFF
FFFFFF
FFFFFF
FFFFFF
FFFFFF
FFFFFF
FFFFFF
FFFFFF
FFFFFF
FFFFFF
FFFFFF
FFFFFF
FFFFFF
FFFFFF
FFFFFF
FFFFFF
FFFFFF
FFFFFF
FFFFFF
FFFFFF
FFFFFF
FFFFFF
FFFFFF
FFFFFF
FFFFFF
FFFFFF
FFFFFF
FFFFFF
FFFFFF
FFFFFF
FFFFFF
FFFFFF
FFFFFF
FFFFFF
FFFFFF
FFFFFF
FFFFFF
FFFFFF
FFFFFE
FFFFFF
E2E8EA
6F7F89
677E8C
6E8593
546B7A
4E6577
4B6376
5D747E
5A7077
5C747A
44606B
4B656E
566D74
4B656E
4B666F
506972
4C646E
4F6772
455E6C
445F6F
435D6E
596E7F
748694
4F656F
4F6670
526973
506872
4C646D
546A72
546971
4F656D
546972
4D646C
4D636F
4B626C
596E74
4D636A
627673
5D7171
415963
36515E
38525B
597069
50685E
576D60
687B6B
607668
47625A
405D57
3D5A55
3A5753
3A5654
365254
314D51
4D6561
4A6262
344951
3E5059
324451
324552
253C4A
314954
2F4652
2E4651
374E58
334A54
2F474F
30494E
2C454A
37504C
3E5551
334A52
324855
314755
2A424E
2D454D
344C51
364E53
29424C
263E4A
294046
4C6159
53675C
536450
869267
949E6C
929C6A
949E6C
9CA474
8F956D
828669
8A8E70
999E7F
898D75
80846F
8F947D
878A78
7E8174
8F927D
969E7A
8E9876
818D71
75826F
59685F
6C7A6A
808A74
4F5D59
49595A
707C6E
91997E
8A9076
788071
7F887E
616B6B
717D7A
838D81
818780
6A7373
757F7E
687573
7F8B85
7F867E
B3B6B4
FEFEFE
FEFFFF
FEFFFF
FEFFFF
FFFFFF
FFFFFF
FFFFFF
FFFFFF
FFFFFF
FFFFFF
FFFFFF
FFFFFF
FFFFFF
FFFFFF
FFFFFF
FFFFFF
FFFFFF
FFFFFF
FFFFFF
FFFFFF
FFFFFF
FFFFFF
FFFFFF
FFFFFF
FFFFFF
FFFFFF
FFFFFF
FFFFFF
FFFFFF
FFFFFF
FFFFFF
FFFFFF
FFFFFF
FFFFFF
FFFFFF
FFFFFF
FFFFFF
FFFFFF
FFFFFF
FFFFFF
FFFFFF
FFFFFF
FFFFFF
FFFFFF
FFFFFF
FFFFFF
FFFFFF
FFFFFF
FFFFFF
FFFFFF
FFFFFF
FFFFFF
FFFFFF
FFFFFF
FFFFFF
FFFFFF
FFFFFF
FFFFFF
FFFFFF
FFFFFF
FFFFFF
FFFFFF
FFFFFF
FFFFFF
FFFFFF
FFFFFF
FFFFFF
FFFFFF
FFFFFF
FFFFFF
FFFFFF
FFFFFF
FFFFFF
FFFFFF
FFFFFF
FFFFFF
FFFFFF
FFFFFF
FFFFFF
FFFFFF
FFFFFF
FFFFFF
FFFFFF
FFFFFF
FFFFFF
FFFFFF
FFFFFF
FFFFFF
FFFFFF
FFFFFF
FFFFFF
FFFFFF
FFFFFF
FFFFFF
FFFFFF
FFFFFF
FFFFFF
FFFFFF
FFFFFF
FFFFFF
FFFFFF
FFFFFF
FFFFFF
FFFFFF
FFFFFF
FFFFFF
FFFFFF
FFFFFF
FFFFFF
FFFFFF
FFFFFF
FFFFFF
FFFFFF
FFFFFF
FFFFFF
FFFFFF
FFFFFF
FFFFFF
FFFFFF
FFFFFF
FFFFFF
FFFFFF
FFFFFF
FFFFFF
FFFFFF
FFFFFF
FFFFFF
FFFFFF
FFFFFF
FFFFFF
FFFFFF
FFFFFF
FAFDFD
909FA5
607683
617986
5B7380
566D7B
586F7E
546B7C
597077
60787C
4E666F
425D69
546D74
506A71
4A656E
4C6872
4A636B
5C747B
4A636D
46606E
435D6D
485F70
748694
516570
4E666F
4F6670
526973
4C646E
4F666E
516870
4A616A
536970
4E646B
526971
4C626A
5C7176
54696D
5D716F
667C77
435B63
365161
2F4A57
516A68
576E65
50675D
657968
687C6A
496559
405E57
405E58
395651
3C5753
375453
335052
425C5A
556D68
2F464D
3B4F58
354854
2C3D4D
2D3F4E
293F4D
2E4451
29404C
273E4A
344B55
2D454F
2D464F
264048
354C4C
445B54
384F52
2E4653
364D5A
2F4754
2B434C
385056
2A424C
354D52
324A50
374E50
627668
637560
5A6C58
738266
889469
939F6C
98A26D
939E6B
969E6D
9DA576
939971
858A6B
808468
979D7B
878C6F
878B71
8E927A
7E8071
7A7C72
969D7D
919A74
8A9473
808B70
6B7869
526059
778270
6C786D
43545C
4D5D5D
687469
88917B
7C8372
727A6C
818981
6B7673
757F7D
858C85
697173
5D6970
677679
5F6D6C
7D8781
89918A
EFF1F0
FFFFFF
FEFFFF
FEFFFF
FFFFFF
FFFFFF
FFFFFF
FFFFFF
FFFFFF
FFFFFF
FFFFFF
FFFFFF
FFFFFF
FFFFFF
FFFFFF
FFFFFF
FFFFFF
FFFFFF
FFFFFF
FFFFFF
FFFFFF
FFFFFF
FFFFFF
FFFFFF
FFFFFF
FFFFFF
FFFFFF
FFFFFF
FFFFFF
FFFFFF
FFFFFF
FFFFFF
FFFFFF
FFFFFF
FFFFFF
FFFFFF
FFFFFF
FFFFFF
FFFFFF
FFFFFF
FFFFFF
FFFFFF
FFFFFF
FFFFFF
FFFFFF
FFFFFF
FFFFFF
FFFFFF
FFFFFF
FFFFFF
FFFFFF
FFFFFF
FFFFFF
FFFFFF
FFFFFF
FFFFFF
FFFFFF
FFFFFF
FFFFFF
FFFFFF
FFFFFF
FFFFFF
FFFFFF
FFFFFF
FFFFFF
FFFFFF
FFFFFF
FFFFFF
FFFFFF
FFFFFF
FFFFFF
FFFFFF
FFFFFF
FFFFFF
FFFFFF
FFFFFF
FFFFFF
FFFFFF
FFFFFF
FFFFFF
FFFFFF
FFFFFF
FFFFFF
FFFFFF
FFFFFF
FFFFFF
FFFFFF
FFFFFF
FFFFFF
FFFFFF
FFFFFF
FFFFFF
FFFFFF
FFFFFF
FFFFFF
FFFFFF
FFFFFF
FFFFFF
FFFFFF
FFFFFF
FFFFFF
FFFFFF
FFFFFF
FFFFFF
FFFFFF
FFFFFF
FFFFFF
FFFFFF
FFFFFF
FFFFFF
FFFFFF
FFFFFF
FFFFFF
FFFFFF
FFFFFF
FFFFFF
FFFFFF
FFFFFF
FFFFFF
FFFFFF
FFFFFF
FFFFFF
FFFFFF
FFFFFF
FFFFFF
FFFFFF
FFFFFF
FFFFFF
FFFFFF
FFFFFF
FFFFFF
FFFFFF
B7C0C3
647883
667D8A
556C7A
4C6370
5A727E
556D7A
4C6372
5B7278
5A7275
49616C
566E76
556D73
4A656D
49646E
456169
576F75
576F76
45606A
48636F
425B6A
697C8A
5C6E7A
4D636D
4F6670
536A74
4C636C
4D646D
526971
4D646B
4C656D
50686F
516870
465E65
5A7073
566B6E
586E6D
6D8078
4F6769
34505E
2B4656
466164
5B7369
4F665D
607666
677D6A
516A5D
3B5A52
3F5D58
3C5A55
3F5D55
3C5853
375353
3D5855
5A7369
3E5657
344B53
3E515A
2A3D4B
293A4B
283A49
2B3F4E
304753
2D444F
344B56
2E4651
28404A
233D45
2D444C
425857
425655
2E444F
304654
344B59
1E3744
28404A
2E454F
2D4354
314952
364C4E
516458
6D7E63
677961
697C66
637461
768566
899568
949F6C
99A370
929A69
959D6C
9DA575
959B73
858A6B
8B9170
9CA27B
8F9474
8C9075
91957F
6F7269
787F6A
99A37E
909975
858F71
7A8671
647368
5F6C60
7D8774
505F5F
475761
4A5B5F
6A756D
89917D
818775
7E8676
7F897F
6B7573
727972
808884
5E6A6D
57666C
616F74
697574
838F85
B9C0BB
FEFFFF
FEFFFF
FFFFFF
FFFFFF
FFFFFF
FFFFFF
FFFFFF
FFFFFF
FFFFFF
FFFFFF
FFFFFF
FFFFFF
FFFFFF
FFFFFF
FFFFFF
FFFFFF
FFFFFF
FFFFFF
FFFFFF
FFFFFF
FFFFFF
FFFFFF
FFFFFF
FFFFFF
FFFFFF
FFFFFF
FFFFFF
FFFFFF
FFFFFF
FFFFFF
FFFFFF
FFFFFF
FFFFFF
FFFFFF
FFFFFF
FFFFFF
FFFFFF
FFFFFF
FFFFFF
FFFFFF
FFFFFF
FFFFFF
FFFFFF
FFFFFF
FFFFFF
FFFFFF
FFFFFF
FFFFFF
FFFFFF
FFFFFF
FFFFFF
FFFFFF
FFFFFF
FFFFFF
FFFFFF
FFFFFF
FFFFFF
FFFFFF
FFFFFF
FFFFFF
FFFFFF
FFFFFF
FFFFFF
FFFFFF
FFFFFF
FFFFFF
FFFFFF
FFFFFF
FFFFFF
FFFFFF
FFFFFF
FFFFFF
FFFFFF
FFFFFF
FFFFFF
FFFFFF
FFFFFF
FFFFFF
FFFFFF
FFFFFF
FFFFFF
FFFFFF
FFFFFF
FFFFFF
FFFFFF
FFFFFF
FFFFFF
FFFFFF
FFFFFF
FFFFFF
FFFFFF
FFFFFF
FFFFFF
FFFFFF
FFFFFF
FFFFFF
FFFFFF
FFFFFF
FFFFFF
FFFFFF
FFFFFF
FFFFFF
FFFFFF
FFFFFF
FFFFFF
FFFFFF
FFFFFF
FFFFFF
FFFFFF
FFFFFF
FFFFFF
FFFFFF
FFFFFF
FFFFFF
FFFFFF
FFFFFF
FFFFFF
FFFFFF
FFFFFF
FFFFFF
FFFFFF
FFFFFF
FFFFFF
FFFFFF
FFFFFF
FFFFFF
FFFFFF
FFFFFF
FEFFFF
FFFFFF
D3D5D5
6D787E
627884
566D7B
4C6272
556C7A
5B7282
526A78
516976
60767C
536A6F
536B72
566E72
4F676E
4B666F
48646E
4E676D
677D81
4B656D
48626E
3E5966
5C7280
7A8C97
647883
4C636C
506870
4C646D
4E656D
516870
52696F
4D656A
536B71
4E666C
496167
4D656A
576E6E
546969
677C75
596F6C
3A535F
284556
38535C
597069
536A5F
5A7263
687D69
587062
3A5851
3B5A54
3B5A55
3C5955
3C5954
3A5453
385251
566E61
516963
334C53
475D60
364A56
304352
2A3C4A
2D3F4B
2B3E4D
304651
30474F
344B53
304752
263E49
283F47
384D52
44585B
3D5059
2A404F
304554
223949
273F49
2A424B
2B414F
2D4254
2E444E
435852
687A63
6C7C60
627661
455B51
2A3F41
4F6150
828F66
879364
949E6A
9BA470
969E6C
949C6C
9BA374
9AA175
808565
8C9170
979D77
8A8F71
8B9074
8A8E7A
666E62
888F73
99A17B
899373
79836D
77826F
687467
747F6C
6A776D
3D4E58
4A5D63
4E5B61
7C8577
939880
7D8572
747F72
828B80
7D8379
7B8376
7F8880
59676A
55666D
667779
677470
84908A
C8CDCC
FFFFFE
FFFDFB
FFFEFF
FFFFFF
FFFFFF
FFFFFF
FFFFFF
FFFFFF
FFFFFF
FFFFFF
FFFFFF
FFFFFF
FFFFFF
FFFFFF
FFFFFF
FFFFFF
FFFFFF
FFFFFF
FFFFFF
FFFFFF
FFFFFF
FFFFFF
FFFFFF
FFFFFF
FFFFFF
FFFFFF
FFFFFF
FFFFFF
FFFFFF
FFFFFF
FFFFFF
FFFFFF
FFFFFF
FFFFFF
FFFFFF
FFFFFF
FFFFFF
FFFFFF
FFFFFF
FFFFFF
FFFFFF
FFFFFF
FFFFFF
FFFFFF
FFFFFF
FFFFFF
FFFFFF
FFFFFF
FFFFFF
FFFFFF
FFFFFF
FFFFFF
FFFFFF
FFFFFF
FFFFFF
FFFFFF
FFFFFF
FFFFFF
FFFFFF
FFFFFF
FFFFFF
FFFFFF
FFFFFF
FFFFFF
FFFFFF
FFFFFF
FFFFFF
FFFFFF
FFFFFF
FFFFFF
FFFFFF
FFFFFF
FFFFFF
FFFFFF
FFFFFF
FFFFFF
FFFFFF
FFFFFF
FFFFFF
FFFFFF
FFFFFF
FFFFFF
FFFFFF
FFFFFF
FFFFFF
FFFFFF
FFFFFF
FFFFFF
FFFFFF
FFFFFF
FFFFFF
FFFFFF
FFFFFF
FFFFFF
FFFFFF
FFFFFF
FFFFFF
FFFFFF
FFFFFF
FFFFFF
FFFFFF
FFFFFF
FFFFFF
FFFFFF
FFFFFF
FFFFFF
FFFFFF
FFFFFF
FFFFFF
FFFFFF
FFFFFF
FFFFFF
FFFFFF
FFFFFF
FFFFFF
FFFFFF
FFFFFF
FFFFFF
FFFFFF
FFFFFF
FFFFFF
FFFFFF
FFFFFF
FFFFFF
FFFFFF
FEFEFE
FEFFFE
FFFFFF
E5E9EB
7B8285
6E7C7F
5C727E
506979
4E6576
566D7D
4B6273
546A79
5D747F
576D75
536A70
566D71
526B6F
496268
4F6871
4D666E
6E8489
556971
46626F
3D5967
48636F
778E9B
667A85
4D636E
4E656C
4E666B
4D656B
516870
50676E
4F666C
536A6F
4E666B
51696D
50666B
5A7273
586D6B
657B70
617670
3B545E
2A4558
2D4956
4F6965
566D62
576F60
657D68
5F7663
425D53
3B5854
3D5A56
3E5A59
3D595B
3A545A
364E54
4E655C
5E7566
395056
3F585D
3F5559
2B3E4E
2E4251
31474B
31454D
2F4251
2C424B
2C4348
2A414A
2C434D
243A43
384C52
47595C
4E6065
324553
2F4451
273E4B
203846
334B52
31484F
2E4450
2D4252
3C5052
667964
718163
68795E
475B51
2B4144
354849
5C6C59
7D8A66
8B9769
8C9764
949E6A
9CA570
969E6B
98A06D
A2AB73
959C72
797D65
919674
959B77
858A6B
939977
7E8572
757A6B
989F80
95A07E
8A9379
777E6C
7A8672
6D7967
7C8875
4A595B
41535A
485961
4E5B5C
828A79
8D947F
6E776C
788376
878F80
808678
838D7F
818D85
596970
5E7077
5D6B71
657276
828C8C
E1E0D6
FFFFF4
FEFDFE
FFFFFF
FFFFFF
FFFFFF
FFFFFF
FFFFFF
FFFFFF
FFFFFF
FFFFFF
FFFFFF
FFFFFF
FFFFFF
FFFFFF
FFFFFF
FFFFFF
FFFFFF
FFFFFF
FFFFFF
FFFFFF
FFFFFF
FFFFFF
FFFFFF
FFFFFF
FFFFFF
FFFFFF
FFFFFF
FFFFFF
FFFFFF
FFFFFF
FFFFFF
FFFFFF
FFFFFF
FFFFFF
FFFFFF
FFFFFF
FFFFFF
FFFFFF
FFFFFF
FFFFFF
FFFFFF
FFFFFF
FFFFFF
FFFFFF
FFFFFF
FFFFFF
FFFFFF
FFFFFF
FFFFFF
FFFFFF
FFFFFF
FFFFFF
FFFFFF
FFFFFF
FFFFFF
FFFFFF
FFFFFF
FFFFFF
FFFFFF
FFFFFF
FFFFFF
FFFFFF
FFFFFF
FFFFFF
FFFFFF
FFFFFF
FFFFFF
FFFFFF
FFFFFF
FFFFFF
FFFFFF
FFFFFF
FFFFFF
FFFFFF
FFFFFF
FFFFFF
FFFFFF
FFFFFF
FFFFFF
FFFFFF
FFFFFF
FFFFFF
FFFFFF
FFFFFF
FFFFFF
FFFFFF
FFFFFF
FFFFFF
FFFFFF
FFFFFF
FFFFFF
FFFFFF
FFFFFF
FFFFFF
FFFFFF
FFFFFF
FFFFFF
FFFFFF
FFFFFF
FFFFFF
FFFFFF
FFFFFF
FFFFFF
FFFFFF
FFFFFF
FFFFFF
FFFFFF
FFFFFF
FFFFFF
FFFFFF
FFFFFF
FFFFFF
FFFFFF
FFFFFF
FFFFFF
FFFFFF
FFFFFF
FFFFFF
FFFFFF
FFFFFF
FFFFFF
FFFFFF
FFFFFF
FFFFFF
FFFFFE
FFFFFE
F7FAFA
90999C
69777D
63757E
536A7A
445E73
506779
4A6172
596E7A
617581
546C77
4B636E
516971
526A6F
4B6468
496268
4B636B
63787E
5F747B
4B646E
3B5968
375462
6B828E
687D8A
516873
4D646E
4F676D
4F666B
5A6F74
51686E
546C71
536B6F
50686D
4F676B
566D6C
647A76
566E6D
5F746D
6A8075
465F62
2C485A
234053
425D5F
556F64
546B5E
637A65
667D67
4B6459
3D5852
3E5A56
3E5957
405A59
3A565C
2D4655
425858
617664
455B56
395055
435B5F
2C434E
243A4A
2A4249
344D4A
30434C
283A4A
2D444D
294047
273D49
223844
31484E
3A4E55
4C5E62
465761
324552
374C54
223945
364B54
293F4E
2A404C
3A4C57
354651
5E7062
6F7F65
66755E
4E6151
2B4142
2D4347
475A54
4C5D53
3F5244
667659
8C9868
929C69
96A06C
9BA56F
969F6B
99A26C
A0A877
8F9572
868B6C
8D9270
929874
878D6B
8F947A
7B7F6E
7A7F6D
98A081
979E7C
868D73
6E7968
6F7A6D
6C7869
6D796F
425359
485A64
41535C
596767
858D7E
818678
5E6B65
717B73
808879
6A7670
75807E
6C7A7B
5C6D74
5C6D75
57686F
6D7A80
A0A3A0
FDFBF2
FDFDFE
FFFFFF
FFFFFF
FFFFFF
FFFFFF
FFFFFF
FFFFFF
FFFFFF
FFFFFF
FFFFFF
FFFFFF
FFFFFF
FFFFFF
FFFFFF
FFFFFF
FFFFFF
FFFFFF
FFFFFF
FFFFFF
FFFFFF
FFFFFF
FFFFFF
FFFFFF
FFFFFF
FFFFFF
FFFFFF
FFFFFF
FFFFFF
FFFFFF
FFFFFF
FFFFFF
FFFFFF
FFFFFF
FFFFFF
FFFFFF
FFFFFF
FFFFFF
FFFFFF
FFFFFF
FFFFFF
FFFFFF
FFFFFF
FFFFFF
FFFFFF
FFFFFF
FFFFFF
FFFFFF
FFFFFF
FFFFFF
FFFFFF
FFFFFF
FFFFFF
FFFFFF
FFFFFF
FFFFFF
FFFFFF
FFFFFF
FFFFFF
FFFFFF
FFFFFF
FFFFFF
FFFFFF
FFFFFF
FFFFFF
FFFFFF
FFFFFF
FFFFFF
FFFFFF
FFFFFF
FFFFFF
FFFFFF
FFFFFF
FFFFFF
FFFFFF
FFFFFF
FFFFFF
FFFFFF
FFFFFF
FFFFFF
FFFFFF
FFFFFF
FFFFFF
FFFFFF
FFFFFF
FFFFFF
FFFFFF
FFFFFF
FFFFFF
FFFFFF
FFFFFF
FFFFFF
FFFFFF
FFFFFF
FFFFFF
FFFFFF
FFFFFF
FFFFFF
FFFFFF
FFFFFF
FFFFFF
FFFFFF
FFFFFF
FFFFFF
FFFFFF
FFFFFF
FFFFFF
FFFFFF
FFFFFF
FFFFFF
FFFFFF
FFFFFF
FFFFFF
FFFFFF
FFFFFF
FFFFFF
FFFFFF
FFFFFF
FFFFFF
FFFFFF
FFFFFF
FFFFFF
FFFFFF
FFFFFF
FEFEFD
FFFFFF
B1B7B8
69767B
6B7D86
526A77
4A6275
455F74
4C6476
576C77
677B83
536873
506773
566E78
4F676E
4F686F
455E67
4C646D
4B646B
637980
4F656F
445F6C
365363
71868F
778891
566B77
4D646F
4F6670
496068
556C72
5C7276
51686E
51696D
4E6669
4E666A
51696B
6C817A
637973
556C67
697E74
546B69
334E5B
254255
304C56
536D64
556D5F
5B7361
687F67
516A5D
3E5854
3E5A54
3D5955
415C59
415B5B
314C55
354D56
5B6F64
5A7060
3C5351
49615B
2E464E
273E49
30484C
364F4E
344C49
273943
2F444B
2D444C
2C434F
263C49
2C434B
374E54
3B4F56
485A65
374956
3B4F57
2A414A
29404D
3C505A
2E424F
3F535E
31444D
495A55
6E7D66
606F58
63715D
475A52
344A4A
3A4E4A
41554D
354947
344949
3D5144
6A7957
919B6F
949E6C
95A06A
9EA76F
99A26C
9CA470
9DA478
8F9471
8C926E
919870
909673
8C9374
8C9279
75796A
797D6D
9EA583
909876
76806B
5A6660
657168
6E7A6E
5E6B69
45575E
3B505C
4B5E65
616F6E
80897F
6B756F
525D62
757E77
7C847B
5B696B
778483
707E80
61737A
5B6D74
5B6C74
7C8588
BFC1BE
FFFFFF
FEFEFF
FFFFFF
FFFFFF
FFFFFF
FFFFFF
FFFFFF
FFFFFF
FFFFFF
FFFFFF
FFFFFF
FFFFFF
FFFFFF
FFFFFF
FFFFFF
FFFFFF
FFFFFF
FFFFFF
FFFFFF
FFFFFF
FFFFFF
FFFFFF
FFFFFF
FFFFFF
FFFFFF
FFFFFF
FFFFFF
FFFFFF
FFFFFF
FFFFFF
FFFFFF
FFFFFF
FFFFFF
FFFFFF
FFFFFF
FFFFFF
FFFFFF
FFFFFF
FFFFFF
FFFFFF
FFFFFF
FFFFFF
FFFFFF
FFFFFF
FFFFFF
FFFFFF
FFFFFF
FFFFFF
FFFFFF
FFFFFF
FFFFFF
FFFFFF
FFFFFF
FFFFFF
FFFFFF
FFFFFF
FFFFFF
FFFFFF
FFFFFF
FFFFFF
FFFFFF
FFFFFF
FFFFFF
FFFFFF
FFFFFF
FFFFFF
FFFFFF
FFFFFF
FFFFFF
FFFFFF
FFFFFF
FFFFFF
FFFFFF
FFFFFF
FFFFFF
FFFFFF
FFFFFF
FFFFFF
FFFFFF
FFFFFF
FFFFFF
FFFFFF
FFFFFF
FFFFFF
FFFFFF
FFFFFF
FFFFFF
FFFFFF
FFFFFF
FFFFFF
FFFFFF
FFFFFF
FFFFFF
FFFFFF
FFFFFF
FFFFFF
FFFFFF
FFFFFF
FFFFFF
FFFFFF
FFFFFF
FFFFFF
FFFFFF
FFFFFF
FFFFFF
FFFFFF
FFFFFF
FFFFFF
FFFFFF
FFFFFF
FFFFFF
FFFFFF
FFFFFF
FFFFFF
FFFFFF
FFFFFF
FFFFFF
FFFFFF
FFFFFF
FFFFFF
FFFFFF
FFFFFF
FFFEFF
FFFFFF
DCDEDC
737B7C
6C7C82
556C76
486372
476275
486274
506773
6C7F83
5A7078
4C6471
4C646F
556C73
546D74
445E68
48616C
4A626C
657E87
567078
49636E
385461
3D5764
B4C1C4
73868E
49606A
4F666F
4F6670
415862
546A70
51686D
536A70
496166
4B6367
50696C
52696A
5F7671
566C68
657B73
5B726B
3D565F
274356
294654
466160
546C5F
5B7360
657D64
5B7461
3D5953
3B5853
3F5A55
3E5955
405A57
3E595B
344E54
516762
5F7464
445A53
4D645A
445B57
203944
304948
38514A
364F48
354D49
31454A
314849
283F48
2A4050
2C434D
334B4F
30464D
42555F
364957
364A55
364B54
253C4A
2B424F
374A55
45575F
314550
364B4B
677863
65755E
61725F
516357
3C504B
43574D
495D54
3E514B
344844
384C49
3B4F48
627159
707C56
7A865C
949F6D
9AA46B
99A36A
98A06D
9BA373
99A175
90976F
919870
8F9572
919879
93997A
868C75
696C63
838873
9AA17D
8B9374
5B685F
536161
596662
66736B
4C5D61
344956
465C65
485E66
506162
7D887F
556163
545E62
838C81
717D7B
616F70
768385
647378
617378
576A70
657378
778082
D0D3D4
FFFFFF
FEFEFF
FFFFFF
FFFFFF
FFFFFF
FFFFFF
FFFFFF
FFFFFF
FFFFFF
FFFFFF
FFFFFF
FFFFFF
FFFFFF
FFFFFF
FFFFFF
FFFFFF
FFFFFF
FFFFFF
FFFFFF
FFFFFF
FFFFFF
FFFFFF
FFFFFF
FFFFFF
FFFFFF
FFFFFF
FFFFFF
FFFFFF
FFFFFF
FFFFFF
FFFFFF
FFFFFF
FFFFFF
FFFFFF
FFFFFF
FFFFFF
FFFFFF
FFFFFF
FFFFFF
FFFFFF
FFFFFF
FFFFFF
FFFFFF
FFFFFF
FFFFFF
FFFFFF
FFFFFF
FFFFFF
FFFFFF
FFFFFF
FFFFFF
FFFFFF
FFFFFF
FFFFFF
FFFFFF
FFFFFF
FFFFFF
FFFFFF
FFFFFF
FFFFFF
FFFFFF
FFFFFF
FFFFFF
FFFFFF
FFFFFF
FFFFFF
FFFFFF
FFFFFF
FFFFFF
FFFFFF
FFFFFF
FFFFFF
FFFFFF
FFFFFF
FFFFFF
FFFFFF
FFFFFF
FFFFFF
FFFFFF
FFFFFF
FFFFFF
FFFFFF
FFFFFF
FFFFFF
FFFFFF
FFFFFF
FFFFFF
FFFFFF
FFFFFF
FFFFFF
FFFFFF
FFFFFF
FFFFFF
FFFFFF
FFFFFF
FFFFFF
FFFFFF
FFFFFF
FFFFFF
FFFFFF
FFFFFF
FFFFFF
FFFFFF
FFFFFF
FFFFFF
FFFFFF
FFFFFF
FFFFFF
FFFFFF
FFFFFF
FFFFFF
FFFFFF
FFFFFF
FFFFFF
FFFFFF
FFFFFF
FFFFFF
FFFFFF
FFFFFF
FFFFFF
FFFEFF
FFFFFF
EFF0EF
8E9391
727D7E
5E7077
48606D
415C6C
456071
455F6E
67797D
65777B
4E6671
48626F
536B73
5A7178
4B646F
445F6B
49626D
536B75
607883
4B6671
415D6A
334F5D
6C828D
96A5A9
455D68
4C636B
516870
4E656D
4D6469
51696D
556D71
475F64
4A6267
4D6569
536B6B
546C6B
4F6866
5D746E
657B71
445E61
304B5B
264354
3B575C
4D675E
556D5D
647C63
647C63
466156
3C5854
3D5A55
3D5854
3F5A55
3F5958
355155
445D5C
5D7265
4F645C
445B57
4E665D
203B42
243E43
3D584A
3A5448
365046
344D47
304746
304846
2C434C
2A404E
354C50
354D50
3E525B
394C5A
344754
3D5158
273C4A
2F4554
304555
3F515C
42545C
283D47
596A5D
6C7C63
57685B
4B5E54
334847
394D48
526555
3C5146
43564A
4C5F4F
44574B
3E5248
5F6F58
7C8B69
74825E
869261
98A269
9BA56B
959E69
979F6D
9CA573
9AA173
8E946D
8C9170
848A6E
98A07B
919876
7F8471
686B61
8E9478
9AA17B
838D74
4C5A59
515F62
596764
657574
394D56
3A525F
4D646D
455C65
5C6B69
7B877F
525E63
637070
7F8A82
647472
58696D
768486
627376
596C71
4F6268
647174
7C8083
DDDDDF
FFFFFF
FFFFFF
FFFFFF
FFFFFF
FFFFFF
FFFFFF
FFFFFF
FFFFFF
FFFFFF
FFFFFF
FFFFFF
FFFFFF
FFFFFF
FFFFFF
FFFFFF
FFFFFF
FFFFFF
FFFFFF
FFFFFF
FFFFFF
FFFFFF
FFFFFF
FFFFFF
FFFFFF
FFFFFF
FFFFFF
FFFFFF
FFFFFF
FFFFFF
FFFFFF
FFFFFF
FFFFFF
FFFFFF
FFFFFF
FFFFFF
FFFFFF
FFFFFF
FFFFFF
FFFFFF
FFFFFF
FFFFFF
FFFFFF
FFFFFF
FFFFFF
FFFFFF
FFFFFF
FFFFFF
FFFFFF
FFFFFF
FFFFFF
FFFFFF
FFFFFF
FFFFFF
FFFFFF
FFFFFF
FFFFFF
FFFFFF
FFFFFF
FFFFFF
FFFFFF
FFFFFF
FFFFFF
FFFFFF
FFFFFF
FFFFFF
FFFFFF
FFFFFF
FFFFFF
FFFFFF
FFFFFF
FFFFFF
FFFFFF
FFFFFF
FFFFFF
FFFFFF
FFFFFF
FFFFFF
FFFFFF
FFFFFF
FFFFFF
FFFFFF
FFFFFF
FFFFFF
FFFFFF
FFFFFF
FFFFFF
FFFFFF
FFFFFF
FFFFFF
FFFFFF
FFFFFF
FFFFFF
FFFFFF
FFFFFF
FFFFFF
FFFFFF
FFFFFF
FFFFFF
FFFFFF
FFFFFF
FFFFFF
FFFFFF
FFFFFF
FFFFFF
FFFFFF
FFFFFF
FFFFFF
FFFFFF
FFFFFF
FFFFFF
FFFFFF
FFFFFF
FFFFFF
FFFFFF
FFFFFF
FFFFFF
FFFFFF
FFFFFF
FFFEFF
FFFFFF
FBFBFB
9FA5A2
727C7C
67787D
536670
516976
47606F
47616E
586E74
6D7D7E
586D74
4B6470
4E6670
576E75
536B73
415B68
47616E
48616D
6A818C
4C6570
476270
365465
3B5766
8FA7B3
4D636C
496168
4F666C
51686E
51696D
556B6D
566C6D
4D6569
475F62
51696B
506868
566E6B
58706B
59716B
60776E
566E6A
3B555F
2A4556
37525A
4A645E
4F685A
5F775F
667E62
526C5A
3E5A52
425D56
3B5551
3D5854
45605A
385455
3C5758
597167
586E62
3C5352
445C5A
213D46
213D43
3A544B
3E594A
3A5449
365046
334D44
334C47
2C4544
283F47
334A51
364E4D
374F53
3D525E
354855
3D5057
364A53
304452
344757
2F4054
3D4F5B
33474F
455654
6E7C66
5D6C5D
2F4447
2E4448
314747
4B6054
3B5044
4A5D4C
576952
5C6D55
4E5F4D
4D5F50
4A5C4D
63735B
8D9B71
97A26D
919C66
929C66
9EA76D
9BA46E
98A06D
9EA674
9AA275
929873
888F6F
8A9271
98A07A
919876
797D6C
5F655B
92997A
989F7B
75806F
404F54
596867
5E6E69
566968
3A505C
475F68
486169
54676B
76827D
75837E
49595F
64736E
76867A
556868
5D6E71
6D7D7E
56696D
5B6E72
4D5E62
677072
838587
F2F2F2
FFFFFF
FFFFFF
FFFFFF
FFFFFF
FFFFFF
FFFFFF
FFFFFF
FFFFFF
FFFFFF
FFFFFF
FFFFFF
FFFFFF
FFFFFF
FFFFFF
FFFFFF
FFFFFF
FFFFFF
FFFFFF
FFFFFF
FFFFFF
FFFFFF
FFFFFF
FFFFFF
FFFFFF
FFFFFF
FFFFFF
FFFFFF
FFFFFF
FFFFFF
FFFFFF
FFFFFF
FFFFFF
FFFFFF
FFFFFF
FFFFFF
FFFFFF
FFFFFF
FFFFFF
FFFFFF
FFFFFF
FFFFFF
FFFFFF
FFFFFF
FFFFFF
FFFFFF
FFFFFF
FFFFFF
FFFFFF
FFFFFF
FFFFFF
FFFFFF
FFFFFF
FFFFFF
FFFFFF
FFFFFF
FFFFFF
FFFFFF
FFFFFF
FFFFFF
FFFFFF
FFFFFF
FFFFFF
FFFFFF
FFFFFF
FFFFFF
FFFFFF
FFFFFF
FFFFFF
FFFFFF
FFFFFF
FFFFFF
FFFFFF
FFFFFF
FFFFFF
FFFFFF
FFFFFF
FFFFFF
FFFFFF
FFFFFF
FFFFFF
FFFFFF
FFFFFF
FFFFFF
FFFFFF
FFFFFF
FFFFFF
FFFFFF
FFFFFF
FFFFFF
FFFFFF
FFFFFF
FFFFFF
FFFFFF
FFFFFF
FFFFFF
FFFFFF
FFFFFF
FFFFFF
FFFFFF
FFFFFF
FFFFFF
FFFFFF
FFFFFF
FFFFFF
FFFFFF
FFFFFF
FFFFFF
FFFFFF
FFFFFF
FFFFFF
FFFFFF
FFFFFF
FFFFFF
FFFFFF
FFFFFF
FFFFFF
FFFFFF
FFFFFF
FDFDFD
B4B8B7
717C7B
687A7D
4C626B
536976
536A78
4D6572
586D72
71827F
5E7173
506871
4A656F
566E73
556D73
415B67
435D6A
455F6E
506976
59707B
4E6671
45616E
2D4C5D
768B95
5F747E
475E68
4F666D
51696D
51696D
51686B
556B6A
50676B
3E575E
536A6A
4F6866
566E6A
58706B
556E68
5D746B
5C746B
3F5A5F
324E5C
2F4B56
486260
4D665A
5C755F
647C61
5B745C
425D51
3D5B53
3B5852
37534F
405C56
3F5B59
345051
506960
5B7268
415955
405956
2D464E
1C3842
38524B
435D4E
3C5749
3A5448
365046
334D44
334C47
2D4545
2F474A
344C4D
334B4B
354C54
374C5A
344853
2B3E4B
233846
354755
344555
374958
334752
37494B
677566
5E6C5D
4C5E5A
253C44
304649
3F5451
324940
465B4A
4A5E49
5A6B52
53654D
576A54
3E5248
364B45
344843
3C4F42
808E65
9DA76C
939C63
97A066
9FA86E
9EA86F
9CA471
9DA576
9AA077
919974
848A6C
8D9472
959E76
899071
666F61
717C68
9DA57E
939B78
6A7669
445358
5B6C68
5E716B
475C61
435C66
50686E
4E646B
57676B
707F7B
667571
516160
68796F
6C7C78
516566
5A6E6F
56696B
5F7375
5A6C6E
566568
697173
98989A
F6F6F6
FFFFFF
FFFFFF
FFFFFF
FFFFFF
FFFFFF
FFFFFF
FFFFFF
FFFFFF
FFFFFF
FFFFFF
FFFFFF
FFFFFF
FFFFFF
FFFFFF
FFFFFF
FFFFFF
FFFFFF
FFFFFF
FFFFFF
FFFFFF
FFFFFF
FFFFFF
FFFFFF
FFFFFF
FFFFFF
FFFFFF
FFFFFF
FFFFFF
FFFFFF
FFFFFF
FFFFFF
FFFFFF
FFFFFF
FFFFFF
FFFFFF
FFFFFF
FFFFFF
FFFFFF
FFFFFF
FFFFFF
FFFFFF
FFFFFF
FFFFFF
FFFFFF
FFFFFF
FFFFFF
FFFFFF
FFFFFF
FFFFFF
FFFFFF
FFFFFF
FFFFFF
FFFFFF
FFFFFF
FFFFFF
FFFFFF
FFFFFF
FFFFFF
FFFFFF
FFFFFF
FFFFFF
FFFFFF
FFFFFF
FFFFFF
FFFFFF
FFFFFF
FFFFFF
FFFFFF
FFFFFF
FFFFFF
FFFFFF
FFFFFF
FFFFFF
FFFFFF
FFFFFF
FFFFFF
FFFFFF
FFFFFF
FFFFFF
FFFFFF
FFFFFF
FFFFFF
FFFFFF
FFFFFF
FFFFFF
FFFFFF
FFFFFF
FFFFFF
FFFFFF
FFFFFF
FFFFFF
FFFFFF
FFFFFF
FFFFFF
FFFFFF
FFFFFF
FFFFFF
FFFFFF
FFFFFF
FFFFFF
FFFFFF
FFFFFF
FFFFFF
FFFFFF
FFFFFF
FFFFFF
FFFFFF
FFFFFF
FFFFFF
FFFFFF
FFFFFF
FFFEFF
FFFEFF
FFFFFF
FFFFFF
FFFFFF
FEFFFF
BDC5C2
6F7A78
66797A
486168
46616C
506976
4F6473
4D636A
6D7E7C
657877
566C72
506974
49636B
5D7578
49626A
435D6B
496271
455F6F
586F7B
4A626D
4D6571
526B78
627884
90A2AA
465C66
4E656F
51686F
51696C
51696C
53696B
546A6E
3C545C
4A6268
506868
556D69
58716B
4B6462
526B65
637A6D
4E6765
35525D
294653
425C60
4A645D
57705E
647C62
61795F
496554
3C5951
3B5953
395650
3B5851
425E58
314D4D
47615A
5E7666
48605C
344D4E
334D51
1E3944
334E4C
445F4E
3B5546
3A5447
385246
354F45
344D45
334C47
304947
364E4C
324A49
2D4549
364C57
3A4E5A
2E444C
1B3042
2D424D
374954
3F5159
364855
2D3F45
5F6E62
5E6C5E
4F5F5D
33464D
2F4549
3E5350
334841
485E4F
516550
4E624F
495B45
546651
415649
2C413D
2C4241
2B4144
344946
607055
929F6A
9DA66A
97A164
97A166
9EA76E
9CA571
9CA475
9EA679
949D75
89906F
808668
8B9271
979F78
8A9376
65705F
818B6F
9CA37B
929A7A
5F6D63
566663
5D6E64
617570
435B64
415B65
475D66
4C6069
5B6C6E
7D8A7F
66746C
5F6F6D
5D6D6B
6B7D7D
4F6364
516668
596C6D
707F7E
566669
57676A
6B7071
ADACAE
FFFFFF
FFFFFF
FFFFFF
FFFFFF
FFFFFF
FFFFFF
FFFFFF
FFFFFF
FFFFFF
FFFFFF
FFFFFF
FFFFFF
FFFFFF
FFFFFF
FFFFFF
FFFFFF
FFFFFF
FFFFFF
FFFFFF
FFFFFF
FFFFFF
FFFFFF
FFFFFF
FFFFFF
FFFFFF
FFFFFF
FFFFFF
FFFFFF
FFFFFF
FFFFFF
FFFFFF
FFFFFF
FFFFFF
FFFFFF
FFFFFF
FFFFFF
FFFFFF
FFFFFF
FFFFFF
FFFFFF
FFFFFF
FFFFFF
FFFFFF
FFFFFF
FFFFFF
FFFFFF
FFFFFF
FFFFFF
FFFFFF
FFFFFF
FFFFFF
FFFFFF
FFFFFF
FFFFFF
FFFFFF
FFFFFF
FFFFFF
FFFFFF
FFFFFF
FFFFFF
FFFFFF
FFFFFF
FFFFFF
FFFFFF
FFFFFF
FFFFFF
FFFFFF
FFFFFF
FFFFFF
FFFFFF
FFFFFF
FFFFFF
FFFFFF
FFFFFF
FFFFFF
FFFFFF
FFFFFF
FFFFFF
FFFFFF
FFFFFF
FFFFFF
FFFFFF
FFFFFF
FFFFFF
FFFFFF
FFFFFF
FFFFFF
FFFFFF
FFFFFF
FFFFFF
FFFFFF
FFFFFF
FFFFFF
FFFFFF
FFFFFF
FFFFFF
FFFFFF
FFFFFF
FFFFFF
FFFFFF
FFFFFF
FFFFFF
FFFFFF
FFFFFF
FFFFFF
FFFFFF
FFFFFF
FFFFFF
FFFFFF
FFFFFF
FFFFFF
FFFEFF
FFFEFF
FFFFFD
FFFFFF
FFFFFF
C8CFCD
6E807A
667A77
4E696D
3F5C66
496571
59707E
4A5D6C
64777B
6E7F7B
586D6E
556D75
445D68
546E72
516A6D
466069
455F6C
4A616F
4A6371
516874
4C6470
48606C
8398A0
99ACB4
516872
4B626C
506771
51686E
51696C
51696B
50696C
3F585D
496268
4F6767
516867
5A716C
4E6763
4B6461
5C746A
58716A
3E5A5F
2F4B57
3B565E
4D6663
51695E
5F7762
5F7760
526C5A
3E5B50
3C5B53
395650
3C5851
435F55
3C5651
3F5952
5C7463
5C7366
415B5A
355053
1E3A42
284347
425D50
425D4C
3A5548
395447
375145
354F44
334D44
334C47
304A45
324C46
334B4B
384F59
3A4F5B
405558
384D56
243849
354751
344650
405259
283C41
506259
606E62
4D5C5C
374953
30434C
405654
3C514A
465B4F
4C614C
495E48
435744
506250
455848
31473F
2F4642
2C4141
314745
40564D
455748
6C7A55
959F66
9FA969
9BA568
98A167
9EA771
9BA374
9BA175
99A277
909971
878E6E
7E8566
8E9672
929975
7D866E
687360
8C9274
9CA37A
8D9778
6B786A
6D7C6D
66776D
546A6D
3A5460
435B64
3F5560
43575F
65746E
768577
60706B
596969
566969
667878
47595D
55686A
6A7876
687777
5A6C6F
657474
7D8082
E3E2E3
FFFFFF
FFFFFF
FFFFFE
FFFFFF
FFFFFF
FFFFFF
FFFFFF
FFFFFF
FFFFFF
FFFFFF
FFFFFF
FFFFFF
FFFFFF
FFFFFF
FFFFFF
FFFFFF
FFFFFF
FFFFFF
FFFFFF
FFFFFF
FFFFFF
FFFFFF
FFFFFF
FFFFFF
FFFFFF
FFFFFF
FFFFFF
FFFFFF
FFFFFF
FFFFFF
FFFFFF
FFFFFF
FFFFFF
FFFFFF
FFFFFF
FFFFFF
FFFFFF
FFFFFF
FFFFFF
FFFFFF
FFFFFF
FFFFFF
FFFFFF
FFFFFF
FFFFFF
FFFFFF
FFFFFF
FFFFFF
FFFFFF
FFFFFF
FFFFFF
FFFFFF
FFFFFF
FFFFFF
FFFFFF
FFFFFF
FFFFFF
FFFFFF
FFFFFF
FFFFFF
FFFFFF
FFFFFF
FFFFFF
FFFFFF
FFFFFF
FFFFFF
FFFFFF
FFFFFF
FFFFFF
FFFFFF
FFFFFF
FFFFFF
FFFFFF
FFFFFF
FFFFFF
FFFFFF
FFFFFF
FFFFFF
FFFFFF
FFFFFF
FFFFFF
FFFFFF
FFFFFF
FFFFFF
FFFFFF
FFFFFF
FFFFFF
FFFFFF
FFFFFF
FFFFFF
FFFFFF
FFFFFF
FFFFFF
FFFFFF
FFFFFF
FFFFFF
FFFFFF
FFFFFF
FFFFFF
FFFFFF
FFFFFF
FFFFFF
FFFFFF
FFFFFF
FFFFFF
FFFFFF
FFFFFF
FFFFFF
FFFFFF
FFFFFF
FFFEFF
FFFEFF
FFFEFB
FFFFFE
D4D9D8
758380
667D7A
506B6A
425E69
405E6C
506B77
506772
566973
6E7F7F
647774
576E71
48626C
4D656E
546D71
455F67
49626C
49626E
485E6C
536B78
46606E
4A6370
516570
AABBC0
637C85
405C66
51686D
51686E
50676D
50686B
50686C
465F64
455E63
516869
536B67
5A716C
526866
4F6763
566D66
62796F
3E595C
314D59
345059
4D6664
51685E
5D7363
607862
536E5C
3F5C51
3C5A51
3A584E
3B5850
3F5A52
425C54
3F5751
5C7361
5F7663
4B635B
415B5C
234046
254143
3F5A4E
3F5A4A
3A5546
3C5849
375345
355244
334F44
324E43
334D44
324D46
2E4943
31494B
374D57
394B56
485C5E
2A3D4A
2B3E4B
31434F
324450
283B45
3E524F
5F715F
435454
394A56
344751
435758
3D524D
40554A
4B604F
455B49
425843
4D614A
435744
374C3F
395046
324941
31473F
435A4E
395247
3B5146
5A6C50
82905F
96A164
9DA869
9CA869
99A369
9EA773
9BA274
9CA576
949D70
919971
8C9472
7B8164
909776
8C9575
808970
737C65
99A07A
99A17A
869173
808D74
657468
71847F
53696B
4B6068
3A4F5C
40555F
526466
62726C
6A7873
667672
4D5E60
5B6D6E
637570
536664
61706B
515E59
72817F
5D6C69
767F7E
91918D
ECECEA
FFFFFF
FEFEFC
FFFFFE
FFFFFF
FFFFFF
FFFFFF
FFFFFF
FFFFFF
FFFFFF
FFFFFF
FFFFFF
FFFFFF
FFFFFF
FFFFFF
FFFFFF
FFFFFF
FFFFFF
FFFFFF
FFFFFF
FFFFFF
FFFFFF
FFFFFF
FFFFFF
FFFFFF
FFFFFF
FFFFFF
FFFFFF
FFFFFF
FFFFFF
FFFFFF
FFFFFF
FFFFFF
FFFFFF
FFFFFF
FFFFFF
FFFFFF
FFFFFF
FFFFFF
FFFFFF
FFFFFF
FFFFFF
FFFFFF
FFFFFF
FFFFFF
FFFFFF
FFFFFF
FFFFFF
FFFFFF
FFFFFF
FFFFFF
FFFFFF
FFFFFF
FFFFFF
FFFFFF
FFFFFF
FFFFFF
FFFFFF
FFFFFF
FFFFFF
FFFFFF
FFFFFF
FFFFFF
FFFFFF
FFFFFF
FFFFFF
FFFFFF
FFFFFF
FFFFFF
FFFFFF
FFFFFF
FFFFFF
FFFFFF
FFFFFF
FFFFFF
FFFFFF
FFFFFF
FFFFFF
FFFFFF
FFFFFF
FFFFFF
FFFFFF
FFFFFF
FFFFFF
FFFFFF
FFFFFF
FFFFFF
FFFFFF
FFFFFF
FFFFFF
FFFFFF
FFFFFF
FFFFFF
FFFFFF
FFFFFF
FFFFFF
FFFFFF
FFFFFF
FFFFFF
FFFFFF
FFFFFF
FFFFFF
FFFFFF
FFFFFF
FFFFFF
FFFFFF
FFFFFF
FFFFFF
FFFEFF
FFFEFF
FFFEFF
FFFEFF
FFFFFC
E4E6DB
778784
677D7B
506A6E
45606D
486374
435D6E
4F6874
4C646A
6A7F7D
6B7D78
596D6D
4F676F
455F67
587174
455D67
4E6672
49616D
475F6C
5E7381
4F6674
46606F
3B5665
6D7F88
8C9CA0
405B63
4C656D
556D6E
4F686A
4C6569
4F6769
4D6568
476065
51696B
516766
596F6B
586F6B
506664
506561
627871
4B6060
324D57
2D4853
4B6468
4E635E
597061
5F7662
5A735E
446051
3C5B4E
39594E
3A584E
3E5A51
435D53
415851
526860
637665
54685B
485F59
29434A
1D3B43
375449
46634D
365243
3F5B48
3A5847
355445
345145
334E44
324E42
324E42
334E47
324D4A
3A5053
334751
3E505B
31424F
253646
2F434D
3A4E56
2D3F4D
2F444B
5A6F65
50625B
44555B
334551
3C5052
394E47
364B41
455A49
415645
3D5343
4E624B
4A5E45
485E46
455C49
354B3F
374C3E
50664E
47604C
3A5445
4A624B
566A4A
6E7F52
8E9C63
96A363
9BA766
A1AD6D
9AA569
9DA671
949D71
9FA87B
979F75
929974
8D9474
868C70
929976
959D7A
848D71
848B6F
959C78
8E9873
879371
7A886F
68766C
768577
556668
3A4F59
3E525D
475A62
495A62
59686B
7C8C7D
5E6F6A
4A5C5F
81907D
6E7E6E
728070
6A766A
66736B
7A857C
666E6C
83897B
94978E
ECEDE8
FFFFFD
FFFFFC
FFFFFF
FFFFFF
FFFFFD
FFFFFD
FFFFFE
FFFFFF
FFFFFF
FFFFFF
FFFFFF
FFFFFF
FFFFFF
FFFFFF
FFFFFF
FFFFFF
FFFFFF
FFFFFF
FFFFFF
FFFFFF
FFFFFF
FFFFFF
FFFFFF
FFFFFF
FFFFFF
FFFFFF
FFFFFF
FFFFFF
FFFFFF
FFFFFF
FFFFFF
FFFFFF
FFFFFF
FFFFFF
FFFFFF
FFFFFF
FFFFFF
FFFFFF
FFFFFF
FFFFFF
FFFFFF
FFFFFF
FFFFFF
FFFFFF
FFFFFF
FFFFFF
FFFFFF
FFFFFF
FFFFFF
FFFFFF
FFFFFF
FFFFFF
FFFFFF
FFFFFF
FFFFFF
FFFFFF
FFFFFF
FFFFFF
FFFFFF
FFFFFF
FFFFFF
FFFFFF
FFFFFF
FFFFFF
FFFFFF
FFFFFF
FFFFFF
FFFFFF
FFFFFF
FFFFFF
FFFFFF
FFFFFF
FFFFFF
FFFFFF
FFFFFF
FFFFFF
FFFFFF
FFFFFF
FFFFFF
FFFFFF
FFFFFF
FFFFFF
FFFFFF
FFFFFF
FFFFFF
FFFFFF
FFFFFF
FFFFFF
FFFFFF
FFFFFF
FFFFFF
FFFFFF
FFFFFF
FFFFFF
FFFFFF
FFFFFF
FFFFFF
FFFFFF
FFFFFF
FFFFFF
FFFFFF
FFFFFF
FFFFFF
FFFFFF
FFFFFF
FFFFFF
FFFEFF
FFFEFF
FFFEFF
FFFFFF
EEF0EC
879590
6A7F7D
61797B
49636C
476071
425D6F
4E6777
4F6670
62777A
6C807D
5D716F
586E6F
455F68
4E666D
445F67
4B646F
455C68
506774
4B6270
687C88
465D6B
496270
395465
5C747F
556C73
496268
516A6E
51696B
4D6669
4A6366
516968
4F6768
516A68
4E6664
576E69
59716B
516966
546A66
5D716C
596D6C
384E57
37525F
476067
506763
54695D
667C67
5F775F
4D6858
3E5C50
3E5C50
37564B
3D5950
3C5750
415A52
4C6357
5F7465
5D6E60
52675E
344C4F
223D47
2D4948
45624F
365443
395745
3E5B46
345342
325143
314F44
304E43
304F40
314D40
314C47
2E484A
32494E
30454F
2E404E
29394A
2C3E4C
394B54
3D5157
273943
4B605C
536760
435758
394C52
3F5257
2C4045
293D3B
3A5045
445A49
3E5441
4D6148
4C6046
4E6247
52674C
3E5441
3C523F
5B6E51
596F50
4C644A
4F674F
566B4C
677953
6B7C53
7E8D5C
93A163
96A463
9CAB67
9FAE69
9BA768
969F6F
929A71
A0A979
98A174
949C78
8C9273
8F9774
909876
969E7A
787E66
7F866C
939F76
8E9A72
899573
7C8972
7B8872
707E6F
445758
3B5057
495C64
485A64
4E6065
62736C
6E7C71
546462
758271
8D987D
828C73
768271
56625F
5D696A
6B7570
727B71
888F7D
94988A
ECEDE7
FFFFFC
FFFFFE
FFFFFF
FFFFFD
FFFFFD
FFFFFE
FFFFFF
FFFFFF
FFFFFF
FFFFFF
FFFFFF
FFFFFF
FFFFFF
FFFFFF
FFFFFF
FFFFFF
FFFFFF
FFFFFF
FFFFFF
FFFFFF
FFFFFF
FFFFFF
FFFFFF
FFFFFF
FFFFFF
FFFFFF
FFFFFF
FFFFFF
FFFFFF
FFFFFF
FFFFFF
FFFFFF
FFFFFF
FFFFFF
FFFFFF
FFFFFF
FFFFFF
FFFFFF
FFFFFF
FFFFFF
FFFFFF
FFFFFF
FFFFFF
FFFFFF
FFFFFF
FFFFFF
FFFFFF
FFFFFF
FFFFFF
FFFFFF
FFFFFF
FFFFFF
FFFFFF
FFFFFF
FFFFFF
FFFFFF
FFFFFF
FFFFFF
FFFFFF
FFFFFF
FFFFFF
FFFFFF
FFFFFF
FFFFFF
FFFFFF
FFFFFF
FFFFFF
FFFFFF
FFFFFF
FFFFFF
FFFFFF
FFFFFF
FFFFFF
FFFFFF
FFFFFF
FFFFFF
FFFFFF
FFFFFF
FFFFFF
FFFFFF
FFFFFF
FFFFFF
FFFFFF
FFFFFF
FFFFFF
FFFFFF
FFFFFF
FFFFFF
FFFFFF
FFFFFF
FFFFFF
FFFFFF
FFFFFF
FFFFFF
FFFFFF
FFFFFF
FFFFFF
FFFFFF
FFFFFF
FFFFFF
FFFFFF
FFFFFF
FFFFFF
FFFFFF
FFFFFF
FFFEFF
FFFEFF
FFFFFF
F3F5F5
909E9C
64797B
6A8183
506B73
4E6874
506976
4B6471
546A74
5E7378
6A7E7D
637875
586D6D
4D666B
445E66
4E666C
49636B
435D6B
4F6875
405866
647883
4E6571
48606E
506876
3C5766
425B67
4A626B
4B6468
536B6E
4F686A
4B6566
506968
526B68
526B69
516967
546B68
5A716A
526A66
4E6765
556A65
667976
4B6065
3C5361
4D666F
4B6363
4E655C
617765
647962
5C745F
3F5C50
3F5D51
39594D
3E5B50
3F5A51
445D55
465E52
5F7461
607465
56685D
3E5555
233D47
233D44
435E51
3D5A49
2F4E42
3D5C48
365441
345342
305144
304E45
304E43
304F40
314E40
314C47
2A4548
294049
2E434D
2A3D4B
293A49
2E404B
40535A
2E4147
3F5451
566B63
3A4D51
384A51
3C5053
364A49
304348
334649
3E534E
2B413A
495E47
566848
566A4C
52664C
495E44
4B5F46
5B6E52
5B6D4C
546A4B
4E664B
556C4F
637756
667751
66774F
748356
889461
909D68
97A666
9BAA66
9EAE69
9DA86F
939C6D
8B946A
9DA67B
98A176
8F9773
878E6F
8C9273
929A76
939A79
788065
919B77
98A579
8B9771
8A9675
869273
818F73
728270
62746C
4C5E5E
50626A
526469
62716C
7E8A77
778475
647166
89947D
969F80
707A67
66716D
546062
6C7670
6C766D
848D7E
868D78
9EA392
F2F4EC
FFFFFC
FFFFFD
FFFFFD
FFFFFD
FFFFFE
FFFFFF
FFFFFF
FFFFFF
FFFFFF
FFFFFF
FFFFFF
FFFFFF
FFFFFF
FFFFFF
FFFFFF
FFFFFF
FFFFFF
FFFFFF
FFFFFF
FFFFFF
FFFFFF
FFFFFF
FFFFFF
FFFFFF
FFFFFF
FFFFFF
FFFFFF
FFFFFF
FFFFFF
FFFFFF
FFFFFF
FFFFFF
FFFFFF
FFFFFF
FFFFFF
FFFFFF
FFFFFF
FFFFFF
FFFFFF
FFFFFF
FFFFFF
FFFFFF
FFFFFF
FFFFFF
FFFFFF
FFFFFF
FFFFFF
FFFFFF
FFFFFF
FFFFFF
FFFFFF
FFFFFF
FFFFFF
FFFFFF
FFFFFF
FFFFFF
FFFFFF
FFFFFF
FFFFFF
FFFFFF
FFFFFF
FFFFFF
FFFFFF
FFFFFF
FFFFFF
FFFFFF
FFFFFF
FFFFFF
FFFFFF
FFFFFF
FFFFFF
FFFFFF
FFFFFF
FFFFFF
FFFFFF
FFFFFF
FFFFFF
FFFFFF
FFFFFF
FFFFFF
FFFFFF
FFFFFF
FFFFFF
FFFFFF
FFFFFF
FFFFFF
FFFFFF
FFFFFF
FFFFFF
FFFFFF
FFFFFF
FFFFFF
FFFFFF
FFFFFF
FFFFFF
FFFFFF
FFFFFF
FFFFFF
FFFFFF
FFFFFF
FFFFFF
FFFFFF
FFFFFF
FFFFFF
FFFEFF
FFFFFF
F8F9F9
9DA9A6
5F7573
678083
566F78
4A6473
516A78
4E6773
576E76
5F7476
687B7A
667A78
5E7472
556D70
465E67
526A70
4B636A
4D6670
3B5767
425D6C
576E7A
5F727E
455D6B
5A6F7D
455E6B
3F5968
4B636F
4B626A
51696D
51696C
506869
4F6867
566F68
566E6B
506866
4F6666
556C67
596F6A
4B6465
4F6764
5D726E
506366
3F5461
576F7A
4A6264
4B635D
5C7364
627863
617761
4C6757
3B594F
3B594E
3B594E
3F5C50
3F5A50
435B51
5A6F5D
627563
54675B
4A5F5C
223B45
233E47
3D5753
445F4F
365447
395848
395745
345343
355544
305043
304E44
304E42
304F40
304D3F
2A4643
264048
294149
344952
293E4B
374A54
42555A
31444B
384C4B
51675D
3A4E4F
2C3E4A
3A4D54
384C4B
3F5351
314547
394C52
283D3C
3A4F45
556A4F
5A6C4E
4C6043
4B5F44
53664B
5F7250
586B4A
586C4F
4C6045
51674B
607354
576A48
61744E
6A7B52
718055
748054
5E6946
7B865B
8F9C66
99A868
A0AC6C
9DA76E
929B6F
868E69
9DA57C
9AA379
8B936F
838A6B
868E6C
919972
909977
788262
93A076
94A078
8D9872
909B76
889573
849171
75836C
6A7A6E
556662
51615F
627167
838F78
89947A
6F7C6B
5F6B5E
858F77
8B947A
737C6D
69736E
68736C
788376
747D71
939B88
848C75
A6AB9B
F9F9F2
FFFFFC
FFFFFC
FFFFFD
FFFFFE
FFFFFE
FFFFFF
FFFFFF
FFFFFF
FFFFFF
FFFFFF
FFFFFF
FFFFFF
FFFFFF
FFFFFF
FFFFFF
FFFFFF
FFFFFF
FFFFFF
FFFFFF
FFFFFF
FFFFFF
FFFFFF
FFFFFF
FFFFFF
FFFFFF
FFFFFF
FFFFFF
FFFFFF
FFFFFF
FFFFFF
FFFFFF
FFFFFF
FFFFFF
FFFFFF
FFFFFF
FFFFFF
FFFFFF
FFFFFF
FFFFFF
FFFFFF
FFFFFF
FFFFFF
FFFFFF
FFFFFF
FFFFFF
FFFFFF
FFFFFF
FFFFFF
FFFFFF
FFFFFF
FFFFFF
FFFFFF
FFFFFF
FFFFFF
FFFFFF
FFFFFF
FFFFFF
FFFFFF
FFFFFF
FFFFFF
FFFFFF
FFFFFF
FFFFFF
FFFFFF
FFFFFF
FFFFFF
FFFFFF
FFFFFF
FFFFFF
FFFFFF
FFFFFF
FFFFFF
FFFFFF
FFFFFF
FFFFFF
FFFFFF
FFFFFF
FFFFFF
FFFFFF
FFFFFF
FFFFFF
FFFFFF
FFFFFF
FFFFFF
FFFFFF
FFFFFF
FFFFFF
FFFFFF
FFFFFF
FFFFFF
FFFFFF
FFFFFF
FFFFFF
FFFFFF
FFFFFF
FFFFFF
FFFFFF
FFFFFF
FFFFFF
FFFFFF
FFFFFF
FFFFFF
FEFEFE
FFFFFF
FDFDFC
AEB7B4
657A75
6E8482
5E777D
466271
455F73
4F6776
49626B
5A7173
687C7A
697D79
5E7371
58706E
476165
4D656D
4C646D
47606A
385564
365365
395261
667A86
485F6C
475F6D
4E6471
3E5866
445E6E
46606C
4D666B
556D6F
50686A
4F6867
586F6A
5A726A
516A68
4E6666
526B68
59706A
4D6464
4B6263
5B716D
516768
3B4F5A
495E6D
70858D
4A615D
597065
607764
5E7660
526B59
3D5A4F
3D5B50
3C5A4E
3E5C51
3C574E
435B53
506559
647666
526458
556961
2D454D
203A45
354C4C
4C6357
3B564A
375548
385747
375644
355443
2F4F40
2F4F42
304E42
304F40
304F3F
2D4A3C
294344
263D48
364E55
283F48
31474F
405357
3C5053
304445
50665C
394D4B
273944
374954
394C51
364A4A
263A3A
394D4F
2D4146
384D44
4B6048
4B5E44
475B44
4B5E48
4F6346
5A6D4C
5C6F4E
586C4D
495D44
4E6247
617557
5B6C48
60724B
687A52
6A7A54
708058
859266
60694B
5A6346
616B47
8A9567
9AA569
9FAB6A
9DA86E
8F9870
89906E
9CA47A
9CA577
8B936D
8C9370
8C946E
909A73
899470
838E6C
929E76
929D73
899470
8E9874
889671
808E70
75836C
738170
6B7A6F
68776B
727F6B
879376
8B967A
697668
687466
8E977B
8B9378
6D7669
717B74
7E8879
81897B
767F74
959E87
858D75
B7BAAD
FDFDF8
FFFFFB
FFFFFD
FEFEFC
FFFFFD
FFFFFF
FFFFFF
FFFFFF
FFFFFF
FFFFFF
FFFFFF
FFFFFF
FFFFFF
FFFFFF
FFFFFF
FFFFFF
FFFFFF
FFFFFF
FFFFFF
FFFFFF
FFFFFF
FFFFFF
FFFFFF
FFFFFF
FFFFFF
FFFFFF
FFFFFF
FFFFFF
FFFFFF
FFFFFF
FFFFFF
FFFFFF
FFFFFF
FFFFFF
FFFFFF
FFFFFF
FFFFFF
FFFFFF
FFFFFF
FFFFFF
FFFFFF
FFFFFF
FFFFFF
FFFFFF
FFFFFF
FFFFFF
FFFFFF
FFFFFF
FFFFFF
FFFFFF
FFFFFF
FFFFFF
FFFFFF
FFFFFF
FFFFFF
FFFFFF
FFFFFF
FFFFFF
FFFFFF
FFFFFF
FFFFFF
FFFFFF
FFFFFF
FFFFFF
FFFFFF
FFFFFF
FFFFFF
FFFFFF
FFFFFF
FFFFFF
FFFFFF
FFFFFF
FFFFFF
FFFFFF
FFFFFF
FFFFFF
FFFFFF
FFFFFF
FFFFFF
FFFFFF
FFFFFF
FFFFFF
FFFFFF
FFFFFF
FFFFFF
FFFFFF
FFFFFF
FFFFFF
FFFFFF
FFFFFF
FFFFFF
FFFFFF
FFFFFF
FFFFFF
FFFFFF
FFFFFF
FFFFFF
FFFFFF
FFFFFF
FFFFFF
FFFFFF
FFFFFF
FDFDFD
FFFFFF
C3C7C2
6B7C75
6C807E
667D7F
4A6470
3E596C
4A6376
4D6573
576F72
647975
6A7F77
60756F
576E6D
486263
476167
47606B
415B67
4C646F
345365
335061
5B727F
506673
49626F
425C6B
3B5665
405A69
4A626F
465F68
546B6D
536B6B
526A6A
526B68
58706A
536B68
4F6867
536C69
5B726B
576E69
465E60
566C68
5C7470
38505C
384F5E
566A74
4C6161
4F665E
607766
5D765F
536D5B
3F5B50
3D5B51
38584C
3C5A4F
3A584E
3F5A51
485F54
607464
50625A
57695F
405555
1E3845
2F474B
4F6559
455C50
385349
375549
345245
385745
325242
2D4D3F
2E4E40
2F4F40
30503C
30503D
2A493B
3D5553
324852
29404A
274049
2D444B
3E5255
2C4044
4D6259
4C6259
233540
304250
3C4F56
455859
24373C
314546
2B3F41
3A4D49
4E634D
485E46
506348
4E6148
485B45
52654A
5F7352
586D50
475D46
485E47
55694E
4B5D41
5E6D4B
697952
697B4F
687853
6E7D5C
87936D
818F5E
737E52
636B50
5C644E
8A9464
9CA768
A2AE6E
9CA671
909870
8C946D
9CA576
97A072
8D966D
8C946E
8A926B
939D77
808A6C
88926D
95A175
919C73
8D9871
8D9973
889572
7D8C6F
6E7D68
707F6D
677565
6D7B6A
73816B
899476
8B9778
697564
79836F
8F9879
8D977A
667166
6A746B
747E74
6D7770
8A927F
99A287
838B76
BDC2B6
FFFFFA
FEFFFB
FCFDFA
FDFEFC
FEFFFD
FFFFFD
FFFFFE
FFFFFF
FFFFFF
FFFFFF
FFFFFF
FFFFFF
FFFFFF
FFFFFF
FFFFFF
FFFFFF
FFFFFF
FFFFFF
FFFFFF
FFFFFF
FFFFFF
FFFFFF
FFFFFF
FFFFFF
FFFFFF
FFFFFF
FFFFFF
FFFFFF
FFFFFF
FFFFFF
FFFFFF
FFFFFF
FFFFFF
FFFFFF
FFFFFF
FFFFFF
FFFFFF
FFFFFF
FFFFFF
FFFFFF
FFFFFF
FFFFFF
FFFFFF
FFFFFF
FFFFFF
FFFFFF
FFFFFF
FFFFFF
FFFFFF
FFFFFF
FFFFFF
FFFFFF
FFFFFF
FFFFFF
FFFFFF
FFFFFF
FFFFFF
FFFFFF
FFFFFF
FFFFFF
FFFFFF
FFFFFF
FFFFFF
FFFFFF
FFFFFF
FFFFFF
FFFFFF
FFFFFF
FFFFFF
FFFFFF
FFFFFF
FFFFFF
FFFFFF
FFFFFF
FFFFFF
FFFFFF
FFFFFF
FFFFFF
FFFFFF
FFFFFF
FFFFFF
FFFFFF
FFFFFF
FFFFFF
FFFFFF
FFFFFF
FFFFFF
FFFFFF
FFFFFF
FFFFFF
FFFFFF
FFFFFF
FFFFFF
FFFFFF
FFFFFF
FFFFFF
FFFFFF
FFFFFF
FFFFFF
FFFFFF
FDFEFD
FFFFFF
DADFDE
748580
697C77
677C7D
4B656E
445F6E
4A6477
516979
516972
607774
6B8076
677D72
607671
506768
455C61
486169
3F5966
4D656E
3E5A68
335466
425D6A
617783
455C6A
425C6B
395362
3B5565
47606E
445D69
4F676C
52696A
506966
526B68
566D6A
546D69
4E6766
4F6867
586F6A
5B726B
4C6463
516765
5E746E
455E63
344D5C
425864
576B6E
4A5E59
5C7264
5F7763
5C7762
476455
425E53
3C5A51
3C5B50
3C5A50
3C5850
445D52
566C5C
4B5F58
475A54
556963
243946
243C45
4B6158
4C6353
3B554A
365149
335148
345346
375646
2F4F42
2E4E40
2E4E3F
2F503E
30503D
2E4D3D
304B44
475A5D
2A3F4C
253C47
2D444C
324A4E
2E4545
425853
52685C
394D4D
263845
42545D
44575C
2E4247
304346
384C4C
314541
4C6352
4B614B
475D49
415542
435740
4F634A
546851
425948
324A40
334A3D
485E49
485D43
5B6C4D
617250
5F6F4C
64764A
6A7958
707D65
758264
7A8853
7D8C52
808D5D
6C7653
727B59
919C66
97A168
9FAB70
9DA772
929B6E
8C946A
9AA373
929B6D
8F986D
8C946D
89936F
909A75
808A68
8E9872
98A475
929E73
8E9B74
8D9973
818F6E
76856A
707E65
72816C
6A7867
6A7967
74826B
919C79
849074
687463
818B73
90987A
868E76
5D6760
656F6C
6C7673
818878
949D84
8F9B80
828E78
C6CDBF
FEFFFB
FFFFFB
FBFEF9
FDFEFC
FFFFFD
FFFFFE
FFFFFF
FFFFFF
FFFFFF
FFFFFF
FFFFFF
FFFFFF
FFFFFF
FFFFFF
FFFFFF
FFFFFF
FFFFFF
FFFFFF
FFFFFF
FFFFFF
FFFFFF
FFFFFF
FFFFFF
FFFFFF
FFFFFF
FFFFFF
FFFFFF
FFFFFF
FFFFFF
FFFFFF
FFFFFF
FFFFFF
FFFFFF
FFFFFF
FFFFFF
FFFFFF
FFFFFF
FFFFFF
FFFFFF
FFFFFF
FFFFFF
FFFFFF
FFFFFF
FFFFFF
FFFFFF
FFFFFF
FFFFFF
FFFFFF
FFFFFF
FFFFFF
FFFFFF
FFFFFF
FFFFFF
FFFFFF
FFFFFF
FFFFFF
FFFFFF
FFFFFF
FFFFFF
FFFFFF
FFFFFF
FFFFFF
FFFFFF
FFFFFF
FFFFFF
FFFFFF
FFFFFF
FFFFFF
FFFFFF
FFFFFF
FFFFFF
FFFFFF
FFFFFF
FFFFFF
FFFFFF
FFFFFF
FFFFFF
FFFFFF
FFFFFF
FFFFFF
FFFFFF
FFFFFF
FFFFFF
FFFFFF
FFFFFF
FFFFFF
FFFFFF
FFFFFF
FFFFFF
FFFFFF
FFFFFF
FFFFFF
FFFFFF
FFFFFF
FFFFFF
FFFFFF
FFFFFF
FFFFFF
FDFEFE
FFFFFF
EDEFEF
83938D
607772
6E8281
536B73
435F6E
456070
4F6777
536B77
586F71
677D76
667B6F
5E746C
59706E
4A6165
496067
465E68
4E656E
48626C
345364
2C4D60
4A636F
4B636F
455E6D
3D5766
3F5969
3D5766
475F6D
4A626C
556D70
4D6565
4E6764
516A66
586E6A
526B6A
4E6766
566E68
556D67
526B67
516966
5D746C
4F6868
344F5B
39525E
52666D
516361
5E7065
647A68
5E7663
506C59
415E52
3E5B52
3A5850
3D5B51
37544E
3C5750
4B6255
586D5E
40544D
637468
374C50
223945
475D57
536858
42594C
385349
37524A
304E46
375547
335244
2D4D41
2E4E40
2E4F3E
2F4F3F
315240
2C4B3E
3F5656
354853
213546
283E4C
354B50
334D4E
39514C
51685B
53695F
374A50
495B64
495C61
31434D
273B40
3D5251
2E4143
3D5349
3A513F
3D5241
455A45
4B6051
44594D
475C49
344C40
162F30
112B2C
344C40
445942
55684C
576B4C
4E6245
576948
697B4E
758364
83926F
7B8A5A
808F58
808F56
83925A
828D5E
727B5F
7F8864
8A9268
96A169
9EA96F
99A36E
8D9669
899268
9EA776
959E6F
8C946B
838C6B
8C9673
919C77
86906D
96A375
97A374
929E76
8F9B74
899570
778566
79876A
748368
72806A
707F6B
62715D
76836A
8B9676
818B74
687261
828B76
989E81
878F7A
6B756E
6A736F
7D8477
808975
92A084
89997D
85927D
CCD3C6
FFFFFB
FFFFFC
FCFDFB
FEFEFC
FFFFFE
FFFFFF
FFFFFF
FFFFFF
FFFFFF
FFFFFF
FFFFFF
FFFFFF
FFFFFF
FFFFFF
FFFFFF
FFFFFF
FFFFFF
FFFFFF
FFFFFF
FFFFFF
FFFFFF
FFFFFF
FFFFFF
FFFFFF
FFFFFF
FFFFFF
FFFFFF
FFFFFF
FFFFFF
FFFFFF
FFFFFF
FFFFFF
FFFFFF
FFFFFF
FFFFFF
FFFFFF
FFFFFF
FFFFFF
FFFFFF
FFFFFF
FFFFFF
FFFFFF
FFFFFF
FFFFFF
FFFFFF
FFFFFF
FFFFFF
FFFFFF
FFFFFF
FFFFFF
FFFFFF
FFFFFF
FFFFFF
FFFFFF
FFFFFF
FFFFFF
FFFFFF
FFFFFF
FFFFFF
FFFFFF
FFFFFF
FFFFFF
FFFFFF
FFFFFF
FFFFFF
FFFFFF
FFFFFF
FFFFFF
FFFFFF
FFFFFF
FFFFFF
FFFFFF
FFFFFF
FFFFFF
FFFFFF
FFFFFF
FFFFFF
FFFFFF
FFFFFF
FFFFFF
FFFFFF
FFFFFF
FFFFFF
FFFFFF
FFFFFF
FFFFFF
FFFFFF
FFFFFF
FFFFFF
FFFFFF
FFFFFF
FFFFFF
FFFFFF
FFFFFF
FFFFFF
FFFFFF
FFFFFF
FFFFFF
FBFCFC
9DA9A6
607870
68807B
5D7477
486371
425E6E
4A6373
526A77
566D73
667D78
6A8076
5B7167
566E69
4D6468
485F66
496169
4B636D
4E656F
395665
305063
2D4D5F
435D68
48616E
425D6C
46606F
3B5564
465F6E
475E6A
526A6F
50686B
4E6666
506965
556D6A
566E6B
4B6463
536C69
59716A
58706B
506866
586F68
5B7370
35505C
334F5D
3C535D
566969
5B6C64
637566
617964
587361
445F50
3C594F
36554D
395750
3B5851
395550
415B52
5C7260
4F6356
5D6F5F
5E6E63
293E46
405753
566B59
4E6553
3E574B
344E45
345047
365449
385748
304F43
2E4E41
2E4E3F
2E4E3E
2F4F3F
2D4D3E
314D45
455A5E
263B49
263848
2A3F4A
3A4F53
354E4A
4B6258
53695B
475B59
45585F
536669
41535B
1E303D
405456
324548
2F4243
31473E
32483A
445A46
455B4C
293F3C
2A4141
2F4543
233C3D
142E36
233D3C
415948
50664F
4D6248
465D44
485E46
5B6C48
718251
7F8D6E
7E8D61
748547
73824A
7B8A54
85945F
808C5B
656D56
676B60
6E745E
868E6A
8F9962
97A26B
99A371
8B9469
8E9768
9AA472
919A6D
88916E
7C8568
909B77
909A73
8A956E
99A578
96A177
8C9770
8C986E
818F68
6F7D5E
7C8B6E
77856B
76846C
76846C
62715C
7A866F
879277
76826E
667162
838C78
97A080
858C79
798075
798179
7A8576
7D8A72
91A284
86957A
88937F
D1D7CB
FEFFFB
FFFFFE
FEFFFC
FFFFFE
FFFFFF
FFFFFF
FFFFFF
FFFFFF
FFFFFF
FFFFFF
FFFFFF
FFFFFF
FFFFFF
FFFFFF
FFFFFF
FFFFFF
FFFFFF
FFFFFF
FFFFFF
FFFFFF
FFFFFF
FFFFFF
FFFFFF
FFFFFF
FFFFFF
FFFFFF
FFFFFF
FFFFFF
FFFFFF
FFFFFF
FFFFFF
FFFFFF
FFFFFF
FFFFFF
FFFFFF
FFFFFF
FFFFFF
FFFFFF
FFFFFF
FFFFFF
FFFFFF
FFFFFF
FFFFFF
FFFFFF
FFFFFF
FFFFFF
FFFFFF
FFFFFF
FFFFFF
FFFFFF
FFFFFF
FFFFFF
FFFFFF
FFFFFF
FFFFFF
FFFFFF
FFFFFF
FFFFFF
FFFFFF
FFFFFF
FFFFFF
FFFFFF
FFFFFF
FFFFFF
FFFFFF
FFFFFF
FFFFFF
FFFFFF
FFFFFF
FFFFFF
FFFFFF
FFFFFF
FFFFFF
FFFFFF
FFFFFF
FFFFFF
FFFFFF
FFFFFF
FFFFFF
FFFFFF
FFFFFF
FFFFFF
FFFFFF
FFFFFF
FFFFFF
FFFFFF
FFFFFF
FFFFFF
FFFFFF
FFFFFF
FFFFFF
FFFFFF
FFFFFF
FFFFFF
FFFFFF
FFFFFF
FFFFFF
BCC4C3
637873
69817B
657D7C
506974
496476
466273
516A77
536A71
697F7C
70867C
5A7168
556E68
4E6867
435B62
4D626C
475E68
4A616C
3B5565
2F4D61
2D4C5F
415F6E
425D68
455F6C
425C6B
3F5A6A
435D6C
435D68
4C646B
516A6C
4F6768
4D6665
526B67
566F6C
4F6866
506966
566E68
59716C
516A66
576D68
5F756C
425B61
2B4758
354F5B
42595E
566B62
5E7163
627763
5F7865
496655
3F5C4E
39584D
3A5850
3B5953
3C5752
415A53
50675A
596D5C
576959
677764
394D4B
3D504E
596D59
566C56
486151
385348
335046
325147
3B5A4A
355545
2F4F42
2E4E41
2E4E40
2F4F3F
304F40
2A483E
405853
354A4F
304350
32434E
405359
34494A
50665C
506659
4A6059
43565A
596C70
52656B
243642
32454D
36494D
263A3F
344946
2B403B
3D5247
465F4C
273F3F
1B323F
243B42
1C323D
1D373D
193437
314B41
455E4B
3E5643
3F5644
415944
4D6247
687A56
74865B
8A9477
808B65
75834A
78874C
738249
74844F
7D8B5A
768063
535750
62655D
5F6255
868E69
909A6A
95A06A
99A46C
929C6A
939D6B
9BA573
929C73
828B6D
788164
949F78
8C9670
919C71
9AA479
939E74
929E72
8D9A6F
758462
67775D
7A886E
738067
778568
7E8C70
5B6957
77856D
859273
76826F
626F63
869178
9BA283
8D947C
6A7469
566359
5B695C
85947F
92A286
869579
8D9885
D1D7CE
FEFFFD
FFFFFD
FFFFFD
FFFFFF
FFFFFF
FFFFFF
FFFFFF
FFFFFF
FFFFFF
FFFFFF
FFFFFF
FFFFFF
FFFFFF
FFFFFF
FFFFFF
FFFFFF
FFFFFF
FFFFFF
FFFFFF
FFFFFF
FFFFFF
FFFFFF
FFFFFF
FFFFFF
FFFFFF
FFFFFF
FFFFFF
FFFFFF
FFFFFF
FFFFFF
FFFFFF
FFFFFF
FFFFFF
FFFFFF
FFFFFF
FFFFFF
FFFFFF
FFFFFF
FFFFFF
FFFFFF
FFFFFF
FFFFFF
FFFFFF
FFFFFF
FFFFFF
FFFFFF
FFFFFF
FFFFFF
FFFFFF
FFFFFF
FFFFFF
FFFFFF
FFFFFF
FFFFFF
FFFFFF
FFFFFF
FFFFFF
FFFFFF
FFFFFF
FFFFFF
FFFFFF
FFFFFF
FFFFFF
FFFFFF
FFFFFF
FFFFFF
FFFFFF
FFFFFF
FFFFFF
FFFFFF
FFFFFF
FFFFFF
FFFFFF
FFFFFF
FFFFFF
FFFFFF
FFFFFF
FFFFFF
FFFFFF
FFFFFF
FFFFFF
FFFFFF
FFFFFF
FFFFFF
FFFFFF
FFFFFF
FFFFFF
FFFFFF
FFFFFF
FFFFFF
FFFFFF
FFFFFF
FFFFFF
FFFFFF
FFFFFF
DADFDD
6E807C
647A77
6C8481
566E74
4E6776
425D6E
4D6776
586E76
657A79
70857D
63796F
546A65
586F6E
445D62
4A616A
485E6A
485E6C
435B66
3B5665
304C60
3A5767
4F6B77
44606B
435D6A
3E5869
395464
425D69
48626B
516A6D
506869
516968
516A67
546D69
506A66
4F6865
566E68
5C726A
516964
516964
5F7669
5E766A
314B55
2F4B58
405A5E
536C65
5A7161
5E7461
627963
536D5C
3E5A4C
3E5A4D
3A584E
3C5A52
3A5751
455E57
4F665B
596E5F
526557
647562
516357
304543
536554
5F7355
4F674F
3C5748
345145
355348
365549
365744
345443
2E4F41
2E4F40
2F4F40
325242
304D42
2F4942
415651
2F4448
2A3D46
3D4E54
36484D
455A53
4F6456
50665B
33464B
607473
5B6E71
273849
2D3F4A
33464C
1D3038
364949
324643
344846
384E4A
28423D
1A333B
152C39
182F39
1A343D
132F35
27453D
385443
2E4A3A
324E3B
425C47
425B45
546A4D
3E5940
3A513D
8F957F
798160
77854C
808F50
7C8D50
778852
738550
7B8B5A
76815D
585C4C
656862
6A6D65
848B6A
919B61
9BA863
9FAA70
949E6B
949E6B
969F72
979F77
7F8569
767D60
919972
899167
97A075
97A077
8E996F
8E9B72
8D9B76
707E63
61705C
708068
6A795F
7B8B6A
7E906E
5D6C54
82916D
869571
6D7C67
5E6D5F
889477
96A17B
808C70
67746A
5B6767
5E6A68
84947F
91A182
839077
8C9585
D9DED5
FEFFFB
FEFFFC
FEFFFF
FEFFFD
FEFFFD
FEFFFD
FFFFFF
FFFFFF
FFFFFF
FFFFFF
FFFFFF
FFFFFF
FFFFFF
FFFFFF
FFFFFF
FFFFFF
FFFFFF
FFFFFF
FFFFFF
FFFFFF
FFFFFF
FFFFFF
FFFFFF
FFFFFF
FFFFFF
FFFFFF
FFFFFF
FFFFFF
FFFFFF
FFFFFF
FFFFFF
FFFFFF
FFFFFF
FFFFFF
FFFFFF
FFFFFF
FFFFFF
FFFFFF
FFFFFF
FFFFFF
FFFFFF
FFFFFF
FFFFFF
FFFFFF
FFFFFF
FFFFFF
FFFFFF
FFFFFF
FFFFFF
FFFFFF
FFFFFF
FFFFFF
FFFFFF
FFFFFF
FFFFFF
FFFFFF
FFFFFF
FFFFFF
FFFFFF
FFFFFF
FFFFFF
FFFFFF
FFFFFF
FFFFFF
FFFFFF
FFFFFF
FFFFFF
FFFFFF
FFFFFF
FFFFFF
FFFFFF
FFFFFF
FFFFFF
FFFFFF
FFFFFF
FFFFFF
FFFFFF
FFFFFF
FFFFFF
FFFFFF
FFFFFF
FFFFFF
FFFFFF
FFFFFF
FFFFFF
FFFFFF
FFFFFF
FFFFFF
FFFFFF
FFFFFF
FFFFFF
FFFFFF
FFFFFF
EFF1F0
889691
5F7670
6B827F
5A7277
4C6572
455F70
4E6674
536A74
64797B
70857E
657B71
576D65
637876
4B6368
4C636B
4C626D
445B69
455C6B
475F6B
324B5F
2F495E
3F5A67
405C67
425E69
415C69
3A5466
405B69
425D67
506A6E
4F6A6A
506968
516A65
576F6A
516A66
4E6864
546D66
5D736A
576E66
516962
586F64
6C8270
4B6460
304B56
3A555B
516B64
597165
5C7360
5F7761
5B7561
445F52
3D5A4E
3C5A4F
3B5951
38564F
415C54
4C645C
566B61
53675B
5E705E
5F7060
314642
4D6251
617458
556B4F
415B48
345244
335246
335346
345546
325745
315543
2D5040
2C4F3F
305041
345344
2B4841
39504A
354B48
263B41
32454B
394B50
3C4F4D
506458
55695C
374B4A
576B6C
5D7171
334550
283A4A
354753
1F323D
2F4245
344946
2F4245
293C42
22363D
192F39
122737
142937
182F3B
152E38
223C3C
335042
304D3E
2D493A
3C5842
3C5841
435D45
3F5B45
244534
445C4B
727A66
515B4E
768164
808F52
81914E
7E8E53
798B52
73874D
7A8C55
717D53
5A5F4F
60635D
6A6F5B
8C9663
96A262
9BA66B
9CA673
96A06E
949D70
98A176
98A077
777D5E
6C7159
8E966E
8F976D
9AA379
97A279
929E76
8F9C74
8F9A74
627059
576858
697B67
60715C
7B8C6B
7B8A68
6A7A5C
82916D
7D8B6E
57675C
54665C
8B9777
95A07B
838D78
727D74
68736E
657067
8E9D83
8D9C7F
829077
899481
DBE0D6
FFFFFD
FEFFFD
FEFFFD
FEFFFD
FEFFFD
FFFFFF
FFFFFF
FFFFFF
FFFFFF
FFFFFF
FFFFFF
FFFFFF
FFFFFF
FFFFFF
FFFFFF
FFFFFF
FFFFFF
FFFFFF
FFFFFF
FFFFFF
FFFFFF
FFFFFF
FFFFFF
FFFFFF
FFFFFF
FFFFFF
FFFFFF
FFFFFF
FFFFFF
FFFFFF
FFFFFF
FFFFFF
FFFFFF
FFFFFF
FFFFFF
FFFFFF
FFFFFF
FFFFFF
FFFFFF
FFFFFF
FFFFFF
FFFFFF
FFFFFF
FFFFFF
FFFFFF
FFFFFF
FFFFFF
FFFFFF
FFFFFF
FFFFFF
FFFFFF
FFFFFF
FFFFFF
FFFFFF
FFFFFF
FFFFFF
FFFFFF
FFFFFF
FFFFFF
FFFFFF
FFFFFF
FFFFFF
FFFFFF
FFFFFF
FFFFFF
FFFFFF
FFFFFF
FFFFFF
FFFFFF
FFFFFF
FFFFFF
FFFFFF
FFFFFF
FFFFFF
FFFFFF
FFFFFF
FFFFFF
FFFFFF
FFFFFF
FFFFFF
FFFFFF
FFFFFF
FFFFFF
FFFFFF
FFFFFF
FFFFFF
FFFEFF
FFFEFF
FFFFFF
FFFFFF
FFFEFE
FFFDFE
A3ABA9
60776F
6A847E
607879
4E6770
466071
486172
536B75
617779
6D827D
697F77
526861
637A75
566D71
475F69
435B67
405865
364E5E
4B6070
42586A
2B435A
3A5465
415E68
3E5A66
425E69
425E6B
3C5867
405A67
4A646A
4F686B
4F696A
4F6865
587068
536C66
526B67
526A64
5C7468
5C7466
526B63
546C63
677E6D
5F776B
3E595C
324D55
4C6561
5A7266
597163
5C7560
5E7761
4C6757
3C5A4F
3D5B51
3B5950
38554F
3F5B52
506B5F
4F665C
4F635C
586A5D
657666
384D48
44594B
667A5A
5F7354
465F49
355244
325144
325245
325245
325444
315543
2F5341
2C4F3F
2B4E3E
315142
335144
2D4842
304643
314747
2B3F42
415455
394C4D
455851
52665B
3B4E49
475B5A
5A6D6F
3C4F56
354754
2F4150
293B4B
2B3D47
425656
2D4144
293C44
233542
1D2F3E
1B2F3F
112538
1A303E
162D39
1C373A
2D4A41
325041
2C4A3D
385445
37543F
3B5741
405C46
2B4B3B
2E4F40
4B6350
707B68
4D544C
6A7061
8D9960
919F58
8D9B57
859453
7D8F51
758B4E
7C8F54
7A875D
686E58
5F6255
6D7258
8C9763
959F68
9EA875
9EA875
959E72
959E74
97A072
959E74
70765A
888F69
99A177
939C72
9DA87F
97A37B
919F75
8F996E
879470
516252
526559
54685C
5E705B
7F8F6E
7A8A6A
788766
879574
6E7E69
415453
687869
919C7B
929B7F
848E79
818C7E
788377
778372
91A082
909F81
818F75
8C9785
DCE2D9
FFFFFE
FEFFFD
FEFFFD
FEFFFD
FFFFFF
FFFFFF
FFFFFF
FFFFFF
FFFFFF
FFFFFF
FFFFFF
FFFFFF
FFFFFF
FFFFFF
FFFFFF
FFFFFF
FFFFFF
FFFFFF
FFFFFF
FFFFFF
FFFFFF
FFFFFF
FFFFFF
FFFFFF
FFFFFF
FFFFFF
FFFFFF
FFFFFF
FFFFFF
FFFFFF
FFFFFF
FFFFFF
FFFFFF
FFFFFF
FFFFFF
FFFFFF
FFFFFF
FFFFFF
FFFFFF
FFFFFF
FFFFFF
FFFFFF
FFFFFF
FFFFFF
FFFFFF
FFFFFF
FFFFFF
FFFFFF
FFFFFF
FFFFFF
FFFFFF
FFFFFF
FFFFFF
FFFFFF
FFFFFF
FFFFFF
FFFFFF
FFFFFF
FFFFFF
FFFFFF
FFFFFF
FFFFFF
FFFFFF
FFFFFF
FFFFFF
FFFFFF
FFFFFF
FFFFFF
FFFFFF
FFFFFF
FFFFFF
FFFFFF
FFFFFF
FFFFFF
FFFFFF
FFFFFF
FFFFFF
FFFFFF
FFFFFF
FFFFFF
FFFFFF
FFFFFF
FFFFFF
FFFFFF
FFFFFF
FFFEFF
FFFEFF
FFFFFF
FFFEFF
FFFEFF
C1C3C3
677A73
668178
67817D
587074
536B77
476071
4B6471
5B7276
6B807C
6D8279
587067
627771
5D7374
435A65
425969
375160
304B5A
344D5E
44596A
354D62
324B61
415C68
425E67
496570
425E69
3D5965
3B5763
47626A
516A6D
4E676B
4B6465
567068
587168
4F6964
546D67
5B7367
5F7768
5D766B
4C665E
617869
647B6D
415B59
334E52
435D5C
587065
566E60
576F60
5B7461
536E5C
3E5B4F
3D5B51
3C5A50
3B5951
3A5650
486259
496259
4F655E
52645B
647467
455956
344845
67795E
667958
4B624A
385445
325145
315044
325245
325244
325444
305442
2E5240
294C3C
2C4E3F
315143
304F44
304B46
364D4A
2F4344
405352
394C4A
40534F
506556
4A5E56
36484C
4B5E5B
3B4E56
2E404D
283A45
2A3B4A
2C3E4D
384A54
263940
243640
233442
223345
1E3141
152A38
162C38
173035
213D3E
27453E
304F40
2C4B3D
2F4C3F
324E3E
385541
3F5D48
2F4D3B
2C4E3D
365542
516753
626B5B
7A7D6A
878B6A
929B62
929D58
98A45D
98A25D
8E9D59
819553
7C924F
7D9051
7C8A5A
6B7457
585D4C
6C7356
909969
98A26E
9EA875
9AA474
929B70
98A174
99A372
939C71
848D63
90986F
939C73
949F76
9AA67E
95A277
8D986D
8F9A6F
7D8C6D
485B50
4E625C
51655B
576B59
6E8067
7D8C6C
798867
859475
637467
485953
74826A
8F997D
929A81
838E78
7F8B76
818E7B
8C9A7F
92A182
91A083
7F8E74
909B89
DEE3DA
FFFFFE
FEFFFD
FEFFFD
FFFFFF
FFFFFF
FFFFFF
FFFFFF
FFFFFF
FFFFFF
FFFFFF
FFFFFF
FFFFFF
FFFFFF
FFFFFF
FFFFFF
FFFFFF
FFFFFF
FFFFFF
FFFFFF
FFFFFF
FFFFFF
FFFFFF
FFFFFF
FFFFFF
FFFFFF
FFFFFF
FFFFFF
FFFFFF
FFFFFF
FFFFFF
FFFFFF
FFFFFF
FFFFFF
FFFFFF
FFFFFF
FFFFFF
FFFFFF
FFFFFF
FFFFFF
FFFFFF
FFFFFF
FFFFFF
FFFFFF
FFFFFF
FFFFFF
FFFFFF
FFFFFF
FFFFFF
FFFFFF
FFFFFF
FFFFFF
FFFFFF
FFFFFF
FFFFFF
FFFFFF
FFFFFF
FFFFFF
FFFFFF
FFFFFF
FFFFFF
FFFFFF
FFFFFF
FFFFFF
FFFFFF
FFFFFF
FFFFFF
FFFFFF
FFFFFF
FFFFFF
FFFFFF
FFFFFF
FFFFFF
FFFFFF
FFFFFF
FFFFFF
FFFFFF
FFFFFF
FFFFFF
FFFFFF
FFFFFF
FFFFFF
FFFFFF
FFFFFF
FFFFFF
FFFEFF
FFFDFE
FFFDFE
FFFFFF
D0D1D1
6E7E79
667F77
68827B
5D7774
5B7477
4E6772
4D6571
576F74
687D7A
71857C
5C736A
5D736C
677C79
4B6268
415868
364E62
365061
344E5E
354D5D
3B5264
30495E
385466
3E5A65
435E68
49656E
405C67
3C5863
425F67
496568
506A6B
4A6467
506967
597269
4F6964
526C67
577066
637B6A
5E7669
465F59
577063
667E6C
435D59
345155
3F5A58
556E63
556E60
566E61
576F5F
597261
436052
3C5A50
3E5C52
3B594F
395650
445F56
496159
415856
495D57
637567
53655E
293F42
5C6F5E
627558
4C634D
355142
325044
305045
315144
315144
315143
305343
2F5341
2D513F
2B4E3E
325344
325245
2C4B42
304A45
3B514A
3D514E
3B4E4E
3D514D
4C6054
586C5C
3D4F4F
304149
3E5053
2D3F4A
283A47
2E404C
263846
384A57
263847
2B3D49
263843
1E2F3E
1C2E3C
1C2F3E
1D333D
213A3C
28453F
29483E
305041
2A4A3B
2E4C3D
324F40
385542
3D5944
304F3E
2C4D3C
30513E
39553F
5C6D54
767E62
91956C
889257
8C955A
929C5F
96A05D
95A05A
97A45C
94A25B
8D9E59
829751
7C8F4B
808F59
7B8561
5A604B
79825B
90996C
9BA473
9DA874
96A06F
90996B
98A271
99A471
939C6C
8D966B
909A70
939E74
9AA77C
97A378
909B6F
8A956A
909C71
758469
3F5450
435955
415753
435951
77876F
7A8A6D
7F8D6D
818F74
6F7E6D
647361
8E9A82
90977A
929C7E
8D987F
89967D
808E77
909E84
93A284
8E9D7F
849279
95A18F
DEE4DB
FFFFFE
FEFFFD
FFFFFF
FFFFFF
FFFFFF
FFFFFF
FFFFFF
FFFFFF
FFFFFF
FFFFFF
FFFFFF
FFFFFF
FFFFFF
FFFFFF
FFFFFF
FFFFFF
FFFFFF
FFFFFF
FFFFFF
FFFFFF
FFFFFF
FFFFFF
FFFFFF
FFFFFF
FFFFFF
FFFFFF
FFFFFF
FFFFFF
FFFFFF
FFFFFF
FFFFFF
FFFFFF
FFFFFF
FFFFFF
FFFFFF
FFFFFF
FFFFFF
FFFFFF
FFFFFF
FFFFFF
FFFFFF
FFFFFF
FFFFFF
FFFFFF
FFFFFF
FFFFFF
FFFFFF
FFFFFF
FFFFFF
FFFFFF
FFFFFF
FFFFFF
FFFFFF
FFFFFF
FFFFFF
FFFFFF
FFFFFF
FFFFFF
FFFFFF
FFFFFF
FFFFFF
FFFFFF
FFFFFF
FFFFFF
FFFFFF
FFFFFF
FFFFFF
FFFFFF
FFFFFF
FFFFFF
FFFFFF
FFFFFF
FFFFFF
FFFFFF
FFFFFF
FFFFFF
FFFFFF
FFFFFF
FFFFFF
FFFFFF
FFFFFF
FFFFFF
FFFEFF
FFFEFF
FFFEFF
FFFFFF
DDDFDF
788883
637A74
67807A
637C78
597270
556E72
4C656F
4F676E
6B807B
6F857C
61786E
566D66
687D78
51696B
405964
3B5364
364F62
3A5263
384F5F
395060
324A5C
324E62
385666
3E5A66
516D76
45616B
405C68
3F5B65
405C65
466267
4A6568
4C6667
5B736D
536B65
526B67
516A65
5D7568
5C766A
48615B
486159
657E6B
49645D
324E53
3E5958
546D61
587063
546C5F
566D5F
5A7263
4C6758
3C5A4F
3E5C51
425F54
3B594F
415C52
4D675C
4D645C
415654
5C6E62
5A6C61
314548
506359
697A60
516650
3B5347
2A4741
2B4B42
325045
335244
315144
315143
305242
2E5341
2C503F
2F5242
355648
325246
2C4B42
3E574D
44584E
3F5351
394B4D
485A53
576C5B
455852
324349
36474F
233342
273943
30424C
263846
2F414C
223442
253647
31434F
32444D
2D4048
2B3D44
263A42
1E363D
213D3B
28483E
29493D
2D4C3D
2F4E3F
314E3F
345040
395642
395442
304E3C
32523F
35543D
496449
717F5B
98A06A
9AA064
909B5D
8E985D
8E985D
929C5C
97A25E
97A35B
98A55D
9BA862
93A55E
889B56
809350
86975C
7E8B5C
737C58
79805F
90986D
98A470
9AA870
919E6A
939D6B
98A26D
98A26E
969F73
929A6E
96A074
98A379
98A378
99A477
939F73
909A6E
8E9B73
617562
3C524E
3F5656
3B5252
51655C
788871
78876D
7C8B71
869577
75836C
667263
959E7F
929B78
949E80
919C82
84917B
7D8B73
8C9B80
92A182
8F9E7F
85937B
98A191
DDE2D9
FFFFFD
FEFFFD
FEFEFF
FFFFFE
FEFEFC
FEFEFC
FFFFFE
FFFFFF
FFFFFF
FFFFFF
FFFFFF
FFFFFF
FFFFFF
FFFFFF
FFFFFF
FFFFFF
FFFFFF
FFFFFF
FFFFFF
FFFFFF
FFFFFF
FFFFFF
FFFFFF
FFFFFF
FFFFFF
FFFFFF
FFFFFF
FFFFFF
FFFFFF
FFFFFF
FFFFFF
FFFFFF
FFFFFF
FFFFFF
FFFFFF
FFFFFF
FFFFFF
FFFFFF
FFFFFF
FFFFFF
FFFFFF
FFFFFF
FFFFFF
FFFFFF
FFFFFF
FFFFFF
FFFFFF
FFFFFF
FFFFFF
FFFFFF
FFFFFF
FFFFFF
FFFFFF
FFFFFF
FFFFFF
FFFFFF
FFFFFF
FFFFFF
FFFFFF
FFFFFF
FFFFFF
FFFFFF
FFFFFF
FFFFFF
FFFFFF
FFFFFF
FFFFFF
FFFFFF
FFFFFF
FFFFFF
FFFFFF
FFFFFF
FFFFFF
FFFFFF
FFFFFF
FFFFFF
FFFFFF
FFFFFF
FFFFFF
FFFFFF
FFFFFF
FFFEFF
FFFEFF
FFFFFF
DCDFDE
808F8A
647D74
657E77
647A77
5F7675
597271
506A71
496369
667D78
6F8579
6B817A
556C68
607672
556C6D
415B64
3F5866
395263
3A5364
3E5465
384F5F
364D5D
324B5C
375364
385667
3F5C68
4D6972
415D68
3E5C66
395863
3F5B62
486469
425E62
5A746F
556E68
536C67
506965
597167
61796B
4A6362
445E57
5F7866
587163
335053
345153
4E695D
5A7263
4C665C
4E685C
5A7261
576F60
3E5B50
3C5A50
3D5B50
3A584E
39554C
466054
536C5F
465D58
53675D
5D6F62
384D4B
455851
667963
5D7058
485F4F
385247
2F4D46
2C4B43
345345
325244
305043
305043
305242
2E5341
2D513F
305343
335445
2D4D40
2D4C44
3D554C
425651
3D5050
3F5052
56685C
4F6358
354749
3C4D50
34454E
233444
253840
283A46
2A3C49
293B47
2F424B
30434D
3E5159
374A52
2E4148
25393E
263A3F
1F383A
26433E
28483C
2B4B3C
2C4C3C
2F4F3F
314F3E
395541
3A5743
34503F
345140
36533F
456247
637B5B
798460
89915F
9BA367
99A264
A1AA68
9FA966
97A15F
939E5B
949F5B
97A15C
97A25C
9BA861
9AA861
8FA05A
859954
849857
8A9965
79835D
69714F
8C9768
94A169
98A56D
939D69
959F6C
96A16D
969F70
9BA472
949F70
96A177
949F75
939E73
98A476
919D71
8E996E
859371
4E6255
374D4F
3B5257
384E53
405454
63756A
5A6C61
72826D
839075
6B7866
6A7665
929C7C
919877
949D7F
939F84
86937B
7F8D75
8E9C81
92A082
8D9C7F
8A9780
95A08F
DADFD6
FFFFFD
FEFFFD
FEFFFD
FEFEFC
FEFEFC
FFFFFE
FFFFFF
FFFFFF
FFFFFF
FFFFFF
FFFFFF
FFFFFF
FFFFFF
FFFFFF
FFFFFF
FFFFFF
FFFFFF
FFFFFF
FFFFFF
FFFFFF
FFFFFF
FFFFFF
FFFFFF
FFFFFF
FFFFFF
FFFFFF
FFFFFF
FFFFFF
FFFFFF
FFFFFF
FFFFFF
FFFFFF
FFFFFF
FFFFFF
FFFFFF
FFFFFF
FFFFFF
FFFFFF
FFFFFF
FFFFFF
FFFFFF
FFFFFF
FFFFFF
FFFFFF
FFFFFF
FFFFFF
FFFFFF
FFFFFF
FFFFFF
FFFFFF
FFFFFF
FFFFFF
FFFFFF
FFFFFF
FFFFFF
FFFFFF
FFFFFF
FFFFFF
FFFFFF
FFFFFF
FFFFFF
FFFFFF
FFFFFF
FFFFFF
FFFFFF
FFFFFF
FFFFFF
FFFFFF
FFFFFF
FFFFFF
FFFFFF
FFFFFF
FFFFFF
FFFFFF
FFFFFF
FFFFFF
FFFEFF
FFFFFF
FFFFFF
FFFFFF
FFFFFF
FFFFFF
D3D8D6
798985
627A72
668078
627B75
607875
5E7576
546E73
455F66
627A77
70877A
6E847C
586F6E
617775
5E7473
425C63
3B5662
3B5461
3E5764
395261
3E5565
374E5E
374F5F
324C5C
3B5666
3A5867
3F5D68
446069
425F6A
3A5964
3D5A61
4B676B
3B585C
516C68
5A746B
516B66
4E6765
556E65
647C6D
556F69
425C5E
5B7463
617A67
395653
304D4F
49655C
597261
4D675B
445F57
50695A
5D7663
466057
3B5951
405D52
3F5C50
3E5B51
445E52
526C5D
4B635B
4A5F58
5C6F63
485B56
3F534E
5E7060
596C59
495F50
41594E
3F5950
32504A
2F4E44
345345
325145
305043
305043
305343
2F5342
2E5140
305141
2E4F40
2D4D40
365448
405750
3F534E
405150
455653
526359
384B49
394B4F
37484E
253444
1F303E
2B3E45
2D3F48
2B3D49
2D3F4B
34474F
41545A
41545C
2C3E4B
21333E
25383F
253C3E
233C3B
25433A
2D4E3F
2D4F3D
325341
30503E
3A5743
3F5B45
375441
385541
35513F
3F5745
526953
4D614C
57644D
687454
78835B
8B9661
97A05F
A2AA65
A6AF67
A4AD64
9DA861
99A35F
939E5A
939E59
99A45E
9CA963
93A25C
8A9D56
879B5A
8C9C65
757F56
717A56
8C9868
96A469
99A46D
8D9768
97A071
98A271
9AA472
98A374
929E72
96A176
8D976D
97A176
97A175
8E986D
8F996F
7F8E70
495D51
395052
344B55
324A56
3F555A
3F5355
485B56
637366
869381
687565
697564
8E987A
909875
949D7E
96A286
8A9780
839179
909F83
90A081
8D9C7E
89977E
939E8D
DAE0D7
FFFFFE
FDFFFB
FEFEFB
FEFEFC
FFFFFE
FFFFFF
FFFFFF
FFFFFF
FFFFFF
FFFFFF
FFFFFF
FFFFFF
FFFFFF
FFFFFF
FFFFFF
FFFFFF
FFFFFF
FFFFFF
FFFFFF
FFFFFF
FFFFFF
FFFFFF
FFFFFF
FFFFFF
FFFFFF
FFFFFF
FFFFFF
FFFFFF
FFFFFF
FFFFFF
FFFFFF
FFFFFF
FFFFFF
FFFFFF
FFFFFF
FFFFFF
FFFFFF
FFFFFF
FFFFFF
FFFFFF
FFFFFF
FFFFFF
FFFFFF
FFFFFF
FFFFFF
FFFFFF
FFFFFF
FFFFFF
FFFFFF
FFFFFF
FFFFFF
FFFFFF
FFFFFF
FFFFFF
FFFFFF
FFFFFF
FFFFFF
FFFFFF
FFFFFF
FFFFFF
FFFFFF
FFFFFF
FFFFFF
FFFFFF
FFFFFF
FFFFFF
FFFFFF
FFFFFF
FFFFFF
FFFFFF
FFFFFF
FFFFFF
FFFFFF
FFFFFF
FFFFFF
FFFEFF
FFFFFF
FFFFFF
FFFFFF
FFFFFF
D2D5D4
758681
627A75
657F77
647E75
5E7771
5D7673
597173
455E65
5B7374
6D8379
70877B
5B726D
5D7474
637978
465F64
3C5662
3A5462
3C5563
3A545F
39535F
395261
374E5F
3A5261
36505E
385362
3A5864
43606A
425E67
3E5A65
395762
4A666A
3D5A5C
486363
5F796F
526D65
4F6A66
526B65
61796A
5F786C
425B5E
546E68
68816B
466155
314E4F
45605A
587162
526B5D
466058
486256
5D7562
526B5D
3D5853
3F5C52
425E52
405D51
405C50
4E695A
51695E
485D5A
576A60
52655D
3D504D
57685D
4E6053
41554B
40574D
41594F
3C5651
294844
325046
355345
325144
305043
305043
305343
305342
2F5141
305041
2F4E3F
365448
435E52
384D49
485B58
415350
56655F
445452
3B4C4F
3B4D50
31424D
1D2D41
384954
394B53
31434D
273A42
263844
283A45
33464D
2A3D48
1B2C3D
182B39
192D33
263E3C
233F3A
2C4C40
2D503D
30533F
31533D
375741
3E5B45
395540
36533F
3B5742
405944
4A5B4F
45554C
33433F
44554D
43534B
354538
63724A
8E9A60
909A59
99A159
A3AC61
A8B168
A5AE68
9EA863
97A15C
939E59
949F5B
99A460
96A45F
8DA05B
899B59
87965D
77825C
5F684C
8F9A6E
9AA46E
939C6B
8B9469
929B70
99A275
94A071
97A275
939E71
9CA579
8C946C
98A077
98A176
929A70
8B976C
7B8B6D
4A5E53
3C5257
324A54
364D58
3D535B
43585D
3F5356
576662
76847A
67766D
727F6E
8B9678
8C9572
929C7C
95A085
88957D
859379
919F83
909E81
8C9A7E
87957E
949F8E
DCE1D9
FFFFFD
FFFFFB
FEFEFC
FFFFFE
FFFFFF
FFFFFF
FFFFFF
FFFFFF
FFFFFF
FFFFFF
FFFFFF
FFFFFF
FFFFFF
FFFFFF
FFFFFF
FFFFFF
FFFFFF
FFFFFF
FFFFFF
FFFFFF
FFFFFF
FFFFFF
FFFFFF
FFFFFF
FFFFFF
FFFFFF
FFFFFF
FFFFFF
FFFFFF
FFFFFF
FFFFFF
FFFFFF
FFFFFF
FFFFFF
FFFFFF
FFFFFF
FFFFFF
FFFFFF
FFFFFF
FFFFFF
FFFFFF
FFFFFF
FFFFFF
FFFFFF
FFFFFF
FFFFFF
FFFFFF
FFFFFF
FFFFFF
FFFFFF
FFFFFF
FFFFFF
FFFFFF
FFFFFF
FFFFFF
FFFFFF
FFFFFF
FFFFFF
FFFFFF
FFFFFF
FFFFFF
FFFFFF
FFFFFF
FFFFFF
FFFFFF
FFFFFF
FFFFFF
FFFFFF
FFFFFF
FFFFFF
FFFFFF
FFFFFF
FFFFFF
FFFFFF
FFFEFF
FFFEFF
FFFFFF
FEFFFF
CCD1D0
74837F
617B74
647D77
647E76
627C74
5B7570
5C7573
4D6769
566E6C
6B8277
6E8477
627871
58716C
667D78
4E6669
3D5660
3C5564
3C5764
415A69
37525D
3E5964
36515F
3B5364
385160
395360
395461
405C66
415E67
45616F
3E5A67
49646C
486368
466161
5A746C
597368
4F6A63
4D6862
5D756A
637C6E
4A6560
4C6462
637A6B
536D5D
3E5A53
445E59
566E60
536C5D
466159
425D54
59715E
5F7862
425F54
3F5C52
425D51
435F50
445F53
476254
4F6A5B
445C54
55675D
5D6E67
3B4E4F
51635B
4E5F56
3C4F4D
3D5151
3F544F
435A51
365051
284646
345246
355445
315143
315142
315142
315444
315443
305143
315143
345244
405B50
384F49
405452
3E504D
4F5F58
4D5A57
37464A
3C4C4F
33444B
283945
213242
2F4249
293C45
1A2D38
2A3C45
20323F
2A3C49
243841
1F313E
17283A
192F3A
284140
2D4840
2E4C41
2B4D3E
2F5341
305440
34563F
3D5F44
3E5D45
385743
3C5842
425B42
50634C
3F4C48
344246
2A3A40
2E4344
1E3338
324642
5F7054
76845C
8E9961
8F9857
959E57
9DA55D
A5AD63
A9B267
A4AE65
9BA55F
959F5B
939E5A
98A561
9AA864
94A45F
8C9C5B
8A9864
5F6A4F
626B4E
929B6D
9CA66E
90996C
8A926E
919972
959F74
919C70
939F71
98A273
979F76
8A926A
9DA57A
99A276
909B70
869369
778869
495D56
3C5458
395059
374E58
435960
44595F
3D505B
42555B
5E6F6A
63736F
728171
8A9678
899373
8E9778
929C82
87947A
88967C
93A085
919E82
8E9B80
85927D
96A092
E0E4DB
FFFFFD
FEFEFC
FFFFFE
FFFFFF
FFFFFF
FFFFFF
FFFFFF
FFFFFF
FFFFFF
FFFFFF
FFFFFF
FFFFFF
FFFFFF
FFFFFF
FFFFFF
FFFFFF
FFFFFF
FFFFFF
FFFFFF
FFFFFF
FFFFFF
FFFFFF
FFFFFF
FFFFFF
FFFFFF
FFFFFF
FFFFFF
FFFFFF
FFFFFF
FFFFFF
FFFFFF
FFFFFF
FFFFFF
FFFFFF
FFFFFF
FFFFFF
FFFFFF
FFFFFF
FFFFFF
FFFFFF
FFFFFF
FFFFFF
FFFFFF
FFFFFF
FFFFFF
FFFFFF
FFFFFF
FFFFFF
FFFFFF
FFFFFF
FFFFFF
FFFFFF
FFFFFF
FFFFFF
FFFFFF
FFFFFF
FFFFFF
FFFFFF
FFFFFF
FFFFFF
FFFFFF
FFFFFF
FFFFFF
FFFFFF
FFFFFF
FFFFFF
FFFFFF
FFFFFF
FFFFFF
FFFFFF
FFFFFF
FFFFFF
FFFEFF
FFFEFF
FFFFFF
FEFEFE
BBC7C4
69817B
5E7973
617C77
617B76
5F7A74
5C776F
5A7471
546F6D
57716F
688075
6C8275
687E73
586D68
5F7770
576E6D
425B63
3F5663
374F5D
3F5765
314A5B
3A5561
395462
314B5D
365060
354F5E
3A5561
3E5A65
435F69
44606C
3E596B
435D6D
4D666E
4B6467
56706D
597368
536D62
506A62
5A726A
637971
526A67
49635E
667D6B
5A7061
3F5B52
466254
536C5B
526A5B
496459
3D5A54
4F685B
647B64
4E6855
3D5B4E
405E50
415E4F
456053
466153
526A5B
496256
4B6056
61715F
3E4D51
425353
56675A
3C4D4E
384C54
2F434F
3A4E4F
435955
2B454D
2A464A
375548
355445
315142
305343
2F5243
315444
315344
2E4E43
325146
3E5A4E
3B544B
3F544D
3C4E4B
43544C
506055
3A4848
3E4D4C
303E47
283844
24373F
2A3D43
2C4143
1D3138
283D41
273B42
2C3E4B
263943
33494C
182C36
172C37
284142
304B44
324F44
325143
2F5143
325644
345844
3A5C46
3B5D43
385A41
30543F
3D5941
5F7054
576252
303C3F
263641
1E313B
152B32
29413D
415946
3E5343
40503F
7B865A
979F61
969D58
9AA15B
9EA65C
A4AC60
A9B165
A7AF65
A1AA65
9DA764
97A25F
96A260
9DAA67
9CA866
92A061
8F9D67
737E58
787F5A
969F6C
97A16E
919970
868D6C
8D9571
969F74
98A173
969F70
979F74
929A71
949D72
9EA87A
95A072
8B986B
849267
728369
425855
395058
374F5A
3A505B
465A62
405461
3C525D
40545C
506566
4C5F60
6A7B6E
829078
7E896B
849072
919E81
899579
8A967E
919D84
8F9B82
8E9A85
828D7B
9BA293
E6EAE2
FFFFFE
FFFFFD
FFFFFF
FFFFFF
FFFFFF
FFFFFF
FFFFFF
FFFFFF
FFFFFF
FFFFFF
FFFFFF
FFFFFF
FFFFFF
FFFFFF
FFFFFF
FFFFFF
FFFFFF
FFFFFF
FFFFFF
FFFFFF
FFFFFF
FFFFFF
FFFFFF
FFFFFF
FFFFFF
FFFFFF
FFFFFF
FFFFFF
FFFFFF
FFFFFF
FFFFFF
FFFFFF
FFFFFF
FFFFFF
FFFFFF
FFFFFF
FFFFFF
FFFFFF
FFFFFF
FFFFFF
FFFFFF
FFFFFF
FFFFFF
FFFFFF
FFFFFF
FFFFFF
FFFFFF
FFFFFF
FFFFFF
FFFFFF
FFFFFF
FFFFFF
FFFFFF
FFFFFF
FFFFFF
FFFFFF
FFFFFF
FFFFFF
FFFFFF
FFFFFF
FFFFFF
FFFFFF
FFFFFF
FFFFFF
FFFFFF
FFFFFF
FFFFFF
FFFFFF
FFFFFF
FFFFFF
FFFFFF
FFFEFF
FFFFFF
FAFBFB
AEBAB6
637B73
5C7B72
607C78
5F7A77
5F7975
5D7774
56736F
536E6D
58716C
677E75
687F72
6B8175
5E756E
60756E
59706E
3E575F
3D5662
3E5461
3D5460
395161
314A5D
3A5461
304A5D
2A4559
2F495C
344F5E
3B5763
3F5C66
3F5B67
405B6B
385265
4C6672
4B656A
5B716F
5E766E
566E64
566D63
587065
647A6F
58706C
405C5B
5F7669
5F7665
435F55
425F55
4F6858
576E5B
4E675B
3A5752
445F56
5E7462
58715D
405E51
3E5D4F
405E4E
435E4F
435E50
4E6756
51695B
455D54
627462
4F5F58
314046
58675D
455652
374A53
283C4E
1F3449
415557
394F52
233B47
354F4F
375547
345344
325243
315442
305442
2E5141
2E4F43
2D4C44
36534A
425B50
3D524B
3F4F4E
3E4E49
4C5B51
46554E
394745
475750
2D3945
24343F
374C47
324845
1E3439
2E4444
2D4244
1D3039
2E3F4A
2C3E48
23373F
182F36
264041
2F4C45
2F4D43
2F4E43
315144
335546
345847
395D48
3D5E49
325541
33553E
3B5B43
5A7150
64735D
26353A
1C2C39
132732
172E34
213939
334C40
364F3B
32493A
475A45
6E7A53
939B61
9DA45F
9BA35E
9BA45E
A1A95F
A7AF63
ABB266
A7AE66
A4AC66
A5AD68
9FA965
97A261
9BA765
9FAB69
97A464
8E9C63
768059
737A5A
939D6F
98A172
828967
7A7F69
899171
98A173
98A272
969F73
98A176
929A6F
929A72
99A478
919E71
89966A
889770
6C7E68
415755
3B515B
3A515D
455A62
415760
39505C
3D545E
465E62
40575F
465C5F
566B65
718173
788673
89967B
939F81
818D77
818D7B
84907E
8D9984
939C86
858F7C
A3AC9B
EDF1E7
FFFFFE
FFFFFE
FFFFFF
FFFFFF
FFFFFF
FFFFFF
FFFFFF
FFFFFF
FFFFFF
FFFFFF
FFFFFF
FFFFFF
FFFFFF
FFFFFF
FFFFFF
FFFFFF
FFFFFF
FFFFFF
FFFFFF
FFFFFF
FFFFFF
FFFFFF
FFFFFF
FFFFFF
FFFFFF
FFFFFF
FFFFFF
FFFFFF
FFFFFF
FFFFFF
FFFFFF
FFFFFF
FFFFFF
FFFFFF
FFFFFF
FFFFFF
FFFFFF
FFFFFF
FFFFFF
FFFFFF
FFFFFF
FFFFFF
FFFFFF
FFFFFF
FFFFFF
FFFFFF
FFFFFF
FFFFFF
FFFFFF
FFFFFF
FFFFFF
FFFFFF
FFFFFF
FFFFFF
FFFFFF
FFFFFF
FFFFFF
FFFFFF
FFFFFF
FFFFFF
FFFFFF
FFFFFF
FFFFFF
FFFFFF
FFFFFF
FFFEFF
FFFEFF
FFFFFF
FFFFFF
FFFFFF
FFFFFF
F8F9F9
A7B5B1
5D776F
57756B
5D7B76
607B79
5F7978
607A77
577371
506C6D
556F6C
698077
6D8376
657C70
5E746D
5F756E
627972
496166
3C5561
415A65
415864
455C67
375061
344D60
395362
2C465A
2E485D
304C5B
35515F
3A5662
3E5A66
3D5868
365263
49626D
4E676C
566E6F
5D746E
5B726A
576E67
586F66
5D7568
5D756C
455F5E
5A7166
687D6D
466056
3E5D54
4B6658
556E5C
536B5A
3E5A55
3D5A54
586F5F
5F7563
445F53
3D5C52
415F52
415E4F
435F52
466051
516959
476054
556B5E
5D7065
3B4B4C
54635E
4B5B57
36474F
334751
293F4F
243A4E
374D54
223B46
2F4850
3B554E
365445
345344
335443
305341
305442
2F5342
305146
314E47
415B51
415A4F
42554F
3B4947
4B5B52
4D5C52
3D4C45
546457
455451
27343D
3D504A
465D4D
2D443E
29423D
334947
1F3438
304449
263942
1D3039
132831
223D3E
2B4842
2F4E41
305043
2E4E42
345446
375847
3B5D4A
395C49
365946
355542
425E47
536A4D
5E715B
2F3F3B
213340
172B3A
162D32
223B38
2C453D
324B3E
324A38
445C44
607256
61704E
747D4E
8F9757
8C9555
939D5B
99A35E
A0A861
A7AE63
AAB166
A6AE66
A3AC66
A4AE68
A2AC67
9AA461
9BA664
A1AC6B
9AA667
959F6B
6F7652
6C7256
97A172
919B6C
737862
767A67
8B936F
9BA378
9AA174
979F72
9AA276
838966
848B6C
97A377
909B70
8A976D
889874
6F806A
495D5A
39505A
3D535E
3D545E
3D535F
39505B
465D64
425A63
3C535F
3B535B
4B5F61
718279
707E6E
7E8C7A
8C9883
727F70
748175
7E8A7C
8D9782
8D9884
86927E
ACB6A5
F4F7EF
FFFFFE
FFFFFE
FFFFFF
FFFFFF
FFFFFF
FFFFFF
FFFFFF
FFFFFF
FFFFFF
FFFFFF
FFFFFF
FFFFFF
FFFFFF
FFFFFF
FFFFFF
FFFFFF
FFFFFF
FFFFFF
FFFFFF
FFFFFF
FFFFFF
FFFFFF
FFFFFF
FFFFFF
FFFFFF
FFFFFF
FFFFFF
FFFFFF
FFFFFF
FFFFFF
FFFFFF
FFFFFF
FFFFFF
FFFFFF
FFFFFF
FFFFFF
FFFFFF
FFFFFF
FFFFFF
FFFFFF
FFFFFF
FFFFFF
FFFFFF
FFFFFF
FFFFFF
FFFFFF
FFFFFF
FFFFFF
FFFFFF
FFFFFF
FFFFFF
FFFFFF
FFFFFF
FFFFFF
FFFFFF
FFFFFF
FFFFFF
FFFFFF
FFFFFF
FFFFFF
FFFFFF
FFFFFF
FFFFFF
FFFFFF
FFFEFF
FFFEFF
FFFFFF
FFFFFE
FFFFFF
F8F8F9
A0ADAC
5A756F
58766F
5E7C75
5E7A79
5D7878
627C7B
5B7574
536F6D
536F6D
647D77
667D74
667C72
617870
5A716B
657C75
4E6668
3E5661
3D5663
3B5461
415A64
395461
2E4A5C
344F60
365162
2E485B
2D485A
3A5662
38545F
3D5A64
3B5865
395463
45616B
50696A
536D6B
576F6B
5B726C
566D67
576E69
5A7169
5F776C
47615E
4F6762
6E8171
516A5E
3E5C56
486459
556E5E
556E5C
486357
375651
4A6458
627863
4F6859
3D5C53
405E54
415F52
426053
435D52
50695B
4A6257
4D6659
5C7264
3A4F4D
485852
556559
32444D
314452
314650
2C434F
1F3649
203848
203B47
354F4E
3C564B
375445
355445
335443
2F5140
305241
305243
2E4D42
39564A
405A4D
42584F
42554F
47574E
526254
46564A
526354
586959
33413F
475650
4D6151
395042
384F43
415A4E
2C4341
243840
243A3C
172D33
152930
263E41
2C4A43
304F44
315144
305042
335345
375748
3B5B49
3D5E4A
395A49
345542
42604A
50684D
556552
2D3D37
253640
152A37
193138
26413C
2B4539
2F493C
304938
415A40
50674A
516447
627151
6F7A52
7E8753
919E65
909C5E
8E9858
949E5A
9DA65E
A5AD63
A9B167
A4AC65
A0AA63
A1AB64
9FAA64
9AA562
9EA867
A4AF6F
9DA96B
99A36F
6B7153
7A825C
96A16A
88906C
757A6A
7D8270
868B6E
9A9F7A
989F73
9AA174
959B75
7C8363
95A075
9AA479
909D72
86956E
869671
7D8D76
53675F
3C525A
374F5B
3B515D
39515C
465E65
405861
3D5662
435C69
3C545F
4C6164
60726F
576762
738378
7F8E80
6B7B70
6F7C77
899486
929C88
909B86
89947E
B9C0B0
FBFDF8
FFFFFE
FFFFFF
FFFFFF
FFFFFF
FFFFFF
FFFFFF
FFFFFF
FFFFFF
FFFFFF
FFFFFF
FFFFFF
FFFFFF
FFFFFF
FFFFFF
FFFFFF
FFFFFF
FFFFFF
FFFFFF
FFFFFF
FFFFFF
FFFFFF
FFFFFF
FFFFFF
FFFFFF
FFFFFF
FFFFFF
FFFFFF
FFFFFF
FFFFFF
FFFFFF
FFFFFF
FFFFFF
FFFFFF
FFFFFF
FFFFFF
FFFFFF
FFFFFF
FFFFFF
FFFFFF
FFFFFF
FFFFFF
FFFFFF
FFFFFF
FFFFFF
FFFFFF
FFFFFF
FFFFFF
FFFFFF
FFFFFF
FFFFFF
FFFFFF
FFFFFF
FFFFFF
FFFFFF
FFFFFF
FFFFFF
FFFFFF
FFFFFF
FFFFFF
FFFFFF
FFFFFF
FFFFFF
FFFFFF
FFFEFF
FFFEFF
FFFEFE
FFFFFF
F5F7F8
A0A8AB
56716D
587771
5E7B76
5E7A77
5D787A
607B7B
5D7776
577070
54706C
637D76
5E7672
5B726E
5F746F
5C716C
637872
556C6C
3F5863
395362
375263
334F5E
3B5763
29475A
2E4B5F
325061
304C5F
294458
385461
3D5963
39565F
3E5C64
3C5A66
456069
4E686A
58716B
5B756B
597269
586F68
59706B
556C68
607670
546C68
48615D
677C6E
546A5E
405D57
415E56
506A5C
506A5B
496558
375851
3E5C54
5C7461
58705D
415F52
3E5D53
415F54
446254
415F53
496157
4D645A
435A52
53695C
4C625A
3D5050
5C6C60
3E5050
283C4D
273D4C
2C434E
27404C
1E3949
1D3846
2A4649
38544D
38544A
385346
375546
345444
315142
315142
305041
314F44
405B4D
415B4E
41574F
43564E
506154
506152
526353
5F715D
425249
47574F
4E5F52
3A4C44
384E43
405849
2C443E
2A4043
20343E
182F35
1C3536
284041
2F4A45
305044
305043
2D4D41
335444
365746
385746
3D5C48
3E5D49
3A5947
405F4A
4A644C
536751
2E3D3B
3F4C4E
1F333C
1E373D
27433D
2A4839
2B4938
2E493B
3C5540
4A6343
455C42
4D6149
58684C
626F50
5A6747
5C6C49
7E8D5A
8F9A5D
909B5B
939D5B
9AA45E
A1AA63
A8B067
A6AF65
9FA961
A0AA61
A1AD66
A0AB68
A0AB69
A0AC6B
9FAB6C
98A36E
787F5B
889162
959E72
81876D
666960
76796C
747762
969C75
99A172
99A173
97A074
929C71
9BA67A
939F74
89986E
83926B
869570
87967B
52655F
3C535A
344C58
354D59
465F68
445D67
3C5663
47606E
3C5461
3D535F
4A5F65
576A6D
44585B
687972
7B8A82
6A7771
738179
8B9786
959E89
919B83
909A84
C9CFC3
FDFEFB
FFFFFF
FFFFFF
FFFFFF
FFFFFF
FFFFFF
FFFFFF
FFFFFF
FFFFFF
FFFFFF
FFFFFF
FFFFFF
FFFFFF
FFFFFF
FFFFFF
FFFFFF
FFFFFF
FFFFFF
FFFFFF
FFFFFF
FFFFFF
FFFFFF
FFFFFF
FFFFFF
FFFFFF
FFFFFF
FFFFFF
FFFFFF
FFFFFF
FFFFFF
FFFFFF
FFFFFF
FFFFFF
FFFFFF
FFFFFF
FFFFFF
FFFFFF
FFFFFF
FFFFFF
FFFFFF
FFFFFF
FFFFFF
FFFFFF
FFFFFF
FFFFFF
FFFFFF
FFFFFF
FFFFFF
FFFFFF
FFFFFF
FFFFFF
FFFFFF
FFFFFF
FFFFFF
FFFFFF
FFFFFF
FFFFFF
FFFFFF
FFFFFF
FFFFFF
FFFFFF
FFFFFF
FFFEFF
FFFDFE
FFFDFE
FFFFFF
F7F7F9
9DA8AD
597173
547370
5B7975
5E7C78
5B7877
5F7B7D
5C7778
577172
526C6C
607A75
5F7973
51696A
5D7470
5C716D
617570
5D716F
435A64
395362
304B5E
2C4A5D
355363
2D4B5D
28475B
2C4B5D
2E4C5E
2C4A5C
2F4D5D
3E5A63
35525D
415E64
3E5B63
405D66
4D696C
57716C
577169
597368
587267
586F68
586F6A
5C726D
596F6C
495F5E
677B6D
5A7061
435E57
3F5C56
49655B
496457
486457
385851
315450
526C5D
607762
476355
3D5D51
405F52
436155
416055
466255
556B61
455A57
54685E
5C7063
445855
4F615E
384A4E
2A3F4D
1F364A
273F4D
2A424C
29444B
29454B
264346
34514A
345248
304E44
345346
365546
355546
335343
325244
335344
3C594A
3C5748
445C50
3B5349
4D6053
516254
4F6050
5C6D5B
44534A
49594F
495952
334245
2F4041
42594B
273D3D
1B323A
243B42
203440
253E40
2C4744
314C48
2F4E42
325243
2E4E41
305143
375B47
365846
3C5A48
3F5C49
3E5A47
48654C
4C674B
4F6750
31453F
27373B
28383E
1A3337
29463F
284737
294A35
2D4C39
324D3E
39523E
415A3F
475E45
4A604A
51614F
38483F
213330
233534
556549
87925D
8F985D
919C5C
949F5B
97A15D
9BA65F
A3AD62
A7B064
A3AC61
9FAA63
A2AD68
A1AC68
9EA966
9FAA68
A2AC6F
9AA270
7A805D
838966
989F76
717365
666764
6F7168
878B6D
99A172
9AA270
98A071
909A6E
8F9A6F
9BA67B
929E73
89986E
808F6A
819170
809074
4E625B
385057
334B57
465F6B
49646F
395462
435D6C
435B6B
3C5561
3F5660
4C5F69
465A63
475A61
606F72
78887D
61706C
717E74
8A9583
949E87
95A086
919A86
CCD2C7
FFFFFF
FEFFFF
FEFFFF
FFFFFE
FFFFFD
FFFFFE
FFFFFF
FFFFFF
FFFFFF
FFFFFF
FFFFFF
FFFFFF
FFFFFF
FFFFFF
FFFFFF
FFFFFF
FFFFFF
FFFFFF
FFFFFF
FFFFFF
FFFFFF
FFFFFF
FFFFFF
FFFFFF
FFFFFF
FFFFFF
FFFFFF
FFFFFF
FFFFFF
FFFFFF
FFFFFF
FFFFFF
FFFFFF
FFFFFF
FFFFFF
FFFFFF
FFFFFF
FFFFFF
FFFFFF
FFFFFF
FFFFFF
FFFFFF
FFFFFF
FFFFFF
FFFFFF
FFFFFF
FFFFFF
FFFFFF
FFFFFF
FFFFFF
FFFFFF
FFFFFF
FFFFFF
FFFFFF
FFFFFF
FFFFFF
FFFFFF
FFFFFF
FFFFFF
FFFFFF
FEFEFE
FEFDFE
FFFEFC
FFFEFE
F7F8FA
9CA7AF
5B727A
5A7679
5A7777
5D7A78
5C7978
5F7B7C
5F7B7C
567172
536D6E
5E7878
5F7977
526C6A
5D7571
5D7370
5F726E
637573
475C65
3A5362
324D5F
2C475D
28465B
325162
2D4C5E
315161
315160
2E4D5E
2E4D5C
3D5A65
36525D
3B5760
3F5C63
3C5960
496568
56716E
57716A
567168
567067
556F66
597069
59706A
5A716D
475E60
5F756A
657A69
486156
435F58
48635A
486659
405D54
3E5D55
355751
426256
5D7661
4C6857
3C5C51
3D5D50
446253
446256
3E5D53
516A5E
4F625C
4D5F5C
617166
4A5D59
425757
31454F
263A49
293E4F
233A4B
29414D
203B45
2B4749
2D4A47
315049
365648
2E4D43
345345
345343
355445
365546
335345
365346
415D4C
3D584A
405A4D
3D544A
455B4F
536654
506150
566657
3E4D48
47564D
4B5B54
2F3C44
324045
3B4D49
344942
23383C
253D42
253D41
213940
2A4741
304E46
314E47
315144
2F4F42
305142
355947
345844
3C5E48
42604C
3F5B47
48624B
4F694C
5E7755
3A5045
1B2F37
293C3F
142C30
1E3B36
284839
284935
2A4A36
2E4C3A
324F3D
37523E
415B43
455C48
43594F
314446
1F3136
2C3E3E
273A3E
4B5C49
717E55
8D9861
98A262
98A45F
94A15D
929F5A
96A25B
9FAA5F
A8B164
A5B067
9FAA66
A1AC68
A1AC68
A0AB69
A3AD6E
A2AC72
98A071
7D8361
8C926E
959B76
727365
6F7169
82866D
949A70
9BA372
9DA574
949E72
899469
949F74
9CA67B
919D72
88966F
798967
849372
7C8C71
475D57
395257
415B67
446170
395767
445F6E
496371
3E5763
405761
4A5E69
475B64
41555F
495B66
617072
6B7A74
62716E
707D76
86917E
959E85
97A086
959E8B
D9DED5
FFFFFF
FCFEFD
FEFEFD
FFFFFD
FFFFFE
FFFFFF
FFFFFF
FFFFFF
FFFFFF
FFFFFF
FFFFFF
FFFFFF
FFFFFF
FFFFFF
FFFFFF
FFFFFF
FFFFFF
FFFFFF
FFFFFF
FFFFFF
FFFFFF
FFFFFF
FFFFFF
FFFFFF
FFFFFF
FFFFFF
FFFFFF
FFFFFF
FFFFFF
FFFFFF
FFFFFF
FFFFFF
FFFFFF
FFFFFF
FFFFFF
FFFFFF
FFFFFF
FFFFFF
FFFFFF
FFFFFF
FFFFFF
FFFFFF
FFFFFF
FFFFFF
FFFFFF
FFFFFF
FFFFFF
FFFFFF
FFFFFF
FFFFFF
FFFFFF
FFFFFF
FFFFFF
FFFFFF
FFFFFF
FFFFFF
FFFFFF
FFFFFF
FFFFFF
FEFEFE
FFFEFE
FFFFFB
F8FAF8
9CA9B1
59707B
5B767D
5A7676
5C7978
5D7979
5D7A7A
607B7C
577374
557071
5A7475
617B7D
516C6C
59736F
5F7773
596F6A
677A76
4A5F67
394F61
314A5E
2D495F
2B485F
2A495D
2E4D5F
2E4D5F
345362
375864
304F5E
3C5A64
3B5962
35525D
405D64
39565D
456264
53706C
526D67
557269
567167
546D66
577069
5B7269
5F756F
4D6566
4E6460
697F6F
4C6458
455F57
435E55
4B6559
426055
3B5B54
385852
3C5D53
58725E
56705D
406052
3E5E51
406051
446252
425F53
4B6659
546B5F
4C5D5B
5E6D68
4D5D59
475959
334751
283C4A
253A4B
22394B
223948
294249
2E484A
314F48
335247
385848
315344
345445
375746
345444
355444
355346
355246
3E5A4B
435F50
3C564C
40584D
43584D
506554
506250
566757
3F4E4A
404F4C
526158
394748
2D3943
3E4D4B
3F524B
324645
273C42
2D4643
2B4844
2C4945
2F4E44
2F4D43
325147
305044
305042
365846
355944
3A5E47
3F6149
425F49
49624D
4E664D
647B57
587056
1F3537
1B2F3A
1A3237
193834
25483A
274C37
294B36
2B4C37
2F4E3B
355240
3A5741
3A5542
304845
20363B
1E323A
33454A
344547
2C403E
4D5F4E
546448
627049
89945D
95A15E
95A25C
96A45D
97A45E
97A35C
9CA75D
A5B069
A5B06C
A0AB67
9EA965
A2AD6A
A5AF70
A4AE72
A2AB73
9BA275
7C8160
8E946F
939876
747765
777A69
8E9373
9BA374
9EA679
96A074
9AA479
929B70
99A277
9BA57A
8E9B6F
81906C
708162
809073
778870
485E59
38525A
3B5968
385667
3E5A69
486270
405965
3E555F
485C67
4A5E68
41545E
455765
51626B
6F7E76
677574
6C7A77
788478
8A927D
939D83
929A82
99A08C
DFE2DA
FFFFFF
FDFDFC
FEFEFC
FFFFFE
FFFFFF
FFFFFF
FFFFFF
FFFFFF
FFFFFF
FFFFFF
FFFFFF
FFFFFF
FFFFFF
FFFFFF
FFFFFF
FFFFFF
FFFFFF
FFFFFF
FFFFFF
FFFFFF
FFFFFF
FFFFFF
FFFFFF
FFFFFF
FFFFFF
FFFFFF
FFFFFF
FFFFFF
FFFFFF
FFFFFF
FFFFFF
FFFFFF
FFFFFF
FFFFFF
FFFFFF
FFFFFF
FFFFFF
FFFFFF
FFFFFF
FFFFFF
FFFFFF
FFFFFF
FFFFFF
FFFFFF
FFFFFF
FFFFFF
FFFFFF
FFFFFF
FFFFFF
FFFFFF
FFFFFF
FFFFFF
FFFFFF
FFFFFF
FFFFFF
FFFFFF
FFFFFF
FFFFFF
FEFEFD
FFFFFF
F7F8F8
9DAAAB
5A717C
5B767F
5B7479
5C7777
5D7A79
5D7979
5E7A7B
587374
536F6F
5D7778
5F797A
597474
546F6C
627A74
576F69
627876
4B6167
384E5F
31495D
304960
29455D
27465B
29485A
31515F
2E4E5E
2E4F5D
2E4E5B
395862
405E65
36545B
3F5C64
3C595F
3B595D
506F6A
527069
557169
537066
567268
556E68
5A716B
61776F
546C6A
445B5B
677C6F
50685C
445E57
415C53
486458
466257
3F5D55
355852
345650
4C6959
5C755E
486555
436355
406151
426252
436152
4A6456
597161
51675C
586864
596765
49595D
3D5057
273B47
2E424E
2D4350
1D3749
223B47
2D4649
324E47
345347
385746
355744
315543
345743
31533F
355544
345443
365445
3D5849
455F4F
3F584E
3A534D
40564D
495D50
4F6251
566855
495951
323F42
4A5855
3F4E4C
334046
3D4B50
415052
334445
293C41
21373C
304B44
2D4B44
315246
2E4E42
2F4D42
325045
305044
355646
385B48
375C46
3C6148
406148
456049
4B624D
526A4C
627959
324B3E
193136
12292F
153231
234738
264C35
274C33
2A4C35
2D4D38
314F3C
34523D
39543F
324C43
1F383E
33494E
3E5157
32444A
203138
364A45
3F5242
4D5F4A
57674D
718056
8E9D60
95A35E
98A55D
95A25A
96A35C
96A35B
99A45F
A3AE6B
A7B26E
9FAA65
9BA664
A0AA6B
A5AF73
A4AE72
9DA76F
99A075
7E8460
939A71
929874
77796B
767868
8B9070
8C936C
98A176
98A176
98A176
929A70
9AA378
99A477
8A986E
78886A
566753
7B8D72
6D8169
405754
37535D
365563
385564
425D6A
415A66
39515B
455A65
4D626D
4B5F69
40525F
4F616D
617272
677673
6F7D77
737F75
7B8676
828C76
969E85
969D83
9DA28F
E4E7DF
FFFFFF
FDFDFB
FEFEFC
FFFFFF
FFFFFF
FFFFFF
FFFFFF
FFFFFF
FFFFFF
FFFFFF
FFFFFF
FFFFFF
FFFFFF
FFFFFF
FFFFFF
FFFFFF
FFFFFF
FFFFFF
FFFFFF
FFFFFF
FFFFFF
FFFFFF
FFFFFF
FFFFFF
FFFFFF
FFFFFF
FFFFFF
FFFFFF
FFFFFF
FFFFFF
FFFFFF
FFFFFF
FFFFFF
FFFFFF
FFFFFF
FFFFFF
FFFFFF
FFFFFF
FFFFFF
FFFFFF
FFFFFF
FFFFFF
FFFFFF
FFFFFF
FFFFFF
FFFFFF
FFFFFF
FFFFFF
FFFFFF
FFFFFF
FFFFFF
FFFFFF
FFFFFF
FFFFFF
FFFFFF
FFFFFF
FFFFFE
FFFFFF
FBFEFE
A5B0B4
587078
5B757E
5B7479
5D7677
607A7B
5E7978
5F7B79
5A7677
516C6A
58736F
627C79
5A7474
556F6A
627C75
5C756D
647C76
4C6469
374F60
374E61
334B5F
29445B
28445B
28475A
32525F
385863
355562
325260
36555F
426068
3A575F
415E63
3F5D65
365459
4C6A67
4F6E67
537066
557167
557066
536E66
58706B
60776F
5C736F
405959
60766C
597063
455E57
415C55
445E56
415E54
415F57
3B5A54
335551
3D5C52
5B745F
4F6B57
416152
416252
446453
446253
466254
556D5D
556C5D
52685C
5F6F69
505E62
45555E
2A3C4B
394C55
2C434C
243D49
1A3345
29434A
314D49
335048
355446
375746
335642
345944
335743
345743
365543
355444
3A5747
46614F
486051
415851
3A514D
485C52
516254
4E5E4D
536455
354144
414E51
38464B
303C45
3D4A51
38454D
283542
2A3B47
283D46
283F42
324D45
2B4741
2F4F42
2E4C43
314F44
315043
355546
395948
375A47
3D634A
3B6148
436249
4E6750
455B48
5B7456
3B5641
2A463E
1F3937
1E3836
244338
294E39
2A5037
274A33
2B4B36
2F4D39
34503F
3C5746
32493F
253C3F
2C4449
3C5254
33444D
22343E
283B40
364B40
455A48
475B44
516348
5D6F4D
718353
87985A
93A05B
98A35B
99A55C
94A159
94A15B
97A260
A0AB6A
A3AF6B
9FA967
9AA466
9EA96D
A5AF72
A2AC70
9DA66F
99A273
858B66
9BA274
7E816B
656560
757966
858A6B
969D77
9AA277
98A176
969E76
929A70
9BA678
94A272
85946E
667763
526557
839578
677967
3C5757
33545F
365764
3F5D68
415C66
375059
415862
455D67
485E68
415561
506471
4E636C
657877
6F7D76
7A8678
768374
758170
84907B
939D84
8F9880
A0A696
E8E9E2
FFFFFD
FEFEFC
FFFFFF
FFFFFF
FFFFFF
FFFFFF
FFFFFF
FFFFFF
FFFFFF
FFFFFF
FFFFFF
FFFFFF
FFFFFF
FFFFFF
FFFFFF
FFFFFF
FFFFFF
FFFFFF
FFFFFF
FFFFFF
FFFFFF
FFFFFF
FFFFFF
FFFFFF
FFFFFF
FFFFFF
FFFFFF
FFFFFF
FFFFFF
FFFFFF
FFFFFF
FFFFFF
FFFFFF
FFFFFF
FFFFFF
FFFFFF
FFFFFF
FFFFFF
FFFFFF
FFFFFF
FFFFFF
FFFFFF
FFFFFF
FFFFFF
FFFFFF
FFFFFF
FFFFFF
FFFFFF
FFFFFF
FFFFFF
FFFFFF
FFFFFF
FFFFFF
FFFFFF
FFFFFE
FFFFFE
FFFFFF
B0BBBD
5C7276
5D767D
5B757B
5E767A
60797A
5A7475
607A77
5F7978
526D6D
59736D
607971
617B73
516A67
607A71
5D776E
637A72
526B6C
344E5F
344D61
2E475D
334C60
2D495D
264459
2F4D5D
3A5964
3B5B65
355561
33535F
415F68
3C5960
3E5B61
466468
37565F
496668
506E68
4F6D65
557265
547064
526D66
557069
60776E
617971
476060
587168
5F7768
445E56
425C55
466057
455F58
3C5A55
3A5A54
385854
355550
556E5C
5A725C
446452
436453
416152
456354
466052
4F695A
586F61
53695E
5C7167
5B6A67
4C5B61
334453
354757
3A4C57
2B424D
1E3946
223D46
344E4C
375249
355346
365646
335444
315542
365A44
365A44
365743
375744
3B5847
425D4C
496250
485F50
3D544D
415551
506357
4A5B4D
5E6D5A
404F49
434F53
38434D
263345
323D4B
39434E
2C3948
1C2C3C
2A3D4B
263A45
314A49
2D483F
2E4A41
2F4D41
335046
304F41
365545
3D5D4C
3C5C4A
3D5F4B
446750
3E614B
4F6E54
405844
495F4B
395140
2F4D3C
2B4A3E
2A473E
284538
2A4A38
284C36
294C34
2C4C37
2F4C3A
334F3F
365044
324A45
273B43
263C45
2F464D
263B46
213442
233838
364D42
445A47
3F5540
455B43
4E6347
495D41
516345
6F8154
919E62
9BA864
A1AD66
9FAB64
9CA762
97A15D
939E5C
9EA967
A4AE6C
9CA767
98A365
9EA86B
A6AF72
A4AD71
9BA46F
969E71
8E956C
959A76
67695B
7F826B
71745F
81886C
9AA379
99A277
929A72
939B72
929D70
99A575
919D74
829273
5A6D5F
5A6B5F
909E83
62796B
35565B
30535D
3F5F66
405C63
3F5860
3E555F
3E555F
405561
465B68
4E6572
47626D
476169
6E7E76
818E7D
788675
778674
768371
8A9581
909983
8C9383
A3A89B
EDEFE7
FFFFFF
FEFEFD
FFFFFE
FFFFFD
FEFEFC
FEFEFC
FFFFFE
FFFFFF
FFFFFF
FFFFFF
FFFFFF
FFFFFF
FFFFFF
FFFFFF
FFFFFF
FFFFFF
FFFFFF
FFFFFF
FFFFFF
FFFFFF
FFFFFF
FFFFFF
FFFFFF
FFFFFF
FFFFFF
FFFFFF
FFFFFF
FFFFFF
FFFFFF
FFFFFF
FFFFFF
FFFFFF
FFFFFF
FFFFFF
FFFFFF
FFFFFF
FFFFFF
FFFFFF
FFFFFF
FFFFFF
FFFFFF
FFFFFF
FFFFFF
FFFFFF
FFFFFF
FFFFFF
FFFFFF
FFFFFF
FFFFFF
FFFFFF
FFFFFF
FFFFFF
FFFEFE
FFFFFE
FFFFFF
C5CDD2
62767D
5A757A
5B7479
5D767B
617A7E
5D7779
607A77
637C7A
556E70
58716F
607A6F
657E73
4E6865
5A726B
627A70
5E766E
5A7271
38525F
304B5F
344F61
314B5F
354E61
2F4D5E
29475A
3B5863
3D5C64
32525F
325360
3C5C63
3F5C65
3B575F
466467
3B5761
415E62
526F6A
506E65
527066
557264
567265
516C65
5B736C
627971
4A6465
506963
677F6F
456058
405C56
405E56
435F57
425D57
3D5A56
3D5B56
325350
496457
5F7660
4C6957
436353
456654
426351
415F50
4E6659
597060
53695E
546A60
5A6D66
516163
42525B
364856
394B57
314351
283F4C
244047
304B4A
35504A
395649
385647
335345
315344
345743
355943
335843
365846
375645
435F4B
4C6551
40584A
485F50
40554C
4B5D52
4D5E52
5B6959
5B695A
4D5B56
414D53
2E3A47
293546
36414D
2F3B49
263344
243544
273A47
273D42
2C4640
2F4A41
324D44
335045
365346
365544
3C5C49
3F5F4C
40604D
456450
3E5C48
4F6B52
47614D
415545
3E5446
2E473E
2A483C
2C4C3F
28473B
284938
2A4B39
284936
2B4B36
2E4D38
32503C
344F40
2F4841
304945
334A4E
2B4149
223543
1E3541
1C3435
2F483E
3A523F
445B44
4E6348
496047
3F573E
4C6045
4F6248
536649
677851
83925D
909C5D
98A362
A5AE69
A2AB65
98A35F
94A05E
99A563
A1AC68
9CA667
95A065
9DA76C
A8B074
A6AF73
9FA871
9AA375
949B73
8E9373
7D8263
8F9574
858C6E
99A17A
9AA379
9DA67A
939B73
939D72
99A576
939F73
8C9974
7A8A6F
4D625A
62776A
8B9B83
556D65
35575C
3B5C63
3E5B60
3D575F
3F5761
3F5761
3C535E
435A68
4C6471
435F6C
3D5A67
5E7370
7D8879
7D8B78
7B8975
788574
7A8777
929C86
8E9785
8E9585
A8AC9E
EFF0EA
FFFFFF
FEFEFD
FEFEFC
FEFEFC
FEFEFC
FFFFFE
FFFFFF
FFFFFF
FFFFFF
FFFFFF
FFFFFF
FFFFFF
FFFFFF
FFFFFF
FFFFFF
FFFFFF
FFFFFF
FFFFFF
FFFFFF
FFFFFF
FFFFFF
FFFFFF
FFFFFF
FFFFFF
FFFFFF
FFFFFF
FFFFFF
FFFFFF
FFFFFF
FFFFFF
FFFFFF
FFFFFF
FFFFFF
FFFFFF
FFFFFF
FFFFFF
FFFFFF
FFFFFF
FFFFFF
FFFFFF
FFFFFF
FFFFFF
FFFFFF
FFFFFF
FFFFFF
FFFFFF
FFFFFF
FFFFFF
FFFFFF
FFFFFF
FFFFFE
FFFFFD
FFFFFF
D0D7DB
667A83
5E787F
597579
5B767A
5F787D
5D767A
597276
637C7A
526D6F
4E6969
5E7670
688074
58716A
59726D
677E74
607A6F
5D7674
415B63
395564
324E60
324E60
2E4A5E
355262
2E4C5D
33525E
3D5B64
35555F
30505E
395A62
406065
39565D
456067
3B5860
3A575E
516F6A
527065
516F66
526F64
597567
546E64
597268
647B70
566F6D
415C5A
637E6F
4A6559
425F58
3F5D55
426058
3F5D56
3E5B57
3E5C58
335352
395951
5B745F
566F59
466454
416152
426253
436351
496655
576E5E
556B5E
4F645B
5B7065
506463
445760
3A4D59
3D4F5A
314451
324755
253C48
2F4B48
36534B
335047
375648
375548
315146
335445
355946
335744
355945
385846
3E5C4A
4E6854
465F4D
42594B
42594B
4B5E50
526252
556453
5D6B5C
4F5D57
39494E
273440
2E3B4B
273547
2A3848
283546
233342
243745
1B313A
2D4644
324D45
365148
344F45
355246
385546
3E5C49
405E4A
43614B
46664F
425F48
566E52
5F765D
385043
3D5247
32483D
314B3F
2F4E42
23403C
244339
2A4D3B
2C4D3B
2B4C39
2F4F3A
31513C
324F3D
2F473E
243A38
364E4B
30454B
2C3E4C
263948
213A3D
2E4A40
365040
3D5842
425A43
405740
3F563E
475F47
475D44
485E45
4D6149
4B5D41
647448
8C985E
8E9957
909B58
9AA561
A5AF68
9EAA64
95A15F
97A261
9EA869
99A367
96A066
9EA76C
A8B174
A8B075
A2AB75
99A173
979E70
939B71
949C72
949C78
848B6C
959C79
9DA67A
9BA379
939E73
96A275
939E72
919C73
8E9C77
70836D
45605B
6C8070
889780
4F6A62
3A5B60
3B595E
3D575F
415963
405863
39505D
415866
4E6674
486270
3A5969
51696E
828D7E
798671
798873
7C8A78
717F70
889480
8E9884
828B7A
8B9382
ABAEA2
EDEEE7
FFFFFE
FFFFFD
FEFEFC
FEFEFC
FFFFFE
FFFFFF
FFFFFF
FFFFFF
FFFFFF
FFFFFF
FFFFFF
FFFFFF
FFFFFF
FFFFFF
FFFFFF
FFFFFF
FFFFFF
FFFFFF
FFFFFF
FFFFFF
FFFFFF
FFFFFF
FFFFFF
FFFFFF
FFFFFF
FFFFFF
FFFFFF
FFFFFF
FFFFFF
FFFFFF
FFFFFF
FFFFFF
FFFFFF
FFFFFF
FFFFFF
FFFFFF
FFFFFF
FFFFFF
FFFFFF
FFFFFF
FFFFFF
FFFFFF
FFFFFF
FFFFFF
FFFFFF
FFFFFF
FFFFFF
FFFFFF
FFFFFE
FFFFFD
FFFFFF
D2D8DD
677A85
5E7882
5D787E
597578
5D787D
5D767B
5A7377
647C7D
577272
4D696B
5C7773
637D74
587068
546D68
637C71
5D756A
5F7872
425B60
3E5865
325061
314F60
2E4C5E
2A495C
2E4E5E
2F4E5C
3E5D66
365560
2F4F5A
375860
3E5F65
395A5F
436164
425D63
38545E
4B6967
516F65
527167
516E64
577367
536E63
577067
637B6E
647C73
3E5857
607B70
4F6B5E
3D5C54
405E56
405E56
405D57
405D59
3B5A58
365656
2C4E4C
506B5C
5B725C
4D6957
436152
416152
416152
496654
556E5B
5A7061
4A6057
5A6E61
536960
40575A
2C4350
324754
324753
293F4F
213845
2E464A
36534B
335147
365348
375548
325247
325346
355646
345746
345746
385A46
405F4A
4A6754
445F4D
445D4C
465D4D
445A4C
506150
586753
5F6D5C
4E5B53
415154
283949
263543
283746
253545
1F3042
283848
1D303D
223643
284144
365149
344F45
324E43
375348
3B5748
3C5848
44614D
476450
4A6951
456449
577051
6B7E5F
3D503F
3A4C48
283D37
354C40
334C43
223C3C
1D373C
26453A
2A4D3A
2D4E3C
2B4C39
2C4D38
30503D
2F493C
1D3230
2A3E40
2A4042
1D2F3D
1B2C3C
1B3138
27423A
2E4A3A
395640
415D45
3C5540
3A5542
3C553E
405841
435A43
445B44
495D45
5B6E4F
708156
818F56
94A15F
96A362
9AA662
9FAA62
A2AD65
A3AE69
9DA967
95A060
9CA669
9DA76C
98A268
9BA46A
A6AE71
A9B177
A2AA75
9CA472
9AA371
969D72
969E78
8A9172
81876A
99A17C
9FA77E
98A277
8F9A6F
949F75
949F75
8A976E
8C9B79
677C6C
4A645D
7A8B76
83937D
4C6560
3D595F
3D575F
3F5861
3E5662
39515D
3D5462
506775
516977
415D6F
46606C
77867D
89947E
79876F
798773
7B8977
738273
889383
8A9382
7D8572
8C9483
A8ACA0
ECEEE7
FFFFFD
FEFEFC
FEFEFC
FFFFFE
FFFFFF
FFFFFF
FFFFFF
FFFFFF
FFFFFF
FFFFFF
FFFFFF
FFFFFF
FFFFFF
FFFFFF
FFFFFF
FFFFFF
FFFFFF
FFFFFF
FFFFFF
FFFFFF
FFFFFF
FFFFFF
FFFFFF
FFFFFF
FFFFFF
FFFFFF
FFFFFF
FFFFFF
FFFFFF
FFFFFF
FFFFFF
FFFFFF
FFFFFF
FFFFFF
FFFFFF
FFFFFF
FFFFFF
FFFFFF
FFFFFF
FFFFFF
FFFFFF
FFFFFF
FFFFFF
FFFFFF
FFFFFF
FFFFFF
FFFEFF
FFFFFC
FFFFFF
E4E9ED
71828E
5B7481
5C797F
597578
5D797C
5B777B
5B7579
5F7879
627B79
516C6F
597472
5F7A73
5C7771
506A66
61786F
5C746C
5F7772
476165
3F5B66
365161
2A485B
335162
2C4B5F
26485A
2D505D
395A63
3C5C63
31515C
31525C
3F6164
385A60
3E5F63
466465
3D585F
4B6867
537067
537166
4E6C63
577367
577366
546E64
60776B
667D71
465E5A
5A736A
577262
426057
405F55
405F56
3F5E57
3E5E59
375755
365757
2F5151
436158
5C745F
536C59
446153
446354
436253
466454
516B59
5A7160
4B6258
566C60
5B7164
465C59
3C545C
27404E
2C4552
1F3949
1F3845
2D474C
3A544D
365348
335247
3B584A
365448
325246
375748
375747
375647
385747
3D5B47
49674F
44614E
425D4E
475F4F
475D4E
4B5D4D
556551
5C6B59
4E5B51
475552
31424E
263748
31434E
273944
2D3E49
1F3040
213442
1C2F3C
294046
334D47
345043
355144
385448
3C584A
3B5847
415F4D
486551
4B6852
47654A
546F4D
6E835B
4C5D44
44544B
27373C
293F3C
354B44
22393B
172F3A
213B3C
2C4C3C
294C38
2D4E3B
2D4E39
30513B
325140
2E493C
283E3C
1F3338
1E3339
182A37
1B2E38
2B4540
2E493B
324E3A
38553E
3D5740
3C5742
304D3B
3D5744
3D5640
3F5740
415840
4A5E41
60714B
6F8054
758758
82915C
8E9A64
929C62
98A35D
9AA45C
9DA75E
A0AC64
A0AA67
99A463
9BA467
9EA86D
9BA56A
9EA76A
A4AB70
A5AD74
A2AB73
9FA873
98A071
929B72
99A17B
898F71
7D8367
949D78
9CA67A
96A076
8F9A70
96A277
919F75
83906D
909D7F
5D7567
52695E
8E997C
798B74
49635F
3E585E
3C565F
3C5560
3B545F
395160
4A6372
526976
46606F
3C5968
536A6B
84917C
839076
7A8871
788673
6C7B6E
748175
919B8B
879079
7C8573
899081
A8AD9F
EDEFE5
FFFFFD
FEFEFC
FFFFFE
FFFFFF
FFFFFF
FFFFFF
FFFFFF
FFFFFF
FFFFFF
FFFFFF
FFFFFF
FFFFFF
FFFFFF
FFFFFF
FFFFFF
FFFFFF
FFFFFF
FFFFFF
FFFFFF
FFFFFF
FFFFFF
FFFFFF
FFFFFF
FFFFFF
FFFFFF
FFFFFF
FFFFFF
FFFFFF
FFFFFF
FFFFFF
FFFFFF
FFFFFF
FFFFFF
FFFFFF
FFFFFF
FFFFFF
FFFFFF
FFFFFF
FFFFFF
FFFFFF
FFFFFF
FFFFFF
FFFFFE
FFFFFD
FFFFFD
FFFFFC
FFFFFE
EFF3F5
8494A0
587180
5C7983
567479
5B797B
5E7A7E
5B777C
5F7A7E
617B7B
556F70
567171
58736F
5F7A73
4E6865
5E7670
5F776D
5F7871
4A6467
3F5B66
365262
304C5D
335061
345262
294B5F
284C5B
365962
3D5F63
385A5E
34555D
3D5D63
3D5F61
3E6061
446566
3E5B5F
4A6665
516F66
547266
516F65
537064
577566
526E63
586F65
667C71
4C6360
566E64
627A69
466257
405E55
416055
416157
3E5F59
3B5B58
385A59
315453
385953
5B7360
57705B
476453
405F52
456255
476355
486455
5B7362
4D645A
4E645C
5C7265
485F58
49605B
364D55
27424F
1F3B49
1F3A47
2C474B
39544E
39554A
355447
3A584A
3A5949
355548
385749
3A5849
3C5949
3A5648
3D5A48
46634B
48644E
445F4C
476151
435A4C
475C4D
566652
5E6B59
4C5B52
3B494A
4A585A
293A49
2D3E4D
213541
233743
243742
213442
1C303E
243A44
2B4441
334E41
324E40
3A5648
3E5A4C
395546
446150
4E6C59
4A6752
49634F
587251
718A5B
667B54
56674F
374543
1B2B36
293E3E
273D3E
1D3239
1E3636
2B493B
2D4E3A
2D4D38
2D4E39
2E4E38
30503B
274537
2A463A
28423D
172A32
172B34
223A3C
2F4945
2D473D
36513F
3B5740
36523B
3C5841
37523D
37523F
344F3E
39523E
415841
4A6043
62744F
697B51
5B6F49
495D3E
536643
7D876D
7E855F
99A461
9AA45E
9CA75C
9FA95F
A5AF66
A8B16A
A0A968
9AA468
9FA96C
9CA669
9EA86B
A5AD71
A5AD73
A3AB74
9EA673
979F72
969F76
949B79
7D8365
8F9675
9BA47B
9AA279
979F76
8E996F
98A379
8F9A77
869371
8C9B7D
5A6C5F
798770
95A37E
7C8F75
4B6360
415C61
3F5A62
39535D
344E5B
445F6F
4A6470
48636F
3A5968
456067
738473
869477
7A8870
7B8873
7F8B79
647368
788574
949F84
7F8975
88917F
88917D
ABAF9E
F4F5EE
FFFFFE
FFFFFD
FFFFFF
FFFFFF
FFFFFF
FFFFFF
FFFFFF
FFFFFF
FFFFFF
FFFFFF
FFFFFF
FFFFFF
FFFFFF
FFFFFF
FFFFFF
FFFFFF
FFFFFF
FFFFFF
FFFFFF
FFFFFF
FFFFFF
FFFFFF
FFFFFF
FFFFFF
FFFFFF
FFFFFF
FFFFFF
FFFFFF
FFFFFF
FFFFFF
FFFFFF
FFFFFF
FFFFFF
FFFFFF
FFFFFF
FFFFFF
FFFFFF
FFFFFF
FFFFFF
FFFFFF
FFFFFF
FFFFFE
FFFFFD
FFFFFC
FFFFFD
F6F9FA
92A1AB
576F7D
5D7985
58757B
5A787B
5F7D7F
5C797C
5E7A7E
648083
5F7978
577271
57726E
5D7874
4B6765
57726B
647C71
5F786F
546F6E
3D5964
314F60
314D5F
3A5463
3D5966
2E4F60
254A5C
335962
395D63
395C61
385A5F
395A5F
406063
3D5E61
436666
3D5E61
466463
506E65
557466
527065
506E62
587566
547364
557164
657D6D
566C68
4D645E
677D6D
4E685A
425F55
3F5E54
426156
406058
3B5D57
3C5E5C
355756
355854
4E6B5C
59725D
4C6755
466253
446253
456253
496355
556D5E
4E665E
455D58
5A7067
4F655F
455C56
566D65
304A52
213E4B
1C3945
2A464A
3A554F
3C584D
365447
375847
3C5B4A
375647
365649
3A5949
3C584A
3D594B
3D5A4A
45604C
4D674F
46614C
476350
3F5B4B
41594C
4F6351
65735E
556256
384749
475557
2E3D49
2A3B4B
223443
1D333E
223942
22363F
2A3E46
253A42
273F41
334E44
365243
365243
3D594B
3E5A4B
425E4F
4A6754
476350
49634F
5A7154
71865C
6E8454
697D56
4E614C
243737
273B3D
2A3F3F
1B2F39
1F3538
2A463B
2D4D3A
2D4E38
2D4F38
2D4E39
2F4F39
284639
264439
2C4B3C
28453E
243E3B
243F3A
2B4840
2B483E
334E3E
3D5843
405944
3A553E
334F38
344F3C
36523E
3A543F
435B43
495F44
60714E
637550
4D6243
3F5438
435838
5C6E45
7C8869
838B60
858E53
899158
96A05D
9BA55E
A0AB63
A4AF67
A7B16B
A3AC6B
9BA566
9EA86B
9CA668
A0AA6C
A6AE73
A3AB71
A2AA72
9EA674
98A075
99A079
8D9572
7F8668
929977
979F78
9AA27A
949D74
879068
949F77
8B9874
899774
89977A
6B7A66
829172
98A780
7C9077
4A6562
415E61
405A5F
39545E
3F5C6B
4D6872
4A656D
3F5E68
3C5B61
65796A
818F73
849176
849177
89957D
7E8B7A
657267
838F79
929B82
808979
8D9582
8D927C
B8BBAC
FAFAF6
FFFFFD
FFFFFE
FFFFFF
FFFFFF
FFFFFF
FFFFFF
FFFFFF
FFFFFF
FFFFFF
FFFFFF
FFFFFF
FFFFFF
FFFFFF
FFFFFF
FFFFFF
FFFFFF
FFFFFF
FFFFFF
FFFFFF
FFFFFF
FFFFFF
FFFFFF
FFFFFF
FFFFFF
FFFFFF
FFFFFF
FFFFFF
FFFFFF
FFFFFF
FFFFFF
FFFFFF
FFFFFF
FFFFFF
FFFFFF
FFFFFF
FFFFFF
FFFFFF
FFFFFF
FFFFFF
FFFFFF
FFFFFE
FFFFFD
FFFFFE
F6FAFC
99A9B2
536B79
5D7885
59767F
5B787D
5F7E80
5E7C7E
617E81
637F83
5D7A7D
5D7879
536E6D
617B76
526D6B
4E6A66
637E71
5C766B
567170
395661
2C4A5D
2F4D5F
375162
375160
385462
2B4D5E
2E525F
396064
385F63
355B61
35585E
3C5D61
3D5D60
436466
3D5F61
406162
4E6D66
557365
527164
506C64
587468
577465
567465
607B69
647C6F
485D5C
63796C
5B7160
456054
425F55
416055
406056
3C5D57
3D5F5A
385C5A
395B57
476659
597360
4F6B57
476555
466454
436253
446153
546B5B
556C60
375351
506763
536863
395155
546B65
395252
25424A
1C3943
2A464A
39554E
3C584C
395548
365646
395A47
385947
375647
375748
3A5849
3D594A
3E594A
45604C
4D6651
49624E
47634D
425F4B
425D4B
4B6250
56685A
4D5D57
495656
3F4D55
2F3E4B
1E3043
263746
2B3E46
2F4548
253C41
2D4247
2F4346
243A3E
2E4742
375345
385445
3F5A4C
3F5A4C
415D4E
4D6A59
466150
46604D
5D7455
74875D
718454
6B8051
596F4A
465B44
364C42
364B46
1D3236
1F343B
28413C
2E4C3C
2D4C39
2D4E39
2D4E39
2D4E39
2C4B39
284639
2B493C
2B4B3C
25413B
234138
2F4F3E
2D4D3D
2C4A3A
385340
405843
3D543F
334C36
35503A
385540
39543F
3F5842
41583E
576B4C
506546
3D5235
43593B
576B48
6D8051
88975F
7C8464
777A57
797E53
7E8556
8A9158
90995A
95A15E
99A460
A1AC68
A6AF6B
A3AC6A
9BA464
9BA568
9FA96D
A1AA6E
A3AC70
A2A96F
A3AB74
9DA574
98A075
99A27B
888F6E
808769
979F7A
98A077
9FA87E
949C74
8A946D
97A27C
899672
8D9976
859278
707F64
90A07C
92A480
718972
597263
587066
46605E
385662
45636A
466368
3C5C63
3B595E
647969
74846A
859277
8B987C
8D987E
87927B
7C8879
6A7766
88937E
899381
747E73
8A917F
8E947E
C4C6B9
FCFCF9
FFFFFD
FFFFFE
FFFFFF
FFFFFF
FFFFFF
FFFFFF
FFFFFF
FFFFFF
FFFFFF
FFFFFF
FFFFFF
FFFFFF
FFFFFF
FFFFFF
FFFFFF
FFFFFF
FFFFFF
FFFFFF
FFFFFF
FFFFFF
FFFFFF
FFFFFF
FFFFFF
FFFFFF
FFFFFF
FFFFFF
FFFFFF
FFFFFF
FFFFFF
FFFFFF
FFFFFF
FFFFFF
FFFFFF
FFFFFF
FFFFFF
FFFFFF
FFFFFF
FFFFFF
FFFFFF
FFFFFE
FFFFFF
F7FAFC
99A8B1
59727F
5D7986
5B7780
58747C
607C82
607E80
5E7C7E
607D80
5B777C
587478
536D6F
597574
56716F
4D6764
5E796D
647E6F
59736E
3E5A62
2F4C5F
2F4B60
365264
3C5665
385464
335160
2A4C5B
3B5F65
385F61
355C60
31575E
3A5C61
3E5F61
3F5F62
416363
3E6060
496B65
507065
547365
506D62
557066
597466
587466
5C7866
637F6D
4E6561
586D67
64796A
4D6659
415D53
3F5D53
446259
416059
3E5F5A
385B58
375957
47685C
567360
536F5A
4A6856
466555
456454
426051
4D6757
576E60
415B57
445D5B
586D68
44595E
3C5357
435A59
2D474C
2E4B4F
314E50
36524B
405D50
395648
355244
395947
395A47
365746
385748
395949
3C594A
415C4D
45604E
4B644F
4C644F
465E4D
46604B
425C48
49634C
536955
475B54
32434B
374650
33404E
2A3A4E
1C2D43
304149
3B4E4C
384E4B
2D4344
304543
2B4043
2D4342
385246
375343
405D4D
415C4C
3D5949
4C6859
496454
4A634E
607558
75885E
78895A
748656
687C50
596F4C
4A6248
3F5845
334B41
263D3D
2E4541
304B3F
2E4C3B
2D4C39
2D4E39
2D4E39
2D4E39
284837
2B4A3B
2C4B3C
29473B
1F3C33
2C4B3E
2E4F3B
2B4C38
33533F
395340
364D39
354C38
3B543E
3B5640
38543E
3C553F
42593F
52684A
495F42
40563B
506444
5F7249
6D7F4E
798A55
81925B
7F8967
6F7353
707357
737654
8A9060
8E9859
8D9859
97A361
9BA764
9FAA67
A6AF6C
A3AC69
9CA566
9BA568
9DA668
9DA76A
A1A96D
A3AB70
A2AA73
949D6D
939A71
949C77
80866A
8B9171
9AA27C
9CA47B
A3AB82
909873
899470
96A27B
94A078
8A9772
839175
77896F
8C9E7E
8C9F7A
859979
7F9376
778C77
4F6765
3C5A61
3F5D64
37585D
476562
647867
697B64
79876E
849175
8B977A
8A9679
849076
7D8876
6A7669
8F9B8B
808B7B
7A8274
8A917D
8F957F
D0D1C8
FFFFFD
FFFFFD
FFFFFF
FFFFFF
FFFFFF
FFFFFF
FFFFFF
FFFFFF
FFFFFF
FFFFFF
FFFFFF
FFFFFF
FFFFFF
FFFFFF
FFFFFF
FFFFFF
FFFFFF
FFFFFF
FFFFFF
FFFFFF
FFFFFF
FFFFFF
FFFFFF
FFFFFF
FFFFFF
FFFFFF
FFFFFF
FFFFFF
FFFFFF
FFFFFF
FFFFFF
FFFFFF
FFFFFF
FFFFFF
FFFFFF
FFFFFF
FFFFFF
FFFFFF
FFFFFF
FFFFFF
F8FBFC
9EACB7
566E7B
5E7985
5E7983
5C767E
5D787E
617D80
627D7F
607C80
59767B
567277
526E72
566F71
516D6E
466264
5A746D
668170
637B70
4A6467
365161
324D61
365164
334E60
345160
355362
2A4B5A
3A5B63
3D6061
3A6060
365D61
345A60
37595E
416164
436267
3F6060
496B64
4E7165
507064
4F6D61
567365
5A7667
5A7465
597363
657E69
526E62
4E6662
61786B
526B5E
456056
425F55
405F55
3F5E56
3C5C57
385B57
375A57
3E5E57
506F5C
57745D
4E6A57
476654
476656
436253
4B6655
576F5E
475F56
415A57
5A6D66
526564
364B53
556967
3A5051
405956
3C5651
39554C
425E50
3E5D4D
365546
365746
395846
3A5948
3B5949
3B5A4A
3C5B4B
3F5D4C
44604E
4C6651
4C6551
47604D
495F51
445D4A
435E47
506952
4C6055
3A4D50
3B4D56
334450
334354
26374B
213343
394C4C
394E49
364D48
2B4240
364C47
273D3C
3A5147
3A5445
395644
3E5B4B
3E5A48
4B6655
496453
4D644F
677A5D
77885F
77875A
758659
6E7F53
63784E
586E4D
476047
3E5A46
304C3F
2E483F
2F4A3E
304C3C
2E4C3A
2D4D3A
2D4E39
2D4E39
2D4E3A
2D4C3B
29483A
274638
274539
29483C
2D4F3E
2B4D3B
30513C
33533E
344F3C
354D38
374E3A
3C553F
3A553F
38543D
455D43
556B4C
4B6245
40583D
526641
6C7D4E
778954
768752
647746
5C7042
68784D
7D895D
80876B
6D7155
737453
979B66
97A161
95A25E
96A260
94A15E
9BA664
A2AB68
A3AB68
9DA665
9AA465
99A366
9BA566
A0A86C
A3AB6F
9EA671
979F74
98A079
969E7A
878D6E
8E9574
989F7C
9BA27B
9CA47E
899572
8F9A76
9CA77D
9BA67C
7C896B
6F806D
73856D
92A27D
90A079
879872
879674
84947D
506A63
38575B
3B5B5F
506B65
5F7666
667964
6C7D68
829175
8F9C7C
95A07F
8F997C
859179
7B8778
717D72
97A08A
88917C
8A9382
8A947C
999E8B
DEE0D7
FFFFFB
FFFFFE
FFFFFF
FFFFFF
FFFFFF
FFFFFF
FFFFFF
FFFFFF
FFFFFF
FFFFFF
FFFFFF
FFFFFF
FFFFFF
FFFFFF
FFFFFF
FFFFFF
FFFFFF
FFFFFF
FFFFFF
FFFFFF
FFFFFF
FFFFFF
FFFFFF
FFFFFF
FFFFFF
FFFFFF
FFFFFF
FFFFFF
FFFFFF
FFFFFF
FFFFFF
FFFFFF
FFFFFF
FFFFFF
FFFFFF
FFFFFF
FFFFFF
FFFFFF
F4F7F9
98A6B0
566D7A
59747F
5D757F
5E767E
627B80
637C80
647D80
647E7F
597579
4D6970
516D72
557073
567172
435F62
546F6B
657F73
657E72
56706C
3B555F
344E63
355064
344F61
365261
365464
30505D
34565F
416363
3D605F
3D6160
355A5C
34585C
3E5E62
466369
415E65
496A68
517367
4F7062
4F6E61
537264
577364
5C7664
5D7663
657E69
5C7565
476157
587363
526D5E
445F56
436157
426257
43625A
405F59
3A5A56
365955
395D55
486958
58775B
527156
4B6954
4A6957
466555
466456
506B5A
51695D
475E58
596D63
5C6B63
415255
495D5D
465A57
455B54
486053
415A4D
425D4C
415F4C
3A5947
385848
395C4B
3D5C4B
3B5A4A
3C5B4B
3F5D4D
415E4D
415E4D
4A6552
4B6650
48624F
4A6251
465E4E
445D48
4C664C
506659
3F5057
3B4C57
32444D
30434C
283949
1D2D43
30444A
334745
314645
2D4441
344D49
334B45
375044
3E5644
3C5643
405B48
405B49
496451
4B6453
516752
6C805B
798961
7F8D63
77865D
6F7F56
667850
5C714D
506648
445D45
3A5844
2B4B3C
304D3D
2F4C3B
2F4D3B
2F4E3C
2F4E3C
2F4E3C
2F4E3A
2E4E3A
2D4C3C
244436
2C4D3D
2F4D3F
2E4D3E
2B4C3B
2F503D
34543F
324F3B
334F3B
3B543E
3B533D
375139
38533B
456145
526C4C
445F42
3C583D
486041
6E8050
7A8C54
6D804D
607244
586B42
627748
677B4A
67774A
76835A
888E6E
77735E
878069
9B9E69
9DA764
98A560
97A460
97A35F
9AA561
A4AC68
A2A967
9DA666
99A364
96A061
9BA565
A2AB6A
A5AD76
9DA479
979D76
979E76
989F75
8C9171
8C9172
999E7B
969F78
99A47D
868E6F
939B78
A1AB80
8F9A79
677666
677A6C
839478
98A67E
919E78
869674
869574
85997B
526B61
3F5A5C
465F5F
51695F
637868
667967
798A6F
879673
909D7B
94A080
8D987C
84927B
748176
758070
99A48B
8B957E
87917B
848D77
9CA08D
E4E5DC
FFFFFF
FFFFFF
FFFFFF
FFFFFF
FFFFFF
FFFFFF
FFFFFF
FFFFFF
FFFFFF
FFFFFF
FFFFFF
FFFFFF
FFFFFF
FFFFFF
FFFFFF
FFFFFF
FFFFFF
FFFFFF
FFFFFF
FFFFFF
FFFFFF
FFFFFF
FFFFFF
FFFFFF
FFFFFF
FFFFFF
FFFFFF
FFFFFF
FFFFFF
FFFFFF
FFFFFF
FFFFFF
FFFFFF
FFFFFF
FFFFFF
FFFFFF
F3F5F8
8F9CA9
597180
5B7681
5D767E
5E777E
647C81
657D80
657E81
5E767B
557077
4B676F
4D6971
526E72
5A7577
456165
4F6967
6A8276
647D70
5D7670
3F5A61
375161
374F65
334D62
3B5663
3D5A66
31505F
32545D
395D60
3E6160
3F615F
3E6060
36585C
3F6063
446367
446166
4A6668
53736B
4F7264
4F7063
506F62
537262
5A7664
5C7662
667E67
617A68
405A56
4B655C
526E5F
446256
436158
416058
3E5F56
416158
40615A
3B5C58
375A54
406354
54765D
547357
4E6C53
4B6A54
476655
486657
4D6959
526E5D
4B6357
5C7364
54665F
4D5F5E
44565B
405459
3B4F4F
4D6258
445C4E
4B6450
48634E
3E5C49
375745
3C5C4A
3D5F4C
3E5D4C
3E5C4C
405C4D
425F4E
415E4D
496553
4B6754
496450
47624F
486050
465E4E
4A624C
506750
3D5151
394A57
374754
2E3F49
2C3E4B
1B2C42
263944
32484A
293E43
304645
364F48
324B48
324B46
395243
3E5742
405944
455E4A
4A644E
4C6650
546B52
718361
78885F
7D8C62
78875E
6E7D57
64754F
596D4B
4C6346
465E44
475F47
395742
2D4D3E
2E4D3C
2E4D3B
2F4F3C
30503B
304F3C
2F4E3C
2F4E3A
2F4E3B
2D4C3B
2C4B3A
31513E
32513F
2F4E3D
30503E
32513E
2F4D3B
334F3C
38543D
37523C
3B543C
3D563B
445D40
446145
3A573C
3E5A3C
526945
6F8053
748553
687A49
5A6D42
5F7145
63764A
5E7245
5D7142
5D6F42
66764A
6E7B52
767B5A
727158
837D62
979965
A0AB66
9DAA65
9AA762
95A25D
9AA462
A5AD69
A2AA67
9BA563
99A462
9BA461
A1AA66
99A16B
9CA377
9AA176
90966F
979E74
959B76
8F9475
919678
979F7A
99A178
9BA37B
878E6E
959E79
9EA77E
899577
435654
5D6F67
879478
98A47D
8E9C79
80906E
849774
7F9377
546C60
425A5C
485F5E
556A63
5F7366
6E806A
839373
859372
929E7D
97A181
89957A
7F8C7A
727F70
818D7B
9CA58A
858F7A
818C7C
818A73
A9AE9A
EFF1E8
FFFFFF
FFFFFF
FFFFFF
FFFFFF
FFFFFF
FFFFFF
FFFFFF
FFFFFF
FFFFFF
FFFFFF
FFFFFF
FFFFFF
FFFFFF
FFFFFF
FFFFFF
FFFFFF
FFFFFF
FFFFFF
FFFFFF
FFFFFF
FFFFFF
FFFFFF
FFFFFF
FFFFFF
FFFFFF
FFFFFF
FFFFFF
FFFFFF
FFFFFF
FFFFFF
FFFFFF
FFFFFF
FFFFFF
FFFFFF
FDFEFF
98A5B1
556D7F
5C7885
5B7880
5C757C
60787E
5F787C
60797D
5C7579
577176
4B666F
4E6A73
506B71
587375
4A676C
4C6768
6A8276
667D70
657E75
445F65
3B5763
385264
2F495F
355061
405C67
345062
2C4C5A
395C5F
3E6060
406362
416362
3A5B5F
3D5E62
446366
426165
4C6868
58736F
506F65
4F7064
517163
557464
5A7764
5E7A64
657E66
68806B
48635B
3D5752
587165
436056
426257
426057
3D5C54
416158
3E5E56
3C5E57
3C5D58
406255
51715B
54755C
4E6E55
4A6951
4A6954
466655
4A6858
526E5C
4F6959
5B7261
556B5E
465A5A
3D5057
3B4F58
31464D
495E5A
465C53
4B6354
4D6751
45614C
405D4A
3E5D49
3F5F4B
40604C
3E5D4A
435F4E
456251
456250
496654
496654
486451
486351
45604E
405A4C
48604E
4E6652
42584F
3C4F52
40525C
3B4C57
2F404B
223443
253845
364A4F
293D44
293C47
354B48
3B534C
2E4745
294340
3C5544
425A44
486049
4A624C
4E654D
566C50
6D815D
798A60
7E8D63
77865D
6E7E58
667853
576C48
4C6343
455E42
4A6246
496247
35533E
31503F
304F3D
30503C
31503C
304F3C
2F4E3C
2F4E3C
2F4E3B
304F3B
31513D
32523D
32523D
36543F
32513F
31503D
34523F
314F3E
334F3D
37523D
3B563F
415A3F
486042
486244
3B583D
435D3F
64774F
758658
6D7D4F
627448
566B41
5B7048
5D724A
5F7447
64774A
66794B
65784A
65784A
607045
5D6B43
707A56
7C7A62
7E775A
9C9E6A
A5B06A
A0AD66
9DA864
9AA562
9AA563
A1AB68
A1AA66
9EA764
9BA461
9BA461
98A168
9DA672
9FA876
8E956C
909571
969D76
92977A
90947A
979E7C
9DA57D
9EA77B
9AA27C
888F6E
979E78
9DA780
7C8B78
475A55
66776B
8D9978
8F9E78
8A9B76
819472
839774
84997C
52685F
41595C
485E5F
546963
647767
76886E
7E8D70
8B9879
96A180
959F80
7E8B73
78877A
68766E
8D9884
98A189
788370
7C8876
88917A
B9BCAC
F8F8F4
FEFEFD
FFFFFF
FFFFFF
FFFFFF
FFFFFF
FFFFFF
FFFFFF
FFFFFF
FFFFFF
FFFFFF
FFFFFF
FFFFFF
FFFFFF
FFFFFF
FFFFFF
FFFFFF
FFFFFF
FFFFFF
FFFFFF
FFFFFF
FFFFFF
FFFFFF
FFFFFF
FFFFFF
FFFFFF
FFFFFF
FFFFFF
FFFFFF
FFFFFF
FFFFFF
FFFFFF
FFFFFF
FFFFFF
AFBAC5
5A7184
5A7788
5A7681
5D7981
60797E
61797C
5C7479
5B7479
5B7478
557074
506C73
4A666D
577275
4F6B6E
486469
627C74
657C6F
647B73
4C6668
324E5E
355262
345062
375365
3C5966
365363
2C485F
365760
3A5E5D
416461
416362
3E6063
3C5D62
47676A
426265
426162
54716C
526F67
517066
4C6C61
577565
5D7967
607C66
678168
6B836A
567162
37524E
577164
4B6459
415F58
416056
426157
436259
416057
40615A
395B56
3D5F56
50715C
597A5F
507058
4A6A52
476750
466653
486757
4B6958
516C5A
5A715E
5B7161
485D59
3F5459
364D59
2B414F
384E4F
4A6158
485F53
4C6351
4A6450
45604D
44604C
415F4A
3E5D4B
3E5D4A
43624D
456250
456250
4A6754
4B6855
496654
486451
466150
445F4E
435D4D
4D6552
43594C
2A3D44
364A53
354852
2C3E4C
263944
293C48
344A4E
2A3F45
2B3E4A
293D43
3D544E
364E49
264041
2E4740
465E49
475F45
4B634A
4D634A
586E52
697C58
75865A
7C8D61
76865E
6B7B54
63754F
5B6F4C
516745
4A6243
486144
4B6447
435D43
314F3C
304E3D
31513E
31503C
304F3B
2F4E3C
2E4D3B
2F4F3C
30503C
31513C
33523C
33523D
33523E
35523E
33513C
33513E
33513D
34503E
35513D
38543E
415B41
4C6446
536949
4D6342
526A46
667B52
768455
6C7B4D
5E7148
596E47
596E47
566B43
546942
576C44
596C42
5A6D3F
607345
637648
5C7044
5C6F46
5E7149
757E5B
7E7C63
857F60
979B66
A2AD68
A6AF69
A2AB66
9CA763
9BA562
A1AA66
A1AB67
9FA865
9BA461
98A164
9CA66C
9EA771
9AA173
898E6A
8E9371
84886E
868A72
8F9473
939A77
959D77
A3AB81
989F7A
8D9571
9BA57A
9DA980
808F79
55675C
778771
909F7B
91A279
859772
7B906D
849774
7E9279
4A615B
3F5759
4D6261
566B63
607364
748670
839077
8E997A
959F7E
939F81
6F7C6A
687671
6E7B73
939D88
97A089
788471
838E7B
939987
C4C6BB
FBFBF8
FFFFFF
FFFFFF
FFFFFF
FFFFFF
FFFFFF
FFFFFF
FFFFFF
FFFFFF
FFFFFF
FFFFFF
FFFFFF
FFFFFF
FFFFFF
FFFFFF
FFFFFF
FFFFFF
FFFFFF
FFFFFF
FFFFFF
FFFFFF
FFFFFF
FFFFFF
FFFFFF
FFFFFF
FFFFFF
FFFFFF
FFFFFF
FFFFFF
FFFFFF
FFFEFF
FFFFFF
CAD3DA
5E7488
5C7888
5C7884
5A787E
5F7C80
627C7D
5F7978
5A7377
597376
587375
506C6F
4E6B6E
4E696D
516D70
456264
5D7874
667E74
5F7770
566F6E
375460
304E60
2F4D60
345264
365464
345263
2E4B61
345363
3A5D5E
3D615C
42655F
406464
36595F
446669
456668
446466
506F69
4E6D65
4F6E65
4E6C61
557264
5D7967
607B67
647F68
688066
5E7966
39554E
506C61
536D5E
466257
415F57
405F56
446459
426258
3E5D57
395A54
3A5D55
496959
597A60
537459
4D6E55
496A52
496953
466554
486656
4E695A
516B5A
617865
465D58
3E5657
3A5157
273F50
2B434E
475E5A
4A6155
4D6455
4F6554
425D4B
425D4C
44614D
3E5D4C
395849
3F5E4D
43624E
486552
496654
4B6854
496654
486552
486451
456050
445F4F
4A634F
4B6352
39514D
2E424E
2E4051
2F4251
243649
233741
33484A
30454B
2A3D4B
273A44
3C544D
344C47
2F4846
284140
445B4B
4C644B
4B6247
4E644A
5B6F53
5F7250
6E7E55
7D8D5E
728358
687953
61744F
5A6E4A
546945
4E6544
4A6243
486144
425B41
385541
32513F
304F3D
304F3D
2F4E3C
2F4E3C
2F4E3C
304F3D
31513C
32523C
32523D
34523C
36533D
36533E
314E3A
36533D
36533D
35523E
37533E
3A563E
3E5940
486043
506747
556946
61744C
6E8051
6D7E50
65764C
5F7249
5C714A
5A6F48
596E47
576C44
5B6F46
546A45
576D46
596D43
5E7345
5E7143
586E41
5C7249
5A6F4A
5E6E47
77815B
969482
8C8A66
A0A965
A6AF68
A9B06A
A7AE68
A2AB65
9DA662
9FA965
A1AA67
9FA865
9BA465
98A167
98A16A
9CA56F
9CA472
8E946D
8F9575
888D72
969C7C
888D73
8A9174
959C77
9FA87E
9AA27B
969F77
9EA97D
9CA87F
849377
627362
7E8F72
8B9C75
90A178
849772
7B8D6F
7F9273
7B8F76
50665D
465D5B
4B6261
516761
5A6F63
768574
849178
8B9679
929D7B
97A282
6E7B6D
697873
738073
949E88
95A087
7C8875
858F7E
959B89
D1D4CB
FFFFFE
FFFFFF
FFFFFF
FFFFFF
FFFFFF
FFFFFF
FFFFFF
FFFFFF
FFFFFF
FFFFFF
FFFFFF
FFFFFF
FFFFFF
FFFFFF
FFFFFF
FFFFFF
FFFFFF
FFFFFF
FFFFFF
FFFFFF
FFFFFF
FFFFFF
FFFFFF
FFFFFF
FFFFFF
FFFFFF
FFFFFF
FFFEFF
FFFEFF
FFFFFF
EAEDF1
667C8E
597485
5D7B83
5B797C
5D7A7E
617E80
627C7B
597373
597373
577274
4E6A6E
4D696D
4D696B
516D6F
405D62
5D7973
627D74
56716A
5A7370
3A565F
355362
304E60
325162
345463
2F4E61
2D4B61
325262
3D5F63
3D625E
3F645D
3F6460
32575C
406366
48696B
446566
54736E
537169
527168
4A6960
4F6E61
627E69
637D67
657E68
627B66
627C68
405D53
466359
55705F
476257
496659
456458
446358
3F5E56
406058
355652
365752
446658
57775F
54755B
4F7157
4A6D54
4A6B53
4B6B55
456453
4C6857
506B59
5C7461
49605A
3A5356
3C5458
304953
27414D
405856
435B53
486053
4E6654
465F4F
45604F
445F4E
415D4D
335147
385649
45624F
476450
4C6955
4C6955
4B6854
496654
456250
476252
415E4F
456051
4A6252
3E5551
32484F
31454E
324552
24374A
243745
2E4346
3B524C
2F434A
243746
354B48
425A4C
334B48
2A4341
455C4E
4F654E
4B6249
4A6145
596E4F
5D6F4F
687751
78885B
6B7B52
637451
5D714C
586C48
536844
4F6541
4A6240
4A6243
496244
405B41
32513D
2E4F3C
2D4E3B
2E4D3B
2E4D3B
304F3C
31513C
32523D
32523D
35513B
36523C
37543E
38563E
39573E
36533D
34513B
36533D
36523D
3B563F
415A3F
4B6445
566C4A
556A48
5F734C
708153
718150
617449
5E734B
5B7049
586E48
586D45
5C7147
5D7247
607348
576B45
4F6540
576C41
5C7242
607445
62774B
576C47
526544
66774C
6F7D54
6B7365
858E61
919C57
909D5C
9FAA65
A9B168
A7AF67
A6AE66
A0A964
A0A967
A1AA69
9FA869
99A165
959E65
9AA36C
A3AC73
9CA573
939A72
959B78
898D74
7B806E
7E836E
8A9074
9AA27C
A0AA7F
96A179
919C74
A0AA7E
9FAB81
818E73
677864
869874
91A277
90A177
7A8E6E
75886D
829473
849678
53685E
415858
4D6362
4B6160
566965
798876
7E8C74
869274
97A37D
95A284
6D7C6D
718071
7A8675
919B85
919E88
7A8472
8F9883
999F90
DEE0DA
FFFFFF
FFFFFE
FFFFFD
FFFFFD
FFFFFE
FFFFFF
FFFFFF
FFFFFF
FFFFFF
FFFFFF
FFFFFF
FFFFFF
FFFFFF
FFFFFF
FFFFFF
FFFFFF
FFFFFF
FFFFFF
FFFFFF
FFFFFF
FFFFFF
FFFFFF
FFFFFF
FFFFFF
FFFFFF
FFFFFF
FFFFFF
FFFFFD
FFFFFF
A3B0B8
546F80
5C7884
5B797B
5B7A79
607D80
5D797B
577472
587471
617B77
546F70
4D696D
4F6B6D
597472
476466
536E6A
637E74
4D6964
59736F
446064
385461
365363
345263
355462
395B64
2F4F62
345562
3E6164
3F6362
40655E
416660
3A605E
3A5F5E
476A69
466767
51716C
51706A
527169
4D6C65
4E6D61
617D68
6A826B
68806A
627A65
627B66
4F6B5F
435F54
5A7664
496556
456255
466556
476659
416055
46665B
3D5E57
355652
3F6054
54755E
58785D
507257
4D6F55
496C52
476851
486854
496756
506B59
5C765F
556E61
364E53
3F5759
3D565A
2C4650
375150
435C53
3F584E
4C6454
496251
476150
486351
47624F
3C594A
385448
415C4E
4A6551
4D6954
4D6955
486552
45624F
486553
466252
425E50
415D4E
486452
4A6155
2F434D
2A3E4F
253B49
293F4B
243949
2B4148
354E4A
33494A
283C47
2E4348
435A4E
3C534C
2D4445
435A4D
4F6651
4C624B
4F654A
586E4D
5F724F
6B7B52
7A895C
6B7B51
60724C
5F714D
5B6F4B
556A46
4F6642
4A6240
4A6240
4A6242
476042
3E5A40
32523B
2F4F3A
2E4E3A
2E4D3B
2F4F3B
31513C
32523D
35523C
35523D
36533D
38563E
39573E
3B593F
3A5840
37543D
35533D
314E39
3B563E
415A3F
516948
5C724E
596E49
60744C
697C51
6C7E50
6B7C4E
5D714A
5A704B
556B45
566D47
66794E
64784B
61764C
5C7046
576B43
5B7045
667A4A
677B49
5D7246
566C42
657A4D
6E7F53
778654
6F7B5A
747E66
87925D
818F55
7C8E53
839653
95A25C
A4AE65
A9B066
A9B069
A3AB68
9FA867
A2AB6A
A3AC6C
9CA568
959D68
99A26E
A1AA74
9AA273
939A73
878C70
858A74
8B9176
8B9076
898E73
969F7A
9CA67D
909B75
98A379
9FA97E
9BA77F
7F8E71
859673
92A377
95A679
899B75
798C6E
778A6C
889875
879679
5B6F60
405758
475E61
45595D
4E605F
708071
7B8A71
879574
939F80
929D85
6B7A6A
778375
838E7C
95A18A
949E88
818A7A
919A86
A3A899
EDEEEA
FFFFFE
FFFFFD
FFFFFD
FFFFFE
FFFFFF
FFFFFF
FFFFFF
FFFFFF
FFFFFF
FFFFFF
FFFFFF
FFFFFF
FFFFFF
FFFFFF
FFFFFF
FFFFFF
FFFFFF
FFFFFF
FFFFFF
FFFFFF
FFFFFF
FFFFFF
FFFFFF
FFFFFF
FFFFFF
FFFFFF
FFFFFF
DFE5E4
69808B
5D7985
5E7B80
5D7B7C
5E7C7B
5B7879
557273
54706E
637D77
5A7573
506C6D
4F6B6D
54706D
4E6A6A
4D6A67
658075
567168
54706B
4E696A
395761
3A5965
355364
325062
3A5A64
3C5E67
2F505E
3E6264
406562
446964
416661
39605D
3B5F5E
4A6E68
486B65
4A6B66
54746B
507169
4E6D66
4E6D63
607D69
6F886F
6D846C
677E69
617864
5A7266
3A564F
5E7A66
4D6A58
466555
466556
456455
426153
46655A
446358
3D5D55
3A5B53
52725E
5A795F
54755A
517258
486B52
476A50
476853
476853
4D6C57
5C765D
5E7762
3A5354
3B5459
465F5E
2F4852
35504E
4F6959
405A4F
405B4D
506C57
4F6A55
496451
47614F
455F4D
405B4C
455F50
4D6553
4F6853
4C6651
4A6754
44614F
44614F
476452
466352
405C4E
435F50
4E6954
4A6257
2B3E50
23374C
1E3446
263D4A
273F46
344E4C
334B4B
283D48
2E434A
41594E
41594E
293E41
435A4C
546B55
4F6550
4C624B
556B4C
60744D
768557
808C60
6F7D53
63734D
5F704A
5E704B
586D49
516644
4B6240
4B6341
49613F
465E3E
435D3F
3A573D
305039
305039
30503B
304F3B
30503B
32513C
34523C
36533D
38553E
39563E
3A583F
3C593F
3D5B3F
3E5B40
3A583F
35533B
37533D
3C573E
4C6645
536B48
546946
63774C
6F8054
6F8151
748656
677950
546A45
596E48
60764E
5B734F
556D49
4E643D
536942
586E48
596D45
607449
596D41
576B3E
627646
6B7F51
708453
708250
768453
828B65
828D64
849058
7D8B59
7C8D52
7C914F
839551
8F9D57
9EA960
A7B068
A8B06E
A3AC6B
9FA867
A2AB6B
A5AD6D
9CA56D
8F9767
99A26F
9DA574
969E71
929874
80856C
909678
8E9476
757A66
888E75
9AA47F
9CA77D
939E76
98A37A
9DA87D
98A67D
83946F
8FA077
93A477
95A57A
859672
74886B
78886B
839371
8A9A7C
637766
3E5453
465B62
4A5E63
4E605D
6C7D6F
828F76
88947A
95A186
8F9A84
768170
869280
8B9782
9AA48D
8F9885
8A9380
959E8A
AEB3A7
F8F9F6
FFFFFE
FFFFFD
FFFFFE
FFFFFF
FFFFFF
FFFFFF
FFFFFF
FFFFFF
FFFFFF
FFFFFF
FFFFFF
FFFFFF
FFFFFF
FFFFFF
FFFFFF
FFFFFF
FFFFFF
FFFFFF
FFFFFF
FFFFFF
FFFFFF
FFFFFF
FFFFFF
FFFFFE
FFFFFF
FCFCFC
8C9DA0
5C7882
607D85
607E80
5D7B7B
587677
537272
557371
607B77
5F7873
506A69
536F70
4E6C6B
557270
456262
5F7B71
5D796D
56736A
55716B
3F5C63
34535F
375662
335162
32505F
3D5E67
33555D
3D5F64
436763
3E635F
416661
3D6261
385E5D
436863
496D64
4B6F65
537469
507166
4D6F66
4E6D64
5D796A
6C8770
6C846D
667D67
627965
637A6A
3F5952
567163
53715D
456455
446454
426252
406050
436455
406257
3F5F54
426355
4E6D5C
597860
57775C
527359
4C6D55
486A52
486A51
466751
4E6E57
5A775D
5E775E
486059
2F4850
405959
385257
2C464A
4F6A59
4C6853
3D5B4C
4D6955
516D55
4B6751
46614D
4A6452
466151
435E4F
49614F
526854
4D6452
4A6352
476351
456150
456250
486452
405B4D
445F50
4C6752
567057
455C56
24364B
263B4E
1A313F
233C41
344E4A
36514C
31494D
2C434A
3D544C
475F4B
364E43
3E564E
4F6852
485F4A
546952
5A6E50
5F734B
728455
7D8B5C
707D54
63724C
61714D
62734D
5B6E48
546946
506543
4D6342
496140
475F3D
455E3E
405B3E
36543B
304F38
305039
30503A
30503B
30503B
32513C
36533C
38563E
3A583F
3C593F
3D5A40
3E5B3F
3E5B3F
3E5B3F
3A563D
3B5841
405A41
486244
536B47
536944
5F744D
708251
768753
778957
67794D
5B6D48
5C724E
5A704D
58704C
425B3C
3B5539
486042
4A603D
4B623F
5C714C
566B45
556C46
5E744D
5F7249
5E7246
647748
6F8053
717F53
889364
899562
88935C
85915B
899958
8A9A55
8A9A54
8E9E57
94A158
9CA75F
A4AD6B
A8B170
A4AD6D
9FA867
A4AD6C
A4AD6F
9BA46D
959D69
9AA270
9DA573
99A075
909779
868B71
8F957B
888D76
727762
828B70
9DA881
99A47B
919C75
98A379
9EAA7E
91A279
86976E
94A478
94A578
93A278
819270
718166
77886C
80906F
8C9B7B
6C7E6D
475A58
44585F
4A5E64
4F6261
6E7E6E
76846F
818E78
95A088
8E9984
7E8A78
879382
8C9681
97A08B
8C9584
8B9480
969E8D
BFC1BA
FEFEFC
FFFFFE
FFFFFE
FFFFFF
FFFFFF
FFFFFF
FFFFFF
FFFFFF
FFFFFF
FFFFFF
FFFFFF
FFFFFF
FFFFFF
FFFFFF
FFFFFF
FFFFFF
FFFFFF
FFFFFF
FFFFFF
FFFEFF
FFFEFF
FFFEFF
FFFEFD
FEFEFD
FDFEFE
B3BCBF
617C80
5F7D83
617E84
5F7D7F
587677
516F71
547170
577470
5D7874
526D6B
56716F
4F6C6B
516F6E
486565
5A766E
627C70
57726A
56736C
496767
35545F
355562
385964
32525F
405F69
3A5B63
3A5D5F
446964
436963
3F6360
406462
395E5F
416766
486C66
496D63
4E7365
507263
4D6F63
4D6E63
5B7968
67836E
68826D
657D69
637865
657B6A
476058
486259
5B7763
416052
426153
426353
3F6150
426352
406253
395C52
436355
4E6C58
5A785F
59775D
53745B
4A6B53
476951
4A6C53
486951
496A54
59765D
5F7C5E
57725F
334E50
3C5559
3B5558
294349
4B6558
526B55
435F4E
496652
506D54
4C6752
43604C
4B6753
486351
466151
405A4B
506754
516855
465D4F
476151
486351
435E4E
456050
435E4F
3F594D
425F4A
567255
577156
384D4D
273A4D
283E4C
203941
354F48
395549
37514A
2E4748
3D554D
48614E
4C664D
496350
48634D
3F5746
4E644D
5C6E50
6A7953
7C8B5B
7B8C58
6C7A50
64734F
61714D
61724E
5B6C47
536743
4D6240
495E3D
495F3E
475F3F
475F3E
445E3E
3C5A3D
35533A
304F38
305039
31503A
30503B
32523C
35543D
38563E
3A5840
3C5A40
3D5A3E
3D5A3E
3F5C40
3E5B3E
3E5C40
3F5B43
3E5942
455F43
546D49
566E47
62764B
6C804D
778854
7A8B57
68794D
5D6F48
5D714C
526947
465F40
465F42
3E5A3E
415C40
475E42
4B6244
4F6645
455B3D
465D40
475F3E
405736
455A37
5A6F48
617447
64764B
79885E
7C8958
7F8B58
8E9A63
919D5E
95A25D
98A55C
9BA75B
9AA65A
98A65B
9BA75F
9DA762
A2AB6A
A6B070
A7B06F
A1AA69
A0AA69
A4AE6D
9EA76D
959E6B
98A06E
9AA273
8E9671
868C73
767A69
8A9078
8A9076
7F896F
838E71
9AA47F
939E78
939E77
97A278
97A77A
8F9E75
889770
95A37A
95A478
92A178
7E8E6F
6D7F66
77876D
80906F
8B9B78
728372
435759
3E545B
41575C
50655F
72826F
778671
818F7A
8F9C85
84917C
788573
879280
8B9481
97A08F
8B9482
8F9887
959B8D
D4D6D0
FFFFFF
FEFEFE
FFFFFF
FFFFFF
FFFFFF
FFFFFF
FFFFFF
FFFFFF
FFFFFF
FFFFFF
FFFFFF
FFFFFF
FFFFFF
FFFFFF
FFFFFF
FFFEFF
FFFEFF
FFFEFF
FFFEFF
FFFEFF
FFFEFF
FFFEFE
FFFFFF
C6CED0
667A7F
607C82
638084
658184
5A7679
567274
526E6F
5A7674
5E7A75
506D6A
506D6C
516E6C
536F6E
486566
59746D
6A8475
58736A
58736C
4F6C6B
3A5962
355662
345663
345563
375962
426364
406163
466966
466A63
40655E
406560
406561
436764
486D69
466B64
4E7266
4D7162
4F7262
4E7061
587865
66846D
69856F
607D6A
5F7867
647A68
4E665E
405A54
5C7565
476456
466556
446354
3C5F4F
436552
416452
3A5F4E
416354
4A6A56
5B775E
5C785D
57755B
4D6F57
456751
456651
496A52
4B6A53
56725C
5B795F
5E7A60
456058
344F53
3E5758
2E484C
455D54
587058
496451
456251
526E56
4C6951
41604E
476451
4B6653
445F4E
445F4F
4E6654
526A57
445C4E
485E51
496050
486251
445F4E
486252
3E584D
3D574B
4E6A50
567351
4E684E
324B46
273D46
273F45
314C48
3A5449
3B5548
385347
3D584C
435E4E
4C6450
536A54
4A624F
445C4A
556C52
586D4A
6C7B52
859061
818B5B
748254
6E7D52
667551
61704E
596A47
546543
4F6240
4A5F3D
495E3D
495E3D
475E3E
465F3E
435D3F
3A573C
34513A
304E3A
314E3B
324F3A
34503B
36533C
3A583E
3C5A40
3B593E
3B593F
3E5C41
3F5C40
3E5B3F
415E40
415E41
405B41
445E43
516948
5D744C
5F7548
6A7E4C
7E9157
788A54
62744A
586C46
586C48
506542
465D3D
445E40
455F41
425D41
445D40
486043
455E40
41593B
3D553B
3A5138
3E543B
4A5F41
63764D
67784D
6C7F52
718355
65754E
677549
717F4E
798651
818E51
8D9A54
96A358
9DA95C
9CA85B
98A457
97A357
9BA760
9CA765
9FA966
A6AF6E
A8B16F
A2AD69
A0AB67
A1AB6B
9BA56D
949E68
96A06C
969E71
8D9372
7F8371
6F7265
8B9075
929A7D
848D76
8B9378
9CA682
949E79
949E77
95A077
98A47C
8D9875
869272
95A17A
99A77C
95A47E
7A8A6D
6F8167
738468
7B8B6C
849678
6E8373
475D5D
445B60
506765
7A8D78
80917A
6E806C
718270
81917A
7A8974
808C7C
909985
848F7C
919C8A
8E9785
96A08C
A2A89A
E4E4E0
FFFFFE
FFFFFF
FFFFFF
FEFEFE
FEFEFE
FEFEFE
FFFFFF
FFFFFF
FFFFFF
FFFFFF
FFFFFF
FFFFFF
FFFFFF
FFFFFF
FFFEFF
FFFEFF
FFFEFF
FFFEFF
FFFEFF
FFFEFF
FFFFFF
D5DADA
75878B
5B767B
5D7A7F
5F7D80
547073
567276
537073
587371
647F79
506E6A
56736F
4D6A6B
506D6C
4B6869
536F6A
698376
637E70
5A766E
577370
3B5A61
385863
365862
385966
2B4C5E
3C5E65
436462
496C66
486C65
426660
406560
3E635E
416660
4A6E67
496C66
4D7167
4F7266
4E7162
507262
577663
668269
66836C
5F7B68
5C7969
627A69
597164
3A5550
557063
4C685A
416055
426255
3F6153
3F6251
406451
3A5F4C
3D614F
486955
59765C
5F7A5E
59755B
4E6E57
466850
45674F
486953
496953
547059
5E7862
5B7761
536F5F
375355
355054
30494D
3D564F
5C745A
536C51
456150
4A6753
4F6C53
48664F
486550
496653
44614F
456150
496351
556C58
445C4E
445C4E
4A6053
485F50
465E4F
4C6553
3E574D
3D5549
526C54
567351
54714F
47634C
3C564C
2F4747
354E4A
3B554A
3D5749
3B5648
3F5A4A
47604E
4A634F
4C6450
435D4C
475F4B
596E55
607353
738155
858E5E
7E8859
778355
717F53
697850
61714C
5D6D4A
586946
526543
4D6041
4F6241
4F6441
4B6041
465C3D
445C3E
425C3F
39563C
33513B
324F3A
33503B
34513B
35523D
37553D
3B593E
3F5C40
39573E
39573E
3F5D40
405D40
3F5D3F
425E40
425C3F
476243
526B48
5F764E
61764B
738550
7F9158
738551
637747
566A45
566A46
516643
4A613F
4B6342
455E3F
415A3D
425A3F
486043
455D40
40583C
445C3F
465E40
455B3E
536748
627651
66774C
6F7F4F
6A7C51
5A6C47
5D6E4B
62724B
697A4C
707F4D
75854D
7C8A4D
7F8E4E
879552
929F57
99A657
9CA665
989F72
98A263
9DA863
9DA865
A2AD6C
A8B36F
A5B06B
9EA967
A0AA6C
98A369
929D66
9AA46F
939C70
84896F
747868
7E846B
8B9177
8D937C
838971
8E9577
9BA37E
95A079
929C77
98A37B
9BA67E
899372
869072
9AA67D
9BA87E
8F9D7A
778769
6E8065
718369
70826B
798D76
7B8D78
526763
546B69
64796E
768875
758974
4F655E
5D7269
77897A
798679
8B9683
86927D
7E8A7F
939D8B
929B84
979F8C
A8ABA2
EBEBEA
FFFFFE
FDFDFD
FEFEFE
FEFEFE
FEFEFE
FFFFFF
FFFFFF
FFFFFF
FFFFFF
FFFFFF
FFFFFF
FFFFFF
FFFFFF
FFFEFF
FFFEFF
FFFEFF
FFFEFF
FEFBFC
FFFFFF
E4E6E6
78878A
5C767B
567379
5F7C80
516E70
537073
536F73
567273
627C78
56726F
54716E
54716F
4A6767
4A676A
4C6866
678277
647E74
55726E
4C696A
405E63
385761
3A5A64
3D5F69
2E515F
315361
3F6161
4E7068
4A6E65
436760
40655E
3D635E
3C615C
496D65
496C64
507168
517368
4C6E63
507263
567663
648269
6B886C
5E7B67
5E7968
5C7869
5A7566
435D54
526E62
4C685B
436057
3F5E54
3B5D51
3B5F51
3C6151
395E4D
3F6450
436751
537158
617B5E
5C785B
4F6E58
456753
45664F
496A52
476852
506D56
617B61
5C7661
516C5F
45605D
3B5656
3D5856
38524C
576F58
577052
526C54
425E4E
4F6C56
4D6A51
496850
47644F
44614F
45624F
4A6452
4F6855
4C6453
425A4D
496152
435B4D
435B4E
465D4E
465D52
3C5448
506A53
5A7553
54724E
4C694C
425D4A
3C564A
3F584F
3C564D
3E594A
3E5948
425B4A
455E4C
455E49
4D6650
476250
46604B
5B7056
5E7053
717E56
868F60
7A8455
737E51
778356
6C7B50
65754E
5F6F4C
5C6D4A
576847
526544
516444
516343
4E6241
4B5F40
465E3E
435B3D
40593D
3A563D
36543C
35533C
37533D
38543E
39563F
3C593F
3E5C40
3D5A3F
3A583F
3E5C40
466142
466141
456141
46613F
4F6946
59724C
5D754C
5C7142
748852
7E9159
6D804C
5C7146
556A42
546945
4B6240
4B6241
4F6746
516947
4F6646
475E40
445B3E
435B40
3F583B
486142
496244
4C6342
576D46
5F7148
637647
6F7F52
637549
566943
596C4D
5C6D4B
637349
70804F
758451
74834E
77864D
78884D
79884C
7B8A4A
85924C
9CA66E
BEC2B1
99A078
9CA861
9EAA63
9DA864
A2AD68
AAB570
A6B06D
A1AB6B
A0AA6D
949F65
909B63
9BA571
8B926D
868B72
8C9376
878C75
959C81
949A7C
8A9072
979F7C
99A27A
909A74
939D78
9AA57B
9AA47C
899371
8C9775
97A57C
93A179
8D9B78
778669
6E7F66
778974
6D7F6A
7C8D76
7D8E7A
4E635C
445B5C
5D736B
728674
657A6E
4A605E
4B5F5F
627373
79867C
8F9B87
828D80
7E8A7E
8E9987
919B85
979F8E
ADB0A9
F1F1F0
FFFFFD
FEFEFE
FEFEFE
FEFEFE
FFFFFF
FFFFFF
FFFFFF
FFFFFF
FFFFFF
FFFFFF
FFFFFF
FFFFFF
FFFEFF
FFFEFF
FFFEFF
FFFEFF
FFFCFE
F6F6F8
919E9E
5E7678
5C787D
617E82
557374
557373
526F70
587375
5F7A77
5C7774
516E6B
567472
476463
53706F
476463
658076
637E74
4B6866
3E5C5F
3C5C61
3A5964
3B5B65
3C5C67
2D4F5E
2D515F
3F6164
4F7169
4F7167
436661
3E635D
3E645E
3D625D
466962
476B62
4D6F66
537269
4E6F65
506F64
567665
618069
6A866C
607C65
5C7865
5B7765
597466
49665A
506B5E
516D5D
436257
405F56
3E6053
3E6152
3E6253
385E4D
395E4B
456A51
507257
5D795D
5F795C
56745A
476A56
436653
496954
4A6953
4B6A52
5F795E
637B60
56705E
476260
365258
435D5D
3E5950
566F59
5A7353
546D52
435F4D
496451
506C55
4C6853
46634E
44614F
446150
45604F
4D6753
4B6553
445C4E
4C6454
445C4E
455D4F
435B4E
486051
3C5448
4F6852
597354
597453
506D50
446049
415D4A
435E4E
405A4C
375346
425C4C
455F4B
4A624E
4A634D
4D654F
4B624E
435B47
5E7257
647554
74825C
818D61
768154
727E52
768256
717E53
6B7A51
62734D
5D6D4A
586947
536545
506345
516445
4D6041
495E3E
475D3E
455C3E
425A3D
3E583C
39563D
37553D
37553D
3A563C
3C583E
3D5A40
3E5B40
3F5C3F
3E5C3F
3F5D40
415E3F
486341
4D6945
4E6945
536E46
587146
61784A
6B804D
7F925C
798C55
677A48
5A6F46
506641
526642
4F6540
4B6241
475E3F
465E3F
486141
4B6444
4E6748
485F44
3E563D
476043
486141
455D3B
5B714A
617548
697B4E
708151
68794B
647750
576C4A
4F613F
667750
748455
6D7E4D
748450
778653
74834E
75844C
77864B
79884C
7F8C4B
879255
888E6E
7B815E
99A45F
9DA861
9FAA63
9EA964
A3AE69
A8B26F
A7B06E
A4AD6E
9FA86D
939E66
919C65
9CA677
89906B
868D6E
7A7F68
8B9177
9AA181
9BA280
888E6E
989F7B
9BA57D
8F9974
96A179
9CA77B
9DA780
86936F
8D9C74
95A37B
95A37C
8D9B79
76866A
6D7F6A
758774
6B7C69
7B8C74
7B8E7C
4A605D
425A5E
586E68
788B7A
596D68
4D6269
475A66
596A6F
7D8981
8E9A8B
848F83
808D7D
8F9B86
919B87
99A091
BABDB5
FAFAF8
FFFFFE
FEFEFE
FEFEFE
FFFFFF
FFFFFF
FFFFFF
FFFFFF
FFFFFF
FFFFFF
FFFFFF
FFFFFF
FFFEFF
FFFEFF
FFFEFF
FFFEFF
FEFEFF
AAB4B4
607978
5E7C7E
607D81
557375
567474
4F6D6D
516E6E
607A78
617C79
526F6D
53706E
405F5D
506E6C
4A6763
617D73
637E71
4E6B67
466465
4C696A
436267
385762
3A5A65
325362
2B4E5F
385A61
4F7069
4F7068
446662
416461
426660
3E625D
446862
496C64
4D6F66
517367
4E6D66
4F6E65
587768
5D7A69
67846C
627E69
577362
5E7967
5B7665
536E61
496659
536F5E
456356
406054
3C5D53
3D6053
416553
3D6150
3B614E
40664F
4C7053
59795A
5D795B
5A775B
4F6F57
446854
486957
4A6A56
496752
587559
657E62
5D765E
506B60
37535A
314D59
354F51
506A58
5D7657
577153
49654F
3F5B4A
526C56
4A6652
405C4D
43604E
45624F
425F4F
496452
506A56
456050
4B6354
496051
475F4F
465F4F
465E50
3F564B
4C6550
597355
557052
506A50
47634A
49654E
48644E
435E4B
3E5849
405C4B
445F4B
4B644E
49634C
4F6850
51684F
4B634D
607358
677755
79865E
838E63
6E7D55
6C7B50
7B8557
788457
6C7B51
64764E
5E714C
566847
506244
4B5E42
495C40
495D3F
485D3F
485E3F
455C3E
41583C
41593D
3F593D
39553D
36543D
39553D
3C583E
3E5B3E
3E5B3F
3D5A3E
405D3F
446142
466241
4A6641
4E6A44
4F6A44
546F46
5C7648
647D4A
728850
809458
71844F
617647
596E44
516741
556A46
536945
4E6442
485D3C
43593C
465D41
415A3F
3F583D
3E563C
3E563C
3F583D
465E3F
4B623F
5D744B
5E7346
667B4C
6A7C4E
68794D
66794E
586A43
546542
65774E
6C7D4F
6A7B4D
68794C
6D7E4A
6D7C47
718148
77874B
7F8D4E
849352
8B9853
8F9C52
8E9858
8D955F
9BA662
99A45F
9BA75E
A0AB65
A2AD68
A2AC69
AAB370
A8B170
A4AD6F
9EA86E
909B63
8F9966
9AA478
888F6C
83886F
7E836C
868C6F
979E7C
99A07E
8D9472
919B77
99A47C
929D76
98A37A
9AA57B
9CA87E
919F75
96A479
99A67D
94A27B
8B9A78
74846E
72846F
758673
697A69
7F8F76
7C8E7B
49605E
3F575B
64776D
6F8376
4B6061
4B6170
405768
55686F
808F86
8D9886
859181
818F7D
889482
95A08D
9CA194
CACBC7
FDFDFC
FEFEFE
FEFEFE
FFFFFF
FFFFFF
FFFFFF
FFFFFF
FFFFFF
FFFFFF
FFFFFF
FFFFFF
FFFEFF
FEFCFD
FEFCFD
FFFFFF
CAD3D2
677F7C
5C7A78
607E81
547275
567475
537171
506B6D
5C7775
637C7A
536E6E
53706F
406060
496865
506D68
57746B
668172
546F68
486664
53706D
526F6C
446267
375761
395964
294A5B
31535E
4E6F69
527269
456663
3E6062
436563
436660
466963
476B63
4C6F65
53756A
4F6F64
4D6D63
547366
5D7A69
68836E
637E6B
587364
5C7767
5E7767
587363
4A665A
557261
436254
436356
406153
3D6052
426555
3C6150
3D6250
3E6450
476C51
537656
587858
58765B
527159
496A56
476957
4A6959
4A6856
537059
637D60
5D755E
536E5C
415C5B
2D4957
324C56
405A55
5F785D
556F54
4D6A52
415D4A
516C54
4F6A54
415D4F
3F5B4E
43604E
45634F
476351
4E6855
476151
496455
456051
455D4E
4B6451
4B6450
465F4E
445C4B
597354
587352
526C51
4A634D
4B664E
4E6B4F
48644C
435E4B
45604D
48634D
47634D
48644D
4D674E
4E684D
566C50
607355
687855
848D62
808B62
6A7A56
657550
7D885B
818A5B
707E53
63754C
5C704A
566A47
506343
4C5F43
475B3F
42563B
43583D
455C40
455C40
445B3E
405A3D
40593C
3E583C
38553C
37543B
3A563C
3D5A3F
405D41
3F5C3F
3F5C3F
456242
4B6643
516C45
577148
577248
546E44
5F7848
6B834D
738A50
7D9155
6A7E4A
5F7446
5A7145
546A42
556943
4E6441
455D3E
455A3D
44593B
455C3F
41593F
3B543D
39523B
39533A
3F573C
465E3E
586F46
677C4F
586F44
607648
64774A
66794D
607249
546742
5F7149
6E7F51
68794B
68794A
697A4A
6B7B4C
758550
849254
8B9956
8E9B57
909D57
919E57
94A057
95A158
98A35E
9CA662
9EA864
A0AA63
9AA45B
99A35B
9DA862
9FAA65
A1AA67
A6AF6D
A9B170
A2AB6E
9BA66C
8D9667
8F986E
9AA376
828969
848A6F
80866A
899071
959C7B
9BA280
7F886C
929C78
97A17A
8E9874
99A37B
9BA77B
9BA87C
93A074
97A479
9AA77D
95A37D
879677
71836D
6A7C6B
708271
6B7C6A
7E8F77
798D79
465E5D
445B5D
6C8074
5E746D
46606B
466271
3F5E6B
5C7372
899585
8A9686
859382
7F8C7B
818E7C
939C8C
9DA197
D9DAD5
FFFFFF
FFFFFF
FFFFFF
FFFFFF
FFFFFF
FFFFFF
FFFFFF
FFFFFF
FFFFFF
FFFFFF
FFFEFF
FFFEFF
FFFFFF
D8DFDC
718984
5D7A77
5F7D7C
527072
516F71
4F6D6E
506E6E
5A7878
678380
5F7976
4C696A
446364
446461
4B6A64
4F6D65
648072
5D786C
557169
52706A
516F6A
4C6968
395860
3A5A64
31515F
32535D
486A67
54746A
456764
3F6163
416364
436563
446762
476B63
4C7066
527469
4D6F65
4B6B62
537165
5C7868
637E6A
68836E
5B7566
597366
597364
5C7668
4C665A
597365
456456
416454
426556
3F6352
416453
3D6251
385F4D
3C624F
436851
547856
587A57
557658
4F6F58
496B56
456956
496A57
496857
506F58
617D61
5E775E
546D5C
4B665B
344F53
39535C
3A5453
5D7661
557058
4A6752
44614E
4F6C53
536F55
435F4E
435F51
435F50
44614F
44604E
496452
486352
476253
476153
435D50
456050
48614E
4B644F
465F4B
556F54
587353
526C4F
506A51
4C6550
4D6851
49654C
48644C
48634D
47634C
47644C
4A664C
526C51
506A4F
556D4E
5F7453
6D7D57
858F63
7D885F
687756
5F6F4F
7E885D
828C5E
6C7B50
5F714A
5E734D
546A46
4E6343
4D6043
4A5E41
44593E
3F553C
40563C
40583D
3F573C
40593D
425A3D
40593C
3E583C
3B573C
3A573C
3D593E
405C3E
435E40
456142
476242
496442
516B45
5B7449
5D774A
5C7546
657E49
738A4F
7C9355
768D54
687D49
5B7144
546A42
4E6740
4F6641
495F3F
3F573B
3E563B
3F563B
44593D
3D543B
334B37
344D39
3B543C
445B3F
4F6541
63784B
667C4E
536A40
5D7346
63794A
627649
576B44
5C6D44
6C7D4F
6C7E50
637446
6D7D49
76854D
7E8D52
849359
7D8C56
7D8B53
7B894E
7D8A4E
7E8C4E
7F8E4E
869450
8E9B56
939E5B
949E5C
97A15E
A2AC65
A2AD62
9CA75C
97A15A
98A35E
9EA863
A3AC69
A7B06D
A9B271
A3AC70
9DA872
8D956C
90986E
959E74
7B8161
848B6D
7D8369
7D826C
8D9476
939D7A
919B76
949E7A
949F79
899371
96A279
9BA87B
99A679
919E72
95A277
9AA77D
98A57E
829374
70816D
70826E
6C7D6D
667867
7C8F78
7C8E79
495F5D
495F5F
73887B
5B736D
4F6B70
4B6A72
4E696F
70837B
899886
8A9786
8E9A89
839181
808C7E
969F8E
A5A99D
E0E0DD
FFFFFF
FFFFFF
FFFFFF
FFFFFF
FFFFFF
FFFEFF
FFFFFF
FFFFFF
FFFFFF
FFFFFF
FFFFFF
DEE5E3
799088
587671
5D7B79
597677
547273
4F6D6E
4F6D6D
587676
638181
607C7A
577471
476668
406060
4D6B66
506E64
617D6F
5E7A6B
567368
567369
547269
516E69
3F5E61
3B5C63
2F4F5D
2F4F5B
4B6B69
55776C
486963
416262
436564
466966
426562
456862
4C6F65
4F7268
4B6E64
4B6D62
547366
597466
637E6A
637E6B
5D7868
597466
567263
5C7669
466157
5B7467
4C675E
406153
406353
3E6352
406553
3D6252
3A604F
3E6452
3E644E
517558
597D59
537655
4E7055
476955
466955
486A57
476855
516F57
607D60
5F795F
556F5A
516B5D
345150
3B5658
3B5353
566E5F
59725C
4A6554
456353
4A6751
577459
45624D
435E50
425E51
415C4E
44604E
496453
486252
496354
445E52
3F594F
435D51
486351
4A634F
425C4A
4E674F
5A7555
556F51
506A4F
506A50
516A53
44604A
46624B
48644E
46624B
49654C
4F6B4F
526D50
516B4D
5C7452
647A57
697C54
7E8B61
77835B
667553
657450
828D65
818C61
6B794F
61734A
5B714B
536A47
4B6444
495E41
465A3F
45593E
41563C
3C533A
3C523B
3B533A
3C543A
3D563B
40573B
415A3D
405A3E
405A3E
415C3F
425E40
445F3F
466040
496342
4C6743
4F6A44
597247
607949
667F4B
718950
7C9455
809658
6E864E
5D7443
586F41
566D41
526B43
506944
48603F
41583C
3D553C
3D553C
43583E
42583D
41583F
3D553F
37503B
40573C
5B7046
6F8353
6E8250
607446
63794B
657A49
65794A
5B6E40
697B4D
748554
72834E
76854D
819057
89975C
89975D
7B8B57
6B7A4A
687748
697749
697947
6F804A
76854B
7A8A4E
808F51
849152
828F51
859052
869252
8C9853
949F57
9DA95D
A3AE62
9FA962
9BA561
9FA865
A4AD6A
A6AF6C
AAB372
A4AE72
9BA573
8F986B
97A074
9CA47B
7B8261
6E735E
6C6F5F
7D836B
8E9877
98A27F
8B9672
8C9573
949C7B
89946F
9BA77C
9DAA7B
9BA87B
929F74
93A075
99A67A
97A67E
859475
778770
738471
687A6C
697B6A
84957B
80937D
4E635C
4E6561
6F8679
5A736C
48666F
47666F
5C7575
7D8E81
859283
919E8D
929F8B
828F7F
859180
979F8F
A6A9A0
E7E7E6
FFFFFF
FEFFFF
FEFFFF
FFFFFF
FFFEFF
FFFFFF
FFFFFF
FFFFFF
FFFFFF
DFE3E5
7F938E
5F7D75
61817D
587777
567476
527070
52706F
597777
5F7D7C
5D7B7B
557374
496668
416163
4B6966
567367
668375
5F7A6A
597566
567367
557268
54726A
496867
3B5B61
345560
2C4D59
446466
57756E
4C6D63
446662
456764
486B66
456864
446862
4B6E66
517368
4D7067
496C62
507064
5B7868
637F6C
67826F
5A7566
577165
587264
5D786A
49645B
4A665E
4B665C
44615C
446559
3E6152
3C6151
3C6252
3A5F4F
3C6351
416650
4B6F55
597D5C
537756
4C7053
466B53
456955
4A6B58
4A6B57
4D6D56
5D7A5E
627C60
58715B
546F5E
456058
304E51
3F5957
526A5D
5E7560
4D6755
486456
466451
577459
4B684F
446051
455E51
435B4E
455F4F
4A6552
496452
476253
425C50
425C52
405A50
435E4F
4A6450
4B644F
445E48
567053
567151
536C4F
556F52
536D52
4B644D
4B664F
48644D
45614A
49654B
4F6C4E
526D4F
567052
577050
617852
6A7E55
7D8E64
6F7D56
697551
74815A
859167
7E8960
647450
5C714C
5A714C
556D49
496242
445E3F
435B3F
41563C
42573D
40553B
3D543B
3D543D
3B533C
3D563C
3E573B
3F573B
415A3D
425C3E
445E40
466141
486242
496341
496340
4C6641
546E46
5D7749
637C4A
6A824C
728A52
7D9458
778D52
698049
607948
5A7447
556F41
4F663B
486039
455E39
405938
3B5236
3B5338
3D5339
3F543B
3B5239
3D543B
3D5439
445A3B
5D744A
738653
6B7F4D
5F7546
5F7244
6C7F4B
697C49
6A7D4B
738553
74864D
78884D
84955B
8C9B5E
8A9759
7A884E
6D7C47
617244
66774C
6C7B4E
6D7E4E
6E7F4D
70814C
77864D
7B8B4F
79884C
77864A
7B8A4E
818F52
849354
879552
8C9A55
919F56
98A558
A0AB60
9FA865
A2AC69
A5AF6C
A4AD6A
A3AC69
A9B373
A4AF74
9DA774
919A6C
979F74
9AA37A
798064
737865
838872
838973
838C73
959E7C
909676
878D70
929C78
889469
99A579
9BA87A
9CA97C
95A277
97A479
98A57B
92A17B
7F8F71
74856F
6F8170
677A6C
6B7E6C
839378
849780
526860
546B66
718977
486467
456470
5B7576
687C76
829285
808D7D
939F8C
95A18F
82907F
889483
969E8F
ACAFA8
EFF0EF
FFFFFF
FEFFFF
FFFFFF
FFFEFF
FFFEFF
FFFFFF
FFFFFF
D4D9DB
7C8C8C
5E7D77
5E7E79
577876
4E6F70
506F72
506E6E
577574
5E7D79
5A7876
547373
4A696D
416164
446564
4F6E64
658271
5E7D6C
597667
5B7868
5D796A
567468
4B6A66
3C5D61
365961
2A4B57
426264
56766E
4F6F68
476862
446762
476A65
456863
426661
486C64
507269
4D7065
4B6D63
547468
577566
5F7C68
6A846F
607B6B
587265
546F61
5B7668
516B5F
4B655D
4A665F
405D59
43615C
3C5D54
3E6253
3B6051
395E4F
3D6353
3C614E
476A4F
577A5A
547758
4F7255
466B51
456954
4A6A57
4A6B58
4B6B56
59765B
617C60
59735C
58715D
4B675B
34514E
395654
476054
5F775F
536A56
4C6657
466152
567259
546F56
496651
435F50
476051
4B6251
4F6755
496351
466150
466150
435D53
455F54
435D50
486150
4A6250
455F49
577054
577151
567151
566F51
577152
516B50
4A634D
4C674F
4A664D
4A654C
506B4E
567151
557051
526B4D
5D7452
6B805A
74875D
687950
697852
818A61
8E9567
768258
617251
5B6F50
4C6545
475F41
496243
476043
425C3F
41593F
40573D
40573D
3F563D
40573E
41593F
3F583E
3D573C
415A3D
425B3E
415A3D
415A3D
456041
4A6542
4C6643
4D6742
4F6842
567047
60794B
667E4A
6F874F
778E54
748A54
667D4A
5D7545
607849
5B7549
546D43
526C40
4D653D
4D643E
4A6341
465F3F
445C3D
445B3E
455B3E
3E5439
3F553A
44593C
526742
6B7E4F
768A53
6C804B
596F42
50673C
677A4C
738651
6E804C
6E804B
768953
81935A
87975B
7B8C51
77874E
76854E
70804C
6F804D
6F7F4D
6F804C
71824E
748550
73854D
77884C
78884B
76864A
79894B
7C8D50
7D8D50
7E8E51
7F9052
809051
80904F
829350
869651
899952
8F9D5B
93A161
97A464
9FAB69
A2AF6B
A2AF6A
AAB773
A3AF70
A4AD76
868E63
96A174
9CA57B
7E8667
80896E
7E816F
707767
919879
9A9E7C
7F836A
979F7A
929D74
8F9B72
9CA97C
9AA77A
9DAA7E
95A277
93A177
93A27B
8A9A76
7D8C71
758672
697B6C
63776A
6B7E6B
809276
81947E
586D6A
6A826E
6D8577
486267
5E7478
5E7473
73867E
879387
828F81
97A291
8D9A89
778679
869485
9AA194
B7BCB6
F3F6F2
FFFFFE
FFFFFF
FFFEFD
FFFEFF
FEFDFF
C1C9CB
6D8381
617C78
5D7D7A
547475
4C6C6D
4D6D71
506E71
5A7877
5B7976
5C7A77
597875
4C6C6D
416166
446667
496965
5C7B6D
62816D
597966
587867
597867
597866
4D6D64
3C5D60
375962
294E57
3E6162
5A7A70
4F7065
43655F
436660
446761
446861
436661
476A63
4E7066
4E7065
4D7063
4F6F63
597667
607C6B
66816E
617C69
577263
5C7665
5D7966
567265
425E51
516B5E
415D57
3D5D58
3E5C57
3C5D56
3D6053
3B6052
3D6155
3F6353
476A55
587A5C
587A5A
4E7156
456951
426650
466856
486956
4B6A55
57745C
637D60
5C765B
56705A
557060
365352
3B5955
3D5A4E
5E795C
566E54
4F6854
4D6755
546D5A
59705B
4B6450
476250
435C4D
496250
536A57
4C6352
476251
4A6555
496456
3E594F
405B4F
425B4C
4D6654
415A4A
546D56
597256
556E4F
566F50
5A7353
556F51
4F684C
4E6950
4C694D
4D684C
546E51
587154
5A7356
4E6749
5E7253
677A58
697B57
62734E
6D7D53
889163
8B9264
757F54
65724B
566949
4C6446
435D3F
415A3E
3F583D
3F583D
3E583E
3E563E
3F553E
415741
425941
425A40
41593F
3E573C
405A3F
445E41
466042
465F41
455F41
476240
4E6845
536C47
5A734B
637C52
637C4D
6B824E
728851
778E55
708751
607747
597043
61794B
5C764A
516A44
4F6742
4A633E
4C6442
4C6542
425B3C
3F5838
455E3D
455D3C
445C3B
475F3D
526742
63774A
748854
798C56
6A7C49
637648
5F7446
677D4F
728455
6E804E
768853
83945F
7F905C
6D7E4A
677843
687743
708048
768750
768750
778852
798A52
798A51
788A51
788A50
798B4D
7A8D4C
7C8F4D
7D9150
7D9150
798D4E
74884B
72854A
6F8349
6D8148
6B7E45
697E45
6B7F46
6D8147
6D8146
6F8248
73854C
798B4D
7F9151
889855
90A159
96A75D
9EAC6C
9EA974
859162
98A36E
9AA571
808A62
969981
7A816C
878D73
939779
979B7D
969D79
9BA57E
8F9974
919E74
9DA87D
9DA87D
9BA77B
93A075
95A47A
93A37B
8C9B7B
839379
73846F
637766
5D7262
6D7E6A
7F9076
889C86
63796B
6F8674
728A7E
4F656B
607579
5A6D71
7E8D86
859587
8C9788
939F91
78877F
74857D
8F9C8B
919C91
B0BAB1
EEF5EE
FEFFFD
FFFDFD
FDFCFC
B7C0C0
667C79
647E7D
5C7A78
57787A
4A6B71
4D6E71
4C6C72
5B787A
5D7C78
5E7C77
537372
4C6C6F
416167
406267
436565
55746A
62816F
577766
5C7C69
587767
547364
537366
3D5E60
375863
274B5A
385C5F
57796F
4E6F66
43655E
446860
436860
436862
416660
476A64
4E7067
4D6F64
4C6E62
507267
547465
5D7A67
69826E
607A6B
567064
617B67
648067
627D6B
3E5B55
556F5D
4B6759
405E58
3E5D58
3F5E59
3C5E56
3E6054
406455
406355
426552
54745A
5A7B5C
527359
466953
40634F
446852
466955
496955
57745A
627C5F
5B755B
557259
57725E
415E59
385556
3B5951
577559
587557
4B6550
4F6855
536C56
5D765C
516A56
466150
445F4F
475F4F
546C57
4F6555
455D50
455F51
466153
405A4F
435E52
425B4D
4C6453
465C4B
526A52
5A7357
587154
556E4F
5E7754
587252
4D694C
4F694C
4F694E
506A4E
577053
5B7154
5E7659
496449
546B4D
6E7E5C
5F7151
5B6C4A
768357
8E9766
899061
798257
6A774F
63724D
57694A
4D6545
486141
445E40
435B3F
41593F
405840
3D553D
3D553D
40573F
415942
445C42
445C42
435D40
456042
486345
4A6445
496244
496243
516B47
566F4A
5B734D
647B51
657C4F
6A814E
728850
758B54
69804E
587145
556D44
647B4D
5C754A
516B45
4F6946
465F40
425B3D
3E573A
3C5537
3F593B
425B3B
445D3C
4A6240
4B633F
526940
687C4C
7C8E59
738652
667A49
667A4B
6E8151
748754
758755
748453
7D8C59
82935E
768756
697A4A
73834D
818F56
87945B
86955A
839258
819057
809056
7C8C52
7A8B52
7C8D52
829355
849653
819351
7A8F4E
74884B
6D8147
677C46
657944
627743
5F7543
5D7342
5B7141
5B7142
5B7243
5D7342
5F7542
5E7543
5F7544
647845
687D47
6C7F49
70834A
75884C
7A8B51
84945B
8B995F
8B995D
9CA968
99A36A
909574
8F9578
7F866B
8C9175
999C80
969C7B
949E77
929C78
8F9A73
95A076
9DA87D
9FAA7F
9CA97D
94A378
94A47B
95A47F
8B9A7A
808F72
697C67
5A705F
607362
6E806A
7E8F74
899B82
677D6B
778B7B
7C8F7F
55686A
67797A
607173
83938A
889587
8C988A
8E9C8B
7C8D81
7C8C81
909E92
919D91
AEBAAE
E9F3E9
FCFCFA
AEBAB5
697F7A
647F7D
5F7B7B
5A7778
4C6D72
486A71
496A6E
547578
587776
5D7B76
567573
4E6E70
43636A
436469
46676A
4D6D66
638172
597968
59796A
587868
547465
537266
476764
395A63
2B4E5E
2F535B
51746C
51726A
43655F
446761
456960
446860
426761
456A62
4B6F66
4F7166
4F7265
4F7266
507164
5D7B67
67816B
637D6A
597465
5D7667
647D66
617D6C
3B5853
4E6A60
547061
46635A
44625C
42605B
3E5E58
3E6056
406454
406556
416553
51725B
56765A
527358
4A6D57
416451
436550
456852
496954
567259
637C5F
5B765A
537058
56725C
4B685D
345255
375453
506C57
5F7B5A
4C6950
4B6754
526B52
60785C
546E54
47614F
425C4F
425C4D
556C57
556D57
4B6351
455D50
435D51
405A4E
415B50
3D584D
4A6355
465D4C
556D54
5F7858
597254
577052
5C7555
5B7453
4F6B4D
4F6B4D
536D4F
536D4F
587154
5A7354
5F7455
556C4E
576E4F
6A7D5A
697955
596945
859367
869366
728157
6A7850
68764F
687750
657551
5D6F4E
546B4A
4E6846
4A6344
455E42
425A41
405842
405840
3F573F
415940
425A41
455D43
465F43
466142
496443
496444
4B6545
4E6847
556E4B
59724D
556D48
5D754D
657C50
697F51
718753
6F8752
5F7747
5B7246
5F764C
627A51
577047
4F6944
4B6545
445E40
3D573C
3F593E
3F593D
445D40
486141
465F3E
465F3C
4F673F
5D7246
6E824F
788B57
6D804F
637647
637649
6B7E4E
6F814D
788853
809059
879660
85945D
7A8A53
7D8D57
869561
83925A
7E8D53
7E8D52
7B8A4F
79884D
7F8E50
859456
88975A
86965C
809159
788B52
70844A
6A7E45
647943
607642
5D7242
597041
586E40
576E41
556E41
536C3F
536B40
536B41
546D42
546D42
526B41
526A40
566D42
5C7246
5E7446
5F7445
617647
667A4A
697D49
6C8049
75874D
7F9154
899858
909E60
8E996C
889067
939A76
979C7C
95997C
979D7C
9BA27A
99A17A
929C74
8E9970
909B73
98A379
A0AB80
9CA97D
93A277
95A57C
94A37E
8A9977
7A8B70
677B67
5F7461
657965
70826A
809073
899B7F
768970
80937B
7E907E
697974
647678
667677
87958B
869384
8E9C88
919F8A
7D8D7F
829285
95A194
93A194
AFBDB0
AEBBB4
677E75
6D8782
64807F
5A7778
557374
4E6F73
496B6E
547677
587A78
5C7C79
577674
4D6C6E
4A6A6E
426368
486A6B
4D6D67
648375
5A796A
597A6D
547466
557566
517164
486862
3A5B60
2C4F5E
2B4D5A
52736D
54766C
456864
446763
446761
456960
446960
456A63
4B6F66
4D7065
4C6E63
507367
517164
597665
6A846E
657F6A
5E7966
607A68
667F68
6A8371
3E5954
4C6862
536F62
416058
41605B
405F5A
3E5E58
42635B
416557
426655
406452
50725A
56775C
517258
4B6D56
426553
426552
496A54
4A6B52
537156
647E62
5E785C
547158
56725A
56725E
415E5A
375456
496558
617C5D
577253
536E56
536E56
617B5F
577156
49644D
486452
415C4E
4D6554
59715B
4F6853
4F6754
486151
435D51
456055
3E594F
445F52
46604F
526A54
5E7758
5F7958
5A7355
5C7555
5E7855
546E50
4E694C
577252
597253
597253
57704F
5B7351
617755
617654
718059
818E63
798960
87966F
7D895D
64754E
596D4B
5C6F4C
62734F
63744F
5D6F4D
526747
4D6444
4B6544
486043
425A41
3E563E
3D553E
3D553D
405840
445C43
465E44
486044
496344
4D6848
4C6745
4C6744
506A46
546E49
56704B
566F49
627A51
6A8257
687F53
6B8053
697F4E
5F7746
5E774A
5D764F
4F6846
455F3C
4A6443
465F41
3E593F
3D583F
405B40
3E593E
3F5A3E
445D3F
486240
4E6843
576F44
697E4E
7A8E5A
768A55
677C4A
637849
697C4F
738556
7F8E5C
839360
7C8C59
83915B
8B9860
8A995F
8B9962
86945B
859359
839155
839255
859457
8A995C
909E62
909F62
87975A
7C8C53
6F804B
667846
617544
5E7443
5A7142
566D40
51693E
50673D
4E663D
50683F
50693F
4F693F
4D673D
4B653B
4D663D
4C663F
4A643D
49623D
4B643F
506941
536B42
556D43
597045
5C7248
5B7246
5A7141
5C7240
617642
687C46
6E8049
72844A
7B8D55
86965E
8F9B68
9AA275
979D76
9CA27C
A0A77D
A1A97C
969F76
949F76
8C9770
96A178
9CA77C
A1AC81
97A579
93A278
96A37C
94A17C
8A9877
78896E
677B65
5D735F
5F745E
6E8165
829373
90A183
7B8B73
88977F
859583
728278
617373
6D7E7A
88968A
859384
8C9A86
8F9D8A
829080
859183
96A497
96A497
6B8274
6E8779
6E8882
5A7777
4E6C6E
4E6F6F
4C6E6F
517372
587976
5D7E7A
567775
4A6A6C
49696C
44656A
47676A
496A67
628174
61806E
59796C
4F6F66
557569
557568
4C6D65
3E5F63
335461
2A4C5A
496A66
57786A
486A64
426562
446764
446761
446860
476B63
4C6F66
4C7066
4C6E65
4F7167
4F7064
587564
69826E
68816C
5D7866
5E7966
667E67
6C856F
456059
4B6761
597465
426058
3D5D59
3D5E59
3D5F59
416359
416358
436759
416654
4F7259
58795D
53755A
4D6F57
456853
406351
476855
486A52
506F52
64805F
607B5F
58735A
58745D
58745D
526F5D
3D5756
456057
617C60
5D7758
597455
5E785A
607B5C
577256
4B6750
4B6751
476351
456151
58705D
4E6654
526A56
4A6350
466050
476153
415B4F
425C50
4C6552
556E56
5F785A
597254
5B7454
5A7354
5F7957
597353
4F694B
587252
5D7553
5D7553
5D7553
5F7552
667B57
657854
74825A
8B9467
959E6F
869367
718059
687954
5E7352
5A6E4D
596E4A
576C49
546948
4C6344
455E41
465F42
445C41
425A40
415941
405841
415941
415941
435B43
465E44
475F44
4A6345
4B6546
4B6644
506B47
57724B
5A744D
58734A
556F47
5E774F
6A8256
647C4F
677F52
677E52
60774A
657D4F
5E764A
46603F
344F38
425D43
405C41
3C573E
38543D
3C573F
3E5A3F
3D5A3D
3E5A3B
45603E
4F6943
647B4E
7B905C
7F925D
748853
6C804E
6A814E
778B58
7B8D5E
829161
899662
7F8D5A
7B8A59
83915D
8C9A62
8D9B61
89975C
8A985D
8F9D5F
94A161
97A463
93A160
8D9B5C
849356
76874E
6D7F4A
667947
5F7345
5A6F42
566B40
536A3E
51693E
4F673E
4D673F
4D663F
4D663F
4D663F
4D663F
4D673F
4D663E
4C653D
4B653D
49643E
48633D
4A643F
4A643F
4A643E
4D6640
4F6842
526A43
556C43
556D42
5B7144
607648
617749
637949
667949
687E47
6F874A
778E4F
7E9255
8A9960
98A36E
949E6E
97A172
9EAA77
A2AC7D
969F75
96A177
869168
8C976F
9BA67B
9DA87D
97A479
97A37A
9AA67E
95A17B
869574
75876B
5F745F
506658
536A59
677C65
7B8C71
899A7B
7B8B73
88977D
8C9A84
79897D
677976
798A80
7E8F83
7D8D80
8F9D8B
929E8D
818E7E
869487
97A598
738775
778E7B
5B7770
4E6C6D
4D6D6E
4C6D6D
4F716F
5D7D78
5A7B76
577876
45686A
436569
436469
44666A
486868
5C7C71
61806F
5D7C6D
557569
4F6F66
57766A
507169
406261
345561
284A59
456663
5D7C6B
4C6D63
456764
446765
446763
41645E
44685F
4A6E64
4E7066
4C6F65
4B7066
4F7165
577465
6B8372
687F6B
5D7763
5D7865
627C67
6F8770
4F6A60
44605B
5E7969
48655A
42615A
42635B
41635B
40635A
46685B
44665A
416556
4F735A
587B5E
55785B
4D7058
466954
446754
476855
466652
4C6C52
607E5B
617B5C
57735C
58745F
536F5D
55715F
4B675B
425E56
607A61
627C5C
5A7556
5D7856
5F7A58
5B7759
506D54
4B6851
4A6853
486351
57705C
4E6856
526B58
496251
465F4E
476251
405A4E
405A4E
536B57
556D56
637B5D
597254
597254
5D7656
5E7756
5C7656
536C4E
587251
627954
637954
627853
627853
647A55
657853
77865C
8F986A
929A6A
7C885D
6B7750
63714B
5D6D49
586A49
5E6F4D
5F714D
546948
496244
466043
455F42
425C3F
425A40
405840
3E563F
3E5640
3F573F
405840
465E44
496244
496245
4C6548
4B6646
4C6844
56714A
5B764C
5E774D
607A4E
678052
647D50
5C774C
647E51
657D50
61784B
637A4D
576F47
566F48
415A3E
496347
405A41
3A563E
37533E
3B5740
3F5A41
415B3E
425D3C
49633D
576F44
6A8050
7B8F59
7C8F5A
728653
718552
7B8F5B
81945F
7F915F
6E7F53
7F8E5D
919E68
97A36B
94A069
8A985F
86945B
87965B
8E9C5E
96A362
97A564
929F5E
889759
7D8C52
71824C
6B7D48
687B48
657947
5E7344
566C3F
50673D
4E643C
4B633B
4A633A
49623B
48623C
47613B
47613B
47613B
47623C
48623D
4A633C
4B643D
47613B
455F3A
47613C
48623C
48623D
47613C
47613C
4B6440
4E6742
506942
526B43
566E44
5B7146
5A7044
5A7143
5F7547
637C47
658045
6C8748
728A4D
758C4E
7C9052
849459
93A26B
9BA871
9EA974
A3AC7E
9CA57A
9DA87E
838E66
8C976E
9BA67C
9DA87D
9AA67A
9CA97E
9AA77C
95A279
869673
6D8068
4A5F5E
455C5E
576D63
6B7E67
7A8C6C
8B9B7A
798A73
86967C
8D9C82
80907F
6D7E75
798981
7B8B80
7E8C7C
8C9A88
8F9C8A
818F81
879589
708677
5C7570
4C696B
557171
557370
52716E
5E8079
5D7F78
547673
476A69
436769
446669
436567
466868
58776E
608072
5A7A6B
57776C
557569
56766A
53746B
456765
3C5E63
254757
3E5E5F
5E7E6E
506F64
456562
436564
426662
40645D
43675E
4A6E65
4C7066
4A6E64
4D7166
4E7065
527264
6A846F
6D8471
607867
607966
657E68
69836D
4D6960
425E57
5E7A6B
44615A
3C5B57
47665C
46685A
45675C
43675B
42655A
416557
496E58
567C5E
567C5D
4D7158
486E57
446854
456854
486954
4B6A52
617F5E
607E5B
5A7659
55705E
536F60
4D6A5D
49655C
496357
5E7961
688160
5E795A
5E7957
627D57
5E7B57
4E6C52
4B6752
486451
486553
526D58
4B6656
4E6755
4E6955
45604F
496250
486250
445F4F
516A58
546C54
657C5F
5A7255
5A7356
5B7454
627B58
607A57
5A7354
617957
607954
637954
647954
627853
627752
667A53
7A875C
8C9465
879264
768458
6D7D55
697853
63714D
606F4B
657550
617250
556A49
4B6345
455F42
435E41
455F42
445D41
425A40
405840
3F573F
3F573F
40583F
415940
465E43
496245
4A6345
4D6548
556F4B
5A754C
5B764C
5F794D
667E51
6B8254
678051
5C764A
5C764B
617B50
5B754B
60794E
58724A
48623F
4B6543
4F6949
405C40
39553E
37543D
39553D
3B573E
3E5A3F
48613F
546E42
637A48
748A53
7E925A
788C55
768A54
80935D
849661
829461
7D8F5C
748655
7B8A5A
96A16C
99A56C
929F66
8F9D62
939F61
97A364
9AA665
96A562
8E9D5B
829355
798A4F
6F8149
6A7D48
667946
617544
5D7243
586D3F
536A3C
50673B
4F663C
4E653D
4B643C
49633D
47613B
48623C
48623C
49623B
48623C
48623C
49633D
4B643D
4C653E
48623C
46603B
455F3A
46603B
46603B
455F3C
47613D
47603D
49633E
4B6440
4D6541
4F6741
51693F
566D40
5C7345
607648
5E7747
5D7947
67814C
70874F
748A4E
788D4F
7D8E51
86955A
8D9C62
97A66B
A0AC78
A5AE80
9EA87D
9BA67C
859068
949F76
9DA87E
9BA77A
9CA97B
9BA97B
9BA87B
93A178
819270
5A7063
41585F
4A6160
5D7264
6B7E66
7C8D70
89997E
788970
84947B
8E9D83
778878
6C7D79
788981
7B8A7F
7B897D
8F9C8A
8A9785
829082
58726C
4D6A6B
577473
597572
587370
607E77
61827A
507370
466A6A
466A6A
476B6C
416365
456768
54756B
668575
5A786B
58776D
4D6E65
57766A
57766B
496B67
375A5E
30525A
416160
607F71
506F63
466662
436462
446663
42655E
42665D
4A6E64
4E7268
4A6E64
4A6E64
4B6E63
547364
67816E
6F8771
677D6A
637B6A
677F6B
6D856E
5C7664
47645A
607B6D
4D695D
395758
3C5A59
416358
43675A
43675A
416659
3E6457
4A6D59
567A5D
547A5C
4E7459
486D57
436855
456955
486954
4A6B52
617E5E
64805E
5A7657
57735B
48645E
355457
49675E
446155
5F7A61
688362
617B5B
5F7A59
65805A
617C57
537054
496952
466552
43604F
4C6856
4C6958
435E4E
576F5A
4A6552
496453
435D4E
49634F
556E59
526B53
60775C
5D7456
5A7156
5B7256
617A59
627B57
5F7855
627A58
617956
607752
647B54
667C55
657A54
697C50
7F8B5D
919B6A
8A9362
7B8759
738357
718159
687753
64734F
5D6C48
566745
506445
496143
466041
435D40
3F5B3E
435D42
445E42
445C42
435B42
425A40
435A41
445C41
455D42
496245
4C6546
4A6345
546E4C
5B754E
5D774C
627B4E
688051
688152
637C4E
5E784B
617C4F
637D52
557047
5C764E
577049
4F6743
4E6644
4E6747
476243
3D593F
37533C
3C563D
455E41
486242
4C6641
5C7446
738952
7D9156
7F9256
829457
86985E
879963
7E905B
738450
7B8B56
8D9C66
8F9D6A
889763
88955E
8C975D
95A264
9DAA6C
99A667
8F9C5D
839354
7C8E4F
788A4D
71844B
697C46
667945
5F7441
5B7140
5A6F40
566D3E
52693C
4F663A
4A6338
496137
486137
466038
466038
456039
46603A
46603A
465F39
46603A
445E38
455F39
465F39
466039
455F39
445E39
455F3A
435D39
425D39
445E3B
445E3B
445D3C
465F3E
47613F
47603D
4A633E
536C43
556C42
526A3E
556C40
576F42
5A7548
677F4F
68804B
6D834B
74894D
79894E
7C8B51
7A894F
849358
94A269
A0AA76
A1AA7C
9AA57A
98A379
8D9870
96A178
9EA97C
9BA878
9AA779
99A67A
98A578
8E9E73
7B906F
4E655F
465E60
49605C
5A6F62
6F826B
75866E
778972
758771
86957C
8B9A83
75867C
6B7E7A
819185
7C8A7F
78877D
8A9888
8C9987
5B7674
567373
58736F
59746E
627D75
607D75
50726D
456A68
466A6A
45696A
406566
426666
4E6E67
628173
5B7B6C
59796C
4E6F66
507267
527368
4F7069
3A5D5F
35585D
436562
5F7F70
4E6D61
466661
446562
466864
446760
466A61
496D63
4D7167
4D7167
4B6F65
4C6F63
517263
67836E
708A72
657D69
627967
6A806E
6B836E
627B66
5C7566
5A7768
506D5E
42615B
3A5957
3E5D5A
416259
3F6459
3D6459
3E6457
496D5A
597B60
577A5D
4F7559
4A7057
456B57
426855
486B55
4D6D55
5C7B5C
668260
5B7757
577256
526F5F
325056
2E4C53
4A6659
617C65
6A8467
607A5C
60795B
627D5B
637F5C
557255
43624F
41614F
436150
516C59
4E6A5A
3A5849
58725A
587156
4D6853
425D4E
445F50
536C58
526B52
5C7459
5E7559
5A7155
5E7558
617758
617856
617956
647C58
667D58
5F7451
667B55
697D53
667A4F
768759
899665
899361
828D5B
7F8C5C
7D8B5F
748559
6E8056
6A7B54
687953
6B7C57
667856
566B4E
4A6346
466142
466145
405B41
405B40
405B3F
41593F
41593F
425A40
445D42
476042
496144
4E6648
516A4A
556E4D
56704A
5B754D
637C51
667F53
647C50
5F794D
60794D
617C4F
5D784C
516D44
557049
506A44
516B45
566E49
536B47
486141
445E41
405A3E
455F41
4B6543
556D47
5A7248
697F4B
7C9054
869759
8A9B5E
8A9C60
85955C
7E8E54
7D8D54
84945E
91A069
94A269
8F9D64
87955C
86935C
95A068
9CA86C
939F62
869357
7B8B50
75854C
708349
687C43
627740
637843
627645
5E7443
5A7041
586E40
566D3E
52693C
50673B
4E653A
4B6339
4A633A
4B643B
48623A
465F39
455E39
455E38
445D37
455E38
455F39
455F39
465F39
466039
455F39
455F39
445E39
425C37
435D38
445E3A
445E3B
455F3B
445D3C
425B3C
445D3C
47613E
4A633E
4C643D
4E663D
51693F
586F43
5A7246
5C7448
607648
637A48
667D48
697E45
6C7E45
75864D
7B8C51
78894D
7F8F53
8D9B62
9DA974
A3AC7F
98A279
9BA67C
8C976F
99A579
9DAA7A
97A476
98A579
98A577
93A274
899C6D
728868
4A605B
425B5A
475D5A
64796A
6A7E6C
728472
708270
738473
7E8E78
8A9984
718178
7A897D
869589
6D7D79
78877F
8C9B8B
5C7773
557270
56726D
627C73
627E73
587670
486A68
486D6B
466B6B
3E6468
3C6164
4E7069
618072
58786A
56766B
517267
527368
57776B
4D6F68
416564
32575B
486965
5E7F6D
4C6D61
436560
446661
456663
436461
446861
496D63
4D7065
4C7066
4C7066
4C6E63
537161
6A856F
708971
647E68
627B68
6A816F
6D8370
637A67
5A7362
5C7766
4E6C5E
45635B
43625B
41625B
3F5F57
406157
3C6257
396055
446959
577860
57785E
50745A
4C7259
466C57
456B58
476B57
4C6D56
59785B
64815E
5E7A5A
5A7558
567258
405E56
324F50
4C695C
607961
6A8364
5B755C
5D765C
627B5D
617B5C
557057
496651
456353
436251
4E6B56
55715B
3D5A4B
4E6A55
5B7557
526D51
4A6753
446051
526C5C
566E58
5B7355
5C7455
596F53
5D7556
637959
657B57
657B57
667B57
687E57
647853
687C57
6D8055
6C7E52
7A8A5B
869360
808C5C
798858
6F7F50
6D7D51
6B7C50
6A7C50
64774F
63754F
61734E
60714D
5D6F4C
55694C
486144
415C40
425C41
3D5940
405B40
435C42
445C42
445C42
455D42
455E41
476041
4B6343
516948
536B48
566F49
5D764E
607B51
5F784F
567146
536E43
5A7549
607A4F
5F794D
58734A
547048
4F6C44
536E47
557048
506A43
526B46
4C6543
4E6745
516947
536E47
5B7449
647B4C
708451
839559
8FA261
8A9B5D
839258
7A8A51
7A8C54
86965C
8E9C60
8F9C61
919F61
919D60
8F9D60
94A265
98A368
8F9A60
879459
7B8A52
70804B
6C7E48
667943
627640
5F743E
5B703B
556B39
53693A
51683A
546A3D
556C3E
536B3E
536A3E
52693D
4D653A
4B643A
4A6339
486139
47603A
455D39
445C38
455E38
465F39
465F39
47603A
47603A
455E38
455E37
455D38
445D39
445E39
46603A
455F3A
445E38
445E3A
445E3A
455F3C
445D3C
445D3D
46603D
46603C
47613B
4E673E
576E44
597044
566F42
597345
607849
657C4B
677E4B
6A7D48
6C7E47
70824A
728449
74864A
75874B
7B8C50
89995D
9DA872
A3AF7B
9BA77B
9BA57F
909C75
9AA77B
97A578
96A377
9AA77B
93A275
90A071
91A274
677B68
465D5B
41595B
4F6560
64796C
5E7265
6C7E71
687A6E
748676
84927F
8C9989
78877B
7B8B80
778781
6E7E79
798B81
526E6A
516F6B
627F78
627D74
58766E
4F6F6B
507271
466B69
406768
3C6168
47696A
5F8071
59796B
557569
517268
527368
58786B
56776A
486B66
32565A
395D5D
5E7F70
537365
476961
4A6D66
466A63
40635E
436560
496D63
4B6D64
4D6F65
476B62
496C62
537161
67806B
6F876F
657D67
5E7862
68806B
6C826E
607765
5D7663
5C7767
4F6D5D
496959
456659
436457
436558
446458
42655A
3D6254
446859
557763
5A7A64
53755F
4E725B
4A7058
446A56
476C57
4B6D56
5A795B
658360
5D795A
597357
5A7458
4E6A55
36524B
54715B
637E5C
637D5D
566F52
546D52
60795B
627B5C
5C7459
496450
486552
496652
526E57
5A755B
496552
4D6955
567157
516B50
48634E
3A5748
4D6655
536959
566D56
617957
5A7150
5E7452
657C5A
667B57
677C56
687B56
677A53
6A7D54
6E8056
6F8155
77885A
7D8E5F
7C8B5E
768457
6E7D4F
6A7C4E
66774D
607249
64764B
64774D
5D724A
5A6E49
566A47
516544
4D6141
4A6042
455E42
415A3F
40593F
3D5940
3F593F
425A40
435B41
455E42
476043
4B6444
4E6644
536B47
556D48
597349
607A4E
5F784E
59734A
526D44
546F44
5E794B
637D4E
5C7749
5B7649
567147
547047
577248
536E47
516B45
506842
4F6741
506742
516741
5A7046
617A4C
6B8352
7C905C
8D9E66
91A066
83935B
758651
7A8855
88955D
919E62
919E61
909B5E
929D5F
9AA663
A1AB68
9CA867
8F9D5E
839256
7B8951
72824C
6C7D49
657845
627540
5C713C
576E39
556C39
556C38
536A38
52693A
50673C
50673B
50673B
4E653A
4E653B
4E653B
49623A
4A6339
4A6339
4A633A
465F37
445D38
465F39
465F39
465F38
465F38
476038
465F38
455E38
465F39
48613B
445E38
435D37
415D37
415C38
425C37
435D38
435D39
435D3A
445E3B
445E3B
445E3B
47613F
4D6742
516A44
526B43
556D42
587146
5A7449
5C7348
5D7346
5C7244
637746
697D49
6B7F46
708247
738549
738549
768A4A
7B904D
879954
99AA62
A3B07A
9EA881
959F7C
8B9570
9CA880
96A379
93A075
98A57B
96A377
93A278
89997A
546862
445B61
43595F
5C716B
667A70
5B6F66
687B6F
697B6D
697A74
818F84
889687
738278
75857C
7B8D83
6F8078
53716B
627F73
648175
597770
4B6967
51716D
4A6C6A
476D6D
41686C
446869
5F7D73
5D7C6C
57776A
567669
547469
56776A
507266
4F7168
3E6260
3D615F
54766C
4C6E62
42655C
44675F
456862
416660
42665F
476963
4C6E64
4D6F65
496D64
4B6E64
4E6E61
68816B
718870
637D66
5F7963
678068
6D846E
647B67
607765
5D7765
4C6B5B
466656
456657
436658
416456
446758
47695A
3E6355
486C59
5B7B64
5B7A63
52735E
53755F
4E725B
496D57
496D57
4A6C56
58785B
627F5E
5E7C5B
587459
5A7458
567058
324F44
4A6552
647E5E
617B5C
506B54
49634D
647E5B
637D5B
5B7459
4D6651
4C6753
4B6752
4E6B54
57735C
557058
526E57
536F58
4A654D
4F6952
365243
435D4B
586F5A
576D58
63795C
5C7551
657B56
6B815C
657C57
6B8058
6D7F56
6A7B52
6D7E53
6E7F52
738455
7F905C
829061
758659
6F8056
6B7B53
61734C
5A6D46
586D46
5A6C47
556844
546843
576C48
536846
4F6445
4B6043
465D41
465D41
455D43
435B41
3E583D
3F593F
425B40
435B41
3F573D
435C3F
4C6444
526B47
546D46
576F47
5F764A
647D4E
607A4C
587048
536B44
577146
637D4F
668050
607A4A
5D774A
567146
567146
547046
526E44
557046
556F47
536A43
526941
596F44
617548
6F824F
80915A
90A066
94A369
8A9B62
85975D
84935B
86945E
8A9661
8F9A61
939D61
96A061
9BA464
A0AA67
9BA664
8F9C5B
869456
7B8B50
73844C
6B7C48
637642
5F7240
5C7140
5A713E
5A713D
586F3C
556C39
526938
516838
4F6739
4B6538
4A6337
4A6437
4B6437
4C6438
496238
4B6439
4E6539
4F663A
4B643A
465F36
476038
496239
486138
496238
4B6338
4A6238
476037
476038
465F37
435C36
435D38
445D38
435D37
435D37
445D39
435D38
415B38
435D39
47613C
48623D
46603B
46603E
4A6441
4F6843
556E46
556D43
526B44
536B46
566D47
556B43
596F45
63754B
677A4A
6C8049
71854A
728549
798D4C
7A8F4C
788E4D
7F944F
889C54
96A761
A1AE75
9AA57B
8A9373
828C6B
9EA982
939F76
939F77
95A279
95A178
95A27B
7B8C74
495D5D
455C63
475E62
546968
546966
566A64
6D7F6E
5C6F6F
526369
839285
7D8C7D
728277
70837A
7C8C83
617D72
678476
58756C
4F6D6A
4E6C6B
4D6C6B
466969
406869
3E6464
5D7C72
5F7D6F
59786B
547469
527267
58786B
537467
4D6F65
3E615E
3D5F5C
53756B
4A6D63
41655E
41655E
3C615A
406560
416660
456960
4A6C62
4F7166
4C6E64
496C63
4F6E62
67806C
738A70
698169
617B65
667F68
70876E
657D67
627966
5C7765
4C6B5A
446556
416455
426457
406355
436658
446758
426456
456756
5A7A63
5F7D65
54745E
51735E
4A6F5A
476C57
476A56
4F7058
5A795C
668464
5E7B5B
557357
506C55
57715A
44604F
45614F
5C765A
5D775A
476252
4A6550
5F795D
647E59
627C5E
49654F
4E6854
536D56
526C54
567157
546E58
536B56
516C55
48644E
4F6A54
415C4C
486150
59725C
556C53
687E61
637957
5F7651
6A7F5A
647A54
6A8059
6B7E54
6E7F55
718155
728254
7F8D5A
808F5D
788758
6F7F54
667851
5D704C
5A6D4A
5B6E4B
596D49
566A47
556845
576A48
576B47
536845
506746
4C6344
496043
4A6145
496044
475F43
465F43
445D41
425A3E
425A3E
445C42
445D40
496242
506743
587047
5F7549
647A4C
677E4F
5F774B
577047
576F46
5F774B
667E50
647B4C
647C4D
627C4E
597346
5C754C
587248
577147
5D764C
577147
516A42
596F45
5E7447
6D804D
819058
909E63
97A568
91A064
88995E
889A60
8A9B60
919F65
95A066
969F65
98A163
A0A968
A3AC6B
9EA868
8F9B5D
7D8B50
74844B
6E7F47
657742
637542
5D7140
596F3E
576D3D
556B3C
53693B
516939
516838
526938
506739
4D6536
4A6336
486335
486336
496336
4C6538
496236
466034
4D6538
4E663A
4C6538
4C6438
4D6439
476035
435C33
455E35
486138
496237
496237
4B6339
486137
455E37
445D37
455F37
445F37
435E36
445E38
435E38
415C36
425C37
445F3A
455F3A
46603A
48623D
48623E
4B6540
506942
526B42
546C43
516A43
536B46
536A45
546A44
546A41
5B6D45
5D7145
637646
667945
6D8048
708447
778B4C
7A9050
7B9250
7D934E
859952
96A763
A0AF76
939D77
737C5F
788168
9AA682
919E76
94A279
98A57A
93A077
909E7B
738570
475C5D
435B62
4A5E61
4F6466
5B7069
788976
6D7F77
56696C
657772
859585
7D8D7C
71847A
72857D
678375
58766B
54726D
4E6C6A
506F6D
456667
446869
385E5F
547771
648172
5D7A6E
58786D
537368
57776C
507265
517366
4A6C66
365956
537469
4E6E62
40635D
41655F
41655E
3F635D
3C605B
43675E
486C60
4B6E61
4E7064
4D6F64
4F6F62
657F6C
738B72
687F68
627B65
698169
70866F
677E68
647C68
5F7865
4D6B5A
456756
426555
3F6253
416455
426557
446757
426456
456554
57775F
5C7C63
53745C
4E705B
4C6F5B
476B58
4A6D57
4D6D56
5A775A
668363
607C5D
5B765A
506C55
4F6B57
476252
3C5848
5F795D
5D7759
4F6856
3B5649
5D775A
627B58
5C7558
48624B
476251
4E6953
536D54
5B745A
587258
516A52
546D55
4E6853
4D6852
4C6654
475F4F
5A715D
536954
61775A
657A56
677D57
6B7E57
667953
6B7F58
6F835A
718258
6F7F53
728254
768759
748456
697950
647551
596C4B
4B613F
475D3F
4C6142
506444
526644
526644
516543
516543
536744
546A47
526946
4F6745
4E6645
4B6344
4B6245
496143
475F41
445D3F
465F42
465F44
435C40
476040
546C48
5E744B
63794B
6A8050
687E4F
5F7649
556D46
526B45
5D754B
657C4E
61794A
647A4D
607649
5C7347
5B7349
536B42
5A7046
62794D
5A7249
546C45
596F44
657948
7B8B55
8F9F65
9AA66A
95A265
8F9C60
86955B
88995E
899B60
8C9C60
939F61
9BA463
A0A867
A4AC6A
9DA666
8D985B
808B53
74824C
6A7A48
657644
617341
5D703F
596D3D
576C3D
566C3E
546A3D
53683B
52683A
52683B
506739
4D6437
4C6336
4C6338
4B6338
4C6437
4B6437
486235
465F35
476136
4C6538
4C6438
476034
465F34
4C6439
4C6538
4B6438
4B6439
496137
4A6237
4C6439
4A6338
486236
476035
465F36
445D34
466036
486337
466135
435E36
425D37
446039
48623B
48623A
47623A
49643C
4A653C
4E6740
516A42
516A42
4F6841
4F6941
546D47
526A47
546B48
546A46
576D45
5C6E45
5C6E44
607245
697A4C
6A7C49
6B7D49
6A7D46
6C8249
72894E
758B50
798E51
839656
93A665
9FAD78
8C9671
737B67
788169
9BA984
919F75
97A47A
98A47A
97A47B
93A37D
6E816F
475C60
4C6266
4C6265
5C716C
758877
758678
6F817A
576B6B
60726C
7F907F
7B8D7E
748780
56746A
52716B
4B6A67
4E6C6A
486868
426566
385B5C
50716A
608072
59766A
5B796E
55746B
57776B
527469
4F7267
507269
3B5D5A
4F7168
557666
45685E
41655F
3C605A
3C625C
3E625B
42665D
466B5E
4A6E5F
4C6F5F
4C6D61
517163
637F6B
728A71
69826A
647C66
687E68
71856E
687F68
607864
607966
54705F
4B6B5B
436655
406353
406353
426555
456858
446757
456756
56775F
5C7D62
53755C
4D7159
496F58
486E59
4B6E58
55745B
5E7A5E
647F5F
607B5C
5F7A5E
587258
516C58
466254
395548
58725A
5F7859
587257
3C584A
5B755D
637C5A
5F785A
506A53
4C6653
4B6653
4C6751
587157
5A7258
546D54
587256
587256
4D6751
536C58
475F4F
607662
536857
5E715B
6B7F5E
657A54
6D8055
708157
72855A
728458
708156
758658
79895A
738455
66774D
5A6C49
4F6346
485D40
43593C
435B3D
465E40
4B6243
506545
526545
516444
546846
546747
546846
546A46
556C48
576F4B
546C49
4D6545
4A6144
4B6244
4E6547
4D6546
476042
435C3F
455D3F
546C48
5D7349
62784A
677E4E
667C4D
5E7448
556D45
546D45
587249
5D7649
657B4C
647A4C
60754A
63784C
62784C
5C7248
5F774B
657C4F
5D7448
576E42
647749
7A8B58
8E9D64
97A567
8F9C5F
8B995D
8E9C60
8F9D61
929F63
8E995E
8B975B
97A262
A2AB6A
A5AC69
A0A965
969F5E
828E53
717F4B
6A7A48
657546
617242
5F7142
5D6E42
5A6D41
576B40
53693D
52673C
51663C
52673D
51673D
52683D
556A3F
53693E
4F653B
4A6137
4C6338
4E6539
4E6539
4A6338
476037
476135
4C6438
496238
465F36
465F35
476036
486236
496235
4B6235
4F6538
4D6537
4E6437
4D6437
4D6437
4C6437
496337
476035
486236
496437
496437
466137
456037
486338
4A6539
4C653A
49643B
4A653B
4C663B
4F683E
4E683F
4A653C
49643D
48623D
445E3C
4E6645
53694A
516744
54693E
5D6F47
5F7149
617347
5C6D42
5E6F44
627348
65764A
637849
5F7445
607544
70844E
798D52
839659
94A466
A1AC76
8F9774
778069
7C866A
9BA880
8E9C75
98A479
96A379
9BA87C
95A480
627469
42595C
4A6063
516766
5D716B
647770
687C75
566A6C
506568
62746F
798A7F
7A8A82
506E68
466664
476866
456765
446566
36585A
466760
618270
5D7B6C
5C7A6F
557469
4F7067
55756C
4A6C65
52746C
3C5F5D
40645F
4E7166
46695F
43675E
3E635C
3E635C
3E625A
41655A
466B5D
4A6F5E
4E7260
517262
507060
627D69
758D73
67816A
607B65
697F68
758770
687D68
607764
617966
556F5E
4D6B5B
426555
406353
406353
426556
416456
436657
466957
57775F
5C7C60
55775E
4E7158
4B7057
4A6F57
486E56
4F7259
5D795C
6A8362
617B5C
5F795D
59725A
567059
4A6654
365247
546E59
5D7659
60775B
546D55
577158
60795B
5E7757
567056
546D56
556E58
546E55
5E775C
5A7358
526B53
577055
5E775A
506950
556D57
486150
5E7460
586B59
5A6D5A
728365
677857
647751
79895B
7A8A5C
728255
758558
829161
808F5F
6F7F52
62734A
5C6F49
546848
4E6346
4E6445
4C6443
4D6544
4D6543
4E6645
526947
546A46
536645
516444
506344
526546
516647
526948
506847
506848
516949
4F6747
4E6645
516948
526A47
516945
4F6743
516743
5F754A
677D4D
677D4D
5D7447
586E46
576F46
577047
5E7649
62794B
61794A
687E4F
61764A
62784B
60764A
60754A
677C4E
697D4F
5E7346
617648
7B8E59
92A066
99A669
929F62
87965A
869459
8C9A5D
8F9C5E
929D5F
949E5F
96A060
A0A766
A8AF6B
9BA462
919C59
889554
7C894E
6F7F48
637543
5E7042
5E7143
5C6F42
566B3E
53663E
4E633C
4B6038
4B6038
4F643C
4E633B
485E37
475D36
4C6139
4F643B
50653C
4F643B
4E643B
4C6438
4A6537
4A6538
4A6437
4D6539
4C6538
4A6439
476036
445D36
455E34
476036
496135
4D6437
4E6436
4C6335
496135
496034
4A6135
4D6336
4E6436
4A6135
496034
4B6437
4B6538
496437
4C6738
4D6739
4D673A
4B653A
496438
4C653A
4C653B
4C653B
4E663E
506940
536B41
4F6740
455F3B
405A39
445D3D
546A4E
556A4B
596D42
5E6F48
5A6A48
5A6943
5A6A43
576742
566642
596943
5C6E44
5E7143
607442
627541
647740
6C7F46
7A8C50
93A15F
A4AF75
949E74
808A6C
7F8A6D
96A47E
8A966D
97A47A
97A478
99A57B
8F9E7D
5E7167
485D60
4F6465
4F6564
526669
506469
586D6E
5D7170
526668
5F7371
75857E
496965
476865
456665
456665
385A5C
496964
628071
5D7C6A
5C7A6C
547269
49685E
53736A
4F7069
4C6D69
385B5D
3A5D5C
4B6F67
3D615A
3D625C
3C615A
3F645C
41665D
43675C
466B5C
496E5D
4E725E
517260
547563
66806A
738B72
66806A
5F7A67
69816A
798A70
6A7D67
5E7562
607665
566E5E
4E6B5B
426454
406353
446757
416454
446556
446657
476957
58775F
5E7C60
5A795F
52725A
507259
4C7157
4B7056
4E7157
57775A
658061
647B5E
60795D
59725A
526D59
496455
3B5648
556D58
5E755A
5F775B
546C53
5A7357
647D5C
5D7659
567056
536D57
506C58
4E6952
5D765A
627A5D
516A53
556F56
60795B
506850
506852
4F6651
546A58
536755
607259
758666
69795B
6C7C58
798A5E
788659
7B8858
808D5B
808E5E
7B8959
6D7D50
66774B
5C6F48
556945
556846
566948
586D49
576E49
586E4A
586E4A
576D49
566C48
536946
4E6242
4A5F41
495E41
485D41
485D42
445B40
42593F
42593F
445A41
465D42
465E41
465F41
4C6442
556B44
5D7448
667A4D
6D8150
6A804F
62794B
586F45
596F46
5E7649
637A4B
687F4E
6A814F
687F4E
62784A
63774A
617449
63764A
65794C
627549
697A49
808F58
95A267
97A569
929F63
8A985C
8B985C
8E9C5F
94A162
96A262
95A060
98A160
A0A764
A6AB68
A2A866
969F5F
889658
7D8D4F
718146
697A43
657643
5E7240
576B3D
52673A
4D6237
496036
4A6139
4B613B
485E39
4A5E3A
4C603B
4B5F3B
4A5E3A
4C613A
4B6038
4C6138
4C6138
4B6039
4A6039
4A6137
486137
486136
476036
476036
486137
486137
476036
455E35
465F36
4D6438
4E6437
4E6436
4F6537
4D6436
475E33
455C32
475F34
496035
4B6236
4C6335
4B6134
4A6435
4A6435
4D6737
506B3A
506B3A
4E6839
4C6639
4D6739
4E683A
4D673A
4E683C
50693E
516B40
4D673D
4B653B
4C663D
4C653C
4B6340
4D6345
4F624B
54654B
596844
5F7047
637448
627347
667849
677949
6B7D4B
6D804A
6B7E45
6A7E43
6A7D45
687B43
6A7D46
71834A
7A8A4D
8E9A5B
9FA96D
98A272
80896B
899377
95A07C
8E9B70
98A57A
94A077
9AA77D
8D9C7C
5B6E65
495F61
516768
52656B
586B70
53676B
6F827C
5B6D6D
54696E
66797C
486864
446563
466666
3B5D5E
496862
638172
607D6C
597868
557467
4B695F
57756B
52736B
496B67
3F6264
375A5C
4B6E68
40635C
3F635D
3C615A
3D625A
3C6159
416559
456A5A
4D715F
517360
4F6F5E
527361
627F6A
728B72
6A826A
5F7A67
637B66
778E73
6E816A
607462
5F7564
597061
4F695C
446255
406353
466758
476758
456656
486858
4E6E5A
597861
5B7B60
5A7A5F
53735C
53745C
4F7158
4B7055
507356
5A7A5B
658262
637D5F
61785C
5B735A
5C745D
516A5B
3C5648
58715B
5F775D
597159
526953
556C53
607859
5C7555
546E57
4C6657
4C6658
3F5B4E
567054
637C61
546D55
536C54
5D765B
576E54
506650
566C54
576C56
4F654F
63775A
748563
6A7A57
6E7E5B
798861
7C8B5E
849060
86915F
7E8A58
7D8A57
778555
6A7A4E
657649
63754A
617348
627348
5F7147
5D7047
5B7048
5C714A
5C714A
596F49
576C48
566A47
536946
4F6444
485C40
43573E
415740
415740
415741
415742
405640
415740
42593F
445C3D
516842
64784B
6E8250
6E8250
677D4D
607648
5F7548
63794B
657A4A
677E4C
6D8450
6E8550
6B814D
687E4C
677B4C
6A7D4E
6D7F4F
657848
677945
84935A
98A66A
9BA769
95A162
909C5F
8B985D
8C995D
919D5F
98A362
9CA865
A3AD6A
A3AD6A
A2AA67
A3A865
99A05E
899557
7C8B50
71854B
6A7D44
667A42
61753F
5D703D
5A6F3D
586E3E
586E40
576D40
51683C
4D643A
4C623B
4A5F3B
4A5E3A
495F3B
4A5E3B
4C603B
4D623A
4D623B
4D623A
495E38
475D37
475D36
485F35
476036
476036
465F35
465F35
445D33
445D33
476036
435C36
425B34
475E34
4D6335
4B6234
485E33
465C32
475E33
495F34
4C6236
4B6136
4B6136
4E6336
4E6436
4F6737
526B38
536C38
536C3A
536C39
536B39
536B3A
526A3A
536C3C
536B3B
50693A
4F683A
4E6839
526C3E
536C3D
536C3D
516B3D
4E683D
4E653F
4F6347
49574D
566449
627348
677949
687A49
6A7C49
5E6F42
627444
687A47
697C45
6B7E46
6F8249
6C7F48
677A46
71834E
778750
7B8A4E
8B9959
9FAA6C
8F9869
7A8364
8F9A7C
99A480
939F76
99A57C
96A378
9CAA7F
849478
566B63
4D6264
52656E
596C71
4F636A
5B6E70
798A83
5C7173
61747D
496963
436563
3F5F5F
466660
6A8976
5E7C68
567563
597869
517063
567469
55756B
496B68
426467
36595D
4D706B
486B63
426560
42665E
3C6159
3A5F58
406459
476A5B
4B6F5D
537462
52705F
52705E
5D7C68
6B876F
667F67
667F68
6A826A
748C72
6C846C
5C735F
5F7563
5B7261
516A5D
476457
446356
476758
476758
476758
4A6A58
516F5D
587861
5B7B5F
5A7B60
52735A
51715B
52735B
507157
517355
597959
668261
668161
5F785B
5F765B
5B735B
536B58
435B4C
5A725E
60775D
576E58
4B624F
4F6750
657B60
5E7658
5C7558
46604D
455E52
3C574B
4F6B57
637E62
476048
526B52
5B745A
576F58
536A55
5D715B
61765D
64775D
6A7E5F
70825D
6D7D56
6F7F58
78865A
7D8C62
84906B
7C885B
808A57
7D8A57
768353
768453
728252
6E7F4E
6D7E4D
6C7D4D
6F804F
708153
6E8054
687B51
62774E
5E744C
5B714B
5B6F4B
596E4A
576D48
546947
506446
4B5F43
445A40
445B40
425940
445A42
485F43
495F42
4F6443
5C7148
677D50
6C8051
677C4A
637847
607647
5F7547
637848
6C814E
728550
6F844E
6D834E
6B814F
6C804E
687D4C
697B48
6F7F4A
7C8C53
8B9C60
99A86B
9CA868
94A05F
8E9A5C
8E9A5C
909C5D
95A061
99A463
9EA967
9DA764
A0AB67
A3AE69
9EAA66
98A160
8A9354
7F8C4F
76884E
6E814A
697E47
677C44
627740
617740
607540
5C733F
5C7241
576E3D
526939
536A3B
51683B
485F34
455B35
465C38
475D38
495E39
4B6039
4C6138
4B6038
4A5F37
496038
4A6038
496038
486136
465F35
466034
476036
486137
486137
465F35
455E34
405A31
415B33
486137
4F663A
4F6638
4E6337
4C6337
4D6438
4E6437
4F6536
4F6536
4D6335
4D6334
516737
556D39
556E38
556E36
556E38
566E39
5A723C
5B743D
5D743F
5C733E
5C733E
5C733F
57703D
556F3C
56703C
5A723F
59723F
526C3C
526C3C
526B3D
566B45
505E53
54614F
5E6E4A
637448
63744A
64754C
5F6F4A
61724A
637548
627445
637642
667944
6B7D48
687A47
657744
6E804A
788A51
7A8A50
828F51
919D61
919B6A
828C6B
8F997B
98A37F
96A27B
9BA77F
96A377
9AA87F
83947A
566963
4D616D
5B6F76
5A6E76
4F626D
677877
778884
5F7177
4A6A64
436561
43635C
658571
5F7F69
567764
597966
577867
577767
557568
456860
3E6363
34585B
4A6C68
4C6F66
42665F
42665E
43675E
3B6159
3C6159
43675A
4C6F5C
557563
52715F
536F5A
65816B
6D8771
69836A
6B8468
70886B
798F70
6F866C
5F7A64
5E7662
5A7360
526D5E
466457
446355
496959
486859
466657
486856
506E5A
587660
597961
56785D
52725B
50725A
4F7159
517159
537357
5A7958
65825F
65805F
5B7759
5C7559
5D755A
576F5B
486051
5B735C
5F765B
4E6551
506656
4F6652
61795A
5F7657
566E51
5A7258
516956
4F6854
516A57
5F7A5E
4A664D
4D6851
617A5D
546D54
4A604B
586E59
586B56
62745B
687A5B
72845C
71825A
748458
7E8C60
889567
828F63
727D5C
77855E
7E8B58
778553
6C7B4D
6D7E4E
748352
768753
738450
6F804D
6B7C4A
687A4B
66784B
62744A
5D7249
586F48
576D48
586D48
576B47
536946
526745
4F6443
4F6444
4F6546
4C6443
4F6646
526847
536A47
5B6F48
64784D
6D8252
677C4D
63784A
637849
677C4D
63794A
687B4A
6F8350
738753
748752
728550
6F814F
687B4B
6A7B4A
6C7D49
7F8F55
95A164
9CA868
9BA765
95A260
929E5E
919D5E
939E60
98A363
9AA665
9CA664
9DA863
99A35F
9DA763
9DA864
94A05E
8B9959
849256
7C8B50
75864B
6E8149
6C7F48
6C8048
6A7F46
657B43
617942
5F7640
5C733D
5A713E
596F3E
546C3C
52693A
546B3C
52693C
4E643C
4E643D
4C633B
4A613A
4E653D
50683D
50673C
4E653A
4C6338
4D6439
4C6539
4A6337
4A6338
486336
496237
496237
496237
496238
4A6339
486338
476237
496137
4B6234
4B6233
4B6333
4E6635
4D6535
4E6435
516736
546939
546A39
556B38
566C38
576F38
587139
597238
5B743B
5C753D
5D763D
60783E
61793F
61793F
61793F
607740
607841
607942
607842
5B743D
58703B
58713E
5A7442
5A7443
567042
57694E
636A5A
56614C
586747
526241
526140
576742
566841
596C41
5D7142
607443
637742
687B45
697C47
697B47
6A7D46
75874F
73844D
768650
7E8B52
8A955C
96A173
8C9574
919B77
96A27B
98A57A
9DAA7E
9DAA7E
9DAA80
7E8D77
55676A
596C74
5C6E77
556671
55666F
707F7B
778582
476660
42615B
5D7D6A
61816A
587763
567A66
5A7B67
557765
557A68
4C6F64
3F6560
2C5353
3D625D
537668
466A60
436861
456A61
466B61
3D645B
436A5D
496D5E
557564
55715E
57725E
6B856C
748D70
6A8268
70886B
738B6D
748B6E
708668
657D62
5C7960
5C7760
526E5B
496757
476758
4A6A5B
4C6D5C
486957
496956
50705A
597660
5A785F
56765D
53755D
50725A
4E735A
50745C
537459
5A7759
678361
6B8563
5E785B
587358
5E775C
5A735A
486051
556E58
627B5C
5B745A
4C6351
42584B
577054
627A56
5A7151
586F54
597158
536A56
5E775B
5B755A
49624E
4E6B51
5F7C5D
597357
51694E
5F755A
5F725B
61725C
657459
6F7F5C
798A5F
819166
8D9A6B
8D9969
7B885A
758255
7F8C61
788759
768451
748351
708150
6F804F
728350
748551
718350
6D7F4E
6A7C4D
66794B
617448
5D7249
5D724A
596F48
566C46
556B47
526844
4E6341
4E6342
4F6541
536946
586E49
566C47
566D48
5C714B
62764F
6B7F53
6A7D50
627449
627547
687A4B
6B7D4E
6F8251
6F8250
758754
798A56
6F814D
738351
738450
73814E
74824F
7F8C57
959F65
A1AB6C
9CA766
98A263
949D5F
939E5F
939F60
95A162
97A362
9AA462
9CA764
A1AB67
A1AC67
9CA761
96A15C
8C9856
849152
7E8D50
7A8A4E
78884D
75874D
72834B
6D8048
6A7D45
62783E
5F773E
5D743E
5D743E
5B733C
576F3B
526A38
536B3B
536B3B
506838
4D6437
4F663B
4E673B
4A6339
415C33
465F37
4B643A
4E673C
50683C
4B6538
4A6538
4B6538
4A6437
4B6639
4C673A
496437
4A6436
4B6537
4A6436
4A6436
496435
496535
4B6335
506738
506739
516938
556D3A
556D3B
546B38
596E3A
60733F
617541
60753F
637741
657D44
698147
6B8348
6C844A
6B834A
6A8247
698146
677F44
667E43
688045
6A8149
6D844D
698049
667D46
647B44
5E7540
5C743F
5A7340
587241
577340
5C7249
686B56
535550
4E5C48
5E6E4A
5B6D47
5A6C44
586A42
566A3E
576E3D
5B723E
617640
647A42
687B44
6D7F4A
73854D
75864D
6B7C48
667744
707E4B
737E4E
808C56
95A06E
96A174
98A37A
97A379
97A47B
9EA97F
A0AB80
98A47E
7A8A78
58686C
566672
54656B
6A7C7F
5C6E6D
859487
425F59
5D7869
607E69
5B7B65
5D7D69
597C67
577B66
567966
486E62
39605D
335959
3A5F5A
507569
4B6F62
3E645D
40655E
3F645D
345D54
3C645A
486C5E
577767
537261
597560
6B8369
70896E
6D8668
738A6C
778D6E
748C6B
6B8365
647D60
5F785E
5C765D
56735B
4A6957
4E6C59
506F5C
4B6B5C
49695A
4A6A58
51715B
5B795F
5B7860
57765D
57785D
53755C
51735B
50745B
55785C
5B7B5B
658360
678160
61795C
587157
617A5E
5B755D
476252
526B56
60795A
5F785A
4D6554
4A604E
566E53
627C58
5E7753
607756
5B7257
566E57
5D745D
576F57
4B6550
4C6650
5C7758
577355
4F6A4E
60775A
607459
5F735A
65785D
778562
839268
87966A
8C9A6D
889464
7E8B59
818E5C
7C8A59
798656
768552
768653
768652
758652
6F814E
697B49
687A4A
687B4B
657849
607447
607549
61754C
5D7249
586E48
556B46
556B46
556B46
526844
4F6542
526844
566C47
5B704B
5B704A
5B7048
5A6F48
65774E
6E8056
60744B
5D7145
6A7C4E
738453
758653
748553
758753
778954
788A55
7B8B54
788751
778551
7B8953
89925A
9DA467
A4AC6D
9DA568
98A162
96A060
94A05E
94A05E
95A05F
96A25F
96A25E
9CA762
A1AC66
9FAB66
99A462
909C5C
899554
849150
808E50
7C8A4E
76854A
748348
758449
74844A
70814A
6B7D47
667A43
627940
607940
5B743D
5A733C
5B733D
5B733D
566E3A
536A3A
506739
4E6537
4F6638
4D6738
4E683B
4A6439
456035
455E35
465F35
455E36
476037
496338
486338
476336
4A6637
486434
466232
476333
4A6435
4E6836
4E6936
4E6937
4F6B38
526E3A
56703C
566E3C
546C3B
546C3A
4F6737
546C38
5F7640
657B44
657A43
667B44
687D44
687D45
687F47
667D46
637A43
607741
5F7641
617841
607841
5E753E
5E753E
617841
637A44
677E48
69804A
6A814B
687F49
637A44
637B45
5E7743
597341
627E44
677D49
6B7056
5E6258
5B6A4F
697951
607248
5B6E44
596C41
5E7342
5F7641
637942
667B43
687C44
6C8048
70824A
72834B
6D7E48
6A7A47
707F4A
768550
798554
798651
818E58
909D67
99A573
9AA57A
99A47D
99A47C
A0AC81
9DAA7E
9BA984
7F8C7B
576768
647278
6D7C7F
6E817F
667B76
637D6C
657E69
5F7B67
5B7B68
557767
527564
537765
547967
3F645D
2C5354
3B605C
4C7166
476B5F
42665D
3D625C
3F645E
395F57
365D54
43675B
567766
517160
587662
6C866C
71886C
6B8366
718869
768C6D
748A6C
6B8365
657E60
617B5E
637C60
647C62
5C785C
5B7861
52715E
486858
486758
4B6B58
53725B
59785F
5A785D
58765D
57765D
53755C
51735B
54765D
55775D
5B7C5E
678562
67825E
617A5B
5A7257
5E765C
5B735B
496350
4D6854
607A5B
647D5C
526B53
4D6550
597155
647C58
627A55
627B56
597053
4F664D
597057
4D644F
4A6250
4C654E
5E7958
5C7755
597352
627B5B
5C7355
607556
677959
768663
85926B
829269
7E8D62
7F8D60
85925E
818F59
7D8B55
77854F
788751
758650
738450
748653
728351
6E804E
697C4B
647849
617648
627548
617447
5C7146
5A6F47
576C46
536944
516742
526843
556B46
536945
516844
546A45
5B704A
60754C
62754D
67794F
6E8055
6A7D54
5E6F46
64754A
6F8151
768854
7A8B56
788955
768753
7A8A54
788851
7C8C55
7C8B53
828F53
919C5E
9CA767
A4AB6C
9FA565
969D5D
949D5E
97A060
96A15F
96A15E
949F5C
97A25D
A0AB64
A3AD67
A0AB65
99A461
8F9D5B
859255
7B8A4F
7A894D
78874C
76854A
728349
708149
6D7E46
6C7C46
6A7B45
677944
647642
617540
5C743E
5C753E
5D763F
58713B
566D3B
58703D
58703F
556D3D
536B3B
556D3E
536B3C
567040
4F693A
4B6536
536D3E
50693B
4E683A
4D6738
4C6638
4C663A
4C673A
496636
486433
4B6736
4B6736
4A6634
4D6936
536E38
59733C
56713A
57713A
5A733D
5B743E
5A733C
5A723D
5A733E
5E7740
607942
607741
647943
647841
627741
617540
60743F
5E743E
5E753F
5F7641
5E7540
5F7641
617842
617842
607740
617841
637A43
657C45
698049
687F48
687F48
69804A
687F48
6B824B
6A814B
68814C
68804B
6A7B51
767D68
6D7663
67774E
67784A
667749
637647
637646
677C46
697D45
6B7F45
6D8146
6E8147
73864C
788A4E
7A8C50
7B8D52
7C8D53
7A894E
76844E
717E4D
768250
74814E
74814B
86935D
95A170
98A478
96A17A
96A179
A1AE83
A1AD83
9DA885
7F8B77
74827F
6C7B80
758685
566F6E
6A826B
67806B
5E7968
547466
46685D
4F7263
547866
4C7063
3D6360
375E5B
4C7164
4A6E62
436760
40655E
3D625C
40655C
476C60
4B6F61
527565
517261
597764
6B856F
6E866B
6E8467
748A6C
7A9071
768C6F
6D8468
657E61
657E61
6C8467
698266
637C62
5B775E
516E5A
486758
456657
4B6A59
54735B
5B795E
59775D
55735B
55735C
55745C
53735B
56755C
57765D
5A7A5D
658362
698562
647E5E
61795C
5E765C
5E765F
4D6453
526B55
627A5B
627C59
5A7355
577055
60795B
657D59
5F7854
5A7250
5C7451
5A7252
5A7156
536B51
4F664E
4E654D
617859
667E59
647E5A
647F5B
617857
627757
6C825B
7F9069
7D8B6E
586750
5B6E4B
7E8F65
7A8B5D
768651
78874F
78884F
78874E
78874F
758651
70824F
6B7D4B
6A7C4A
6D7F4D
6B7E4D
637749
5C7245
5E7346
627549
5E7348
596F46
576D47
556B46
556B45
536945
526844
546946
566C46
5D7249
62764D
677B4F
6B7E53
6E8053
68794C
66774A
748656
7F8F5C
80915B
7E8E58
788953
7A8A55
7D8D57
7E8D54
839055
8D995B
97A464
A1AC6A
A3AC67
9DA762
9AA260
98A060
959E60
949D5C
949D5B
98A25D
9DA761
A3AE67
A5B169
A2AD65
9AA660
909C5A
849355
7C8C50
77874E
74844E
708049
6D7D46
6B7C46
697B45
647641
60723E
5E713E
5D703E
5E713F
5E713F
5B6F3D
566D3B
556D3A
546C3B
546C3A
52693A
4F6737
4E6637
50683A
536A3B
516839
526A3A
526C3D
536D3D
526C3B
536C3B
546D3D
566F3F
546F3F
526C3C
4E6939
4C6737
506B39
4F6B37
4D6832
4E6932
526D38
54703A
557039
567038
557038
58733A
577139
57713B
57703A
566E3A
566F3A
5A723B
5A723C
576F39
586E39
5E723D
5D713D
5D713D
617541
617743
5F7643
5D7441
5F7641
627943
647B44
637A44
627943
617843
617843
617842
637A44
647B44
677E47
667D48
647B45
687F48
6B834B
698049
617447
707C5E
7B8469
6F7C58
677A44
677945
6A7B47
6C7E47
6E8149
6F8348
708549
71854A
72874A
73874A
788B4F
798B4F
798B4E
788A4C
7A8C4E
7A8A4D
7D8C52
7D8A55
7C8953
77834F
6E7B46
6F7C46
7F8C56
939F6D
98A478
95A077
9AA57B
A3AF85
A2AD84
9EA985
899580
6E7D7A
6B7B7C
687E7C
617967
556F61
506D62
49695F
4C6D62
567866
537566
43675F
385C59
4D7066
4B6F63
40655E
3E635D
3C615A
43675F
46695F
4C6F61
527463
517161
5D7A66
6E8770
6F866E
70876B
778E6E
7C9272
748A6C
6C8367
667F63
688164
6C8567
688065
5D765E
506C57
486655
446455
496858
4F6D5A
56735B
5B785C
5B785C
58765C
54735C
53725B
56745C
59775D
59775D
5A785B
658362
678562
617D5E
5F795C
5D7559
5B725B
4B6151
4C6352
637C5D
667E5B
607959
597155
637C5B
657D59
5F7752
5E7653
5E7654
5E7753
657E57
5F7759
536B51
566D4F
647D59
667F59
607956
617C5A
5C7756
5D7251
6F8160
788C69
71825E
54634C
576855
6C7E5B
6F8157
6E7F52
6F8150
70814C
70814C
73824C
72824E
6F804E
6B7D4D
6B7D4E
6C7E4E
6B7D4D
687B4A
627546
5D7245
5B7045
5A6F45
5B7046
5A6F46
576C45
596E47
586E47
586E47
586D46
5A6F48
64784E
6C7F52
6A7D4F
6C7E4D
6E7F51
6F8052
788859
859561
85955E
819059
808F58
829158
839258
859358
8A985B
94A162
9FAA68
A4AE69
A1AB66
9EA864
9DA663
97A25F
949E5C
929B5A
929B59
98A15C
9EA861
A3AD65
A4AE65
9EA962
95A15B
8D9956
869454
7C8C4F
73844A
6D7F47
6A7D47
687A46
657643
657642
657742
5E723F
5A6E3D
596D3D
586B3D
576A3C
55693A
55683B
52683A
4F663A
4E6539
4C6337
4C6337
4E6539
4C6337
4D6338
4B6237
4B6237
4D6438
4C6537
486333
4B6536
516B3B
516B3B
516C3D
4E6839
486436
4B6636
4F6939
526C3C
536E3C
57733D
57723B
57703A
546F37
546F37
536E37
506B35
506B35
4F6A33
526C36
4E6933
526C37
576F3B
566E3A
556D39
566E39
586F3B
5B713D
5F733F
5B6F3D
596D3A
596D3A
596F3D
586E3E
5A703F
5B7140
5C7340
5F7642
5E7543
5E7443
5B7140
5A703F
5B713F
5D7440
5B723F
5F7642
637945
627943
647B43
687F43
6B814C
6C7C56
75815A
748353
72844F
6D8144
6A7E44
718349
75874B
778A4B
768949
76884A
75874A
738548
718546
6F8246
718347
798B4E
788A4D
76874B
79884E
7D8C50
7F8D51
818F51
818F54
84915A
77854E
78854F
7A8750
889561
99A576
96A176
9AA57C
A2AD84
9DA87E
9EA782
8D9984
71817C
70827C
587064
48645E
44625E
4C6C62
547366
567767
4B6F64
3E635C
4A6C63
507167
40645C
3A5F5A
3B605B
42675F
466A60
4A6F60
537665
547361
637E6A
738A73
6F866E
73896F
7D9272
7C916F
758C6C
71886B
6F876A
6E856A
6D8469
637C61
557058
4E6955
496655
456455
476757
52705B
5A755D
5C775C
59765A
59765C
59775D
57755C
56745C
59775D
5B795D
5A775B
658261
698764
638061
5F7A5D
5D765B
5D755B
566E58
4D6452
617A5F
627B5C
607959
5B7456
627A5A
627A59
627B57
627B54
637C54
667F56
6A845A
637C57
4D664A
556D50
667E5A
647C59
5D7755
5D7756
5E785A
5F7659
768862
63734E
43513B
536046
768662
788A5D
6E8054
677A4F
64774A
66774A
677849
677849
67784A
67784A
657849
627548
5E7345
5F7446
627648
65784B
65784A
637649
5C7045
576C43
586D44
5A6F46
5C7148
5F7449
62774D
63784D
65784C
6B7C50
6B7D4F
6D7F50
768755
85955F
85955F
859560
84935E
82915A
84925B
85945A
869459
8E9B5D
93A061
98A362
A1AC68
A3AE69
A2AD69
A0AB66
9DA863
97A25E
929D5B
8F9B59
909A57
969F5B
A0A760
A6AE63
A4AC63
9CA65E
929E59
869352
7E8B4D
7B894D
75854A
6F8048
6B7C46
667743
61733F
5E7240
5B6F3E
596C3C
586B3C
54683A
4F6537
4D6336
4D6337
4D6236
4C6136
4B6036
496034
496036
496036
4D6438
4B6237
496037
465C35
455B35
445A33
455B35
485E37
4A6237
496435
4E6838
4E6738
4A6536
415D30
415D31
405D30
436031
486434
456031
425D2E
4E6A36
506B37
516C37
557039
5B743D
5A743D
567039
567039
59733C
5C753D
5C753D
5A733C
5C753D
5F783F
5B743C
59723A
5A723B
5F743F
5C6F3C
5B6F3C
5C703D
5B6F3D
5B7040
596F40
576D3E
576D3E
586E3E
5A7040
5B7142
5B7142
5D7344
5F7546
5E7445
607548
627849
697E49
6A7F47
697E45
718548
788D4E
75885A
788662
808F55
829357
7C8E50
7C8F4F
7D8F52
819356
839557
849756
879755
879755
859554
849453
819353
7E9053
7A8C4F
7A8C4F
76884C
73854A
74854A
7B8B4F
79894D
7B8B4D
7D8D4F
7E8D53
7F8E55
808D55
818E55
7A864F
7E8B57
93A06F
959F74
9AA17A
A5AE86
A0A880
9EA683
8B9682
77867C
556F63
4A6760
506E63
537164
537466
446761
3C5F5A
4A6D62
4F7166
456660
3E615C
42655F
466A61
486C60
4C7062
517463
537362
65806A
738B73
6C846C
72886F
7F9376
7D9273
7A906F
758C6D
6F876B
657E66
5F7961
5A745E
536E58
4D6A55
4D6A56
506B58
526E5A
56735D
59775D
59755C
57735A
58745B
58765C
58765C
58765C
5A785D
5B795D
5C795C
688362
6C8765
607D5F
5B785D
5F795E
5D765C
59705A
4D6451
5E765D
627B5D
5D7559
597256
617A58
647C58
637B58
657D58
698357
698356
698157
607857
4D644B
5A7151
667E59
637D56
5D7655
5C7557
587454
5F7753
7D8E64
76865D
57653F
6E7A52
7B865B
788759
6E8151
697C4E
64774B
627548
637448
637448
647549
647449
637448
607347
5C7046
5B7145
5B7044
5A6F44
5D7246
627549
607547
5C7344
5E7246
607348
63754B
677A4F
697D4F
6A7E50
6B7E50
728352
7A8A56
83935C
8A9961
8D9B63
8B985F
88955C
84915A
839059
86925A
8D985E
96A162
9DA866
A4AD6A
A9B26D
A5AF6A
A2AC67
9FA965
98A363
929E5F
939E5C
929D5A
929D5A
98A25D
9FA961
A5AE64
A5AD63
9DA65D
929D58
899452
7F8C4E
76854A
718048
6C7D46
677943
647642
637542
607341
5C703E
596C3D
566B3C
506738
4F6437
506537
485F34
445B31
475E34
485F35
475E34
485E34
496036
496036
495F37
4A6038
4B6239
485E37
435934
495F37
4A6137
455B34
425833
445D35
435E33
425D32
405B30
466134
445F32
466134
486436
476235
456033
476235
4C6636
556E3A
576F3B
5A733D
617A42
647C45
637B44
647B43
617840
647B43
627942
617942
617A41
627B41
60793E
5C753D
58713A
576E3A
5C713C
5D713D
5C703D
5C703D
5D713E
5D7341
5B7241
586E3E
596F3F
5B7140
597040
5D7344
5C7244
5A7042
627847
677E48
697F46
6D8346
718547
73884A
7B8E51
7F9155
79895A
7B895D
849456
839455
7E8E51
798B4C
798D4C
798C4D
7A8C50
7B8E50
7B8D4F
7A8C4C
798B4B
7A8C4D
798C4D
7A8B4E
798B4E
788A4E
798B4E
788A4D
788A4D
7B8C4F
728149
6F7D49
79894D
7C8C4F
7C8B50
7D8C51
819154
859558
86945A
7E8B54
7D8A56
8B9765
929C6E
A4AB84
A7AE89
9EA582
9BA485
8F9B81
4E6960
506B61
567164
547264
44665E
2D5152
3E625B
517466
466A5F
3F615B
466861
45695F
466A5E
4C7060
507464
567761
617F68
6D876F
6B8369
738A70
7B8F75
758B70
748A6E
70886C
657D65
58715D
4E6957
4A6655
496553
4C6856
4D6956
4F6C57
54705A
55715B
57735B
58745A
58735A
5B765C
5C785D
59755B
58745B
5B795C
5E7B5E
5E7B5E
668160
708A66
637D60
597459
5B765C
5E7860
556C57
536B54
5F765C
627B5E
5C745B
597157
617959
657D59
667E59
627B58
688059
668056
657F58
576F50
4E6547
647C59
637B56
5D7650
5C764F
607A56
607953
677E52
819464
8A9B69
879667
859164
7E8A5B
768153
6F7E51
677B4D
65794C
64774A
627548
647549
66774B
65764A
617347
5D6F45
596E43
5A6F45
5C7047
596E45
586D43
5B7045
607548
64784A
637749
607446
617447
66794B
6C7E51
6C7F4F
738451
7F8F59
8B9A62
909D66
8D9A62
8C995F
8A975C
8A965B
8D995D
949E63
96A063
97A162
9FA867
A7B06D
A6AF6C
A5AD6A
A0AA66
9BA564
939E5E
8E9958
8C985A
8C9959
929D5C
9AA560
9DA862
9FAA63
9EAA62
98A35D
8F9B55
87924E
7F8C4C
7B8A4D
74844A
6B7C46
637541
617340
5D6F3D
5B6F3E
5C6F3F
596D3E
556A3B
536839
4F6638
4F6537
4E6437
496134
465F34
465F34
455E34
475F35
486137
486036
465F35
465D36
455B34
465C36
435933
425832
435933
485E35
4B6238
4B6139
485E38
465E37
476137
456036
445F34
486336
4C6738
4E693A
496536
4B6738
4F6A3C
526C3D
55703E
5C753E
637B42
607940
536E37
526D36
5E773D
688042
6A8144
6A8143
698144
617A40
60793F
60793E
5E773C
607A40
617A41
5E753F
5F753F
637742
5F733F
5C703D
5B6F3C
5B703D
5E7341
5D713F
5D713F
607540
647943
687D47
677C48
667B47
687D48
6B8149
768B4E
7F9254
7E9159
80935D
83945D
83925C
84915B
8B985B
849254
7C8C4F
7A8A4D
7C8E4F
7F9153
819354
7F9154
7E9053
7F9153
829352
819252
7E9152
7D9050
7C8E4F
7A8C4F
798B4D
7A8D4D
7A8D4D
788A4D
76874B
78874D
79884E
77874A
7A8A4B
7D8D50
7F8F52
829255
859558
8A995D
849258
78864D
798650
8A9461
969E72
A0A682
A6AD8D
9FA685
9DA582
506860
567063
526E61
4A6960
355958
3B5F5B
527667
466C5E
3F655C
476B60
4A6E61
4B6F61
4C7061
527663
557661
69896D
6B876B
70886E
778E74
778D73
728970
6B846B
657E65
59735D
506B59
4C6858
486556
466354
456252
486553
4F6C57
536F59
56725A
57735C
58735A
5A755B
5D785C
5F795D
5C795C
5A775B
5B775D
5F7C5F
637F60
658161
6C8566
607A5E
58735A
5E785F
617B62
57705A
546C56
627B5F
637C5F
5C755A
556C54
5D7559
637C5B
647D5A
5F7753
657D59
677F56
637C52
5A734C
5C7454
687F61
617854
5F764F
657C52
6C8254
718755
7C905E
899B65
889964
82925E
7C8A58
788553
758153
717E53
697A4E
65784B
63774A
637749
637649
66774B
66774B
65764A
607146
5B6D42
53683E
4D633C
50653E
566B43
5A6F47
5B7046
5C7044
5E7144
637548
677A4C
687A4B
6B7D4B
788854
879661
919F66
929E64
909D60
8F9B5F
939E62
97A165
9FAB6E
A3AE71
9FAA6A
A2AB6C
A2AC6C
A1AC6B
9DA869
94A062
8E995D
879457
869355
849154
869356
8C9859
8E995B
909B5C
939E5E
9CA761
9EA862
949F5A
85924E
7C8A49
7D8C4A
7A8949
728146
6C7C45
657742
5F7240
5D713F
5F7340
607341
5C703F
566A3B
516738
4F6537
4D6335
496133
4B6234
4F6638
4A6236
456034
466035
486136
486035
455D33
435D32
435C33
475D35
475D35
485E37
485E39
4B613A
4D633B
495F37
445B33
475D35
496038
475F36
476035
486335
4B6638
516C3C
516C3C
4F6A3A
4E6939
4D6937
4F6A39
516B39
4F6934
597238
5E773A
5F793B
5D773A
597339
5F783B
667F3F
698041
6D8545
677F40
5F793B
5E773D
5C753C
5F783E
5F783E
5F7840
607740
5E753E
5E743C
5A7039
596E37
5B7039
5F753D
657942
657A43
657A43
687C43
6B8045
6B8044
718647
778D4C
7F9356
7E925C
798C59
6D7E4D
687A46
798B53
87985E
899A5F
899857
84914F
818E54
808F52
829155
7F9152
7C8F51
7A8D4F
7A8C4F
7A8C50
7A8D4F
798A4B
7A8B4C
798C4D
7A8D4D
7A8C4E
798C4F
7A8C4D
7A8C4D
7A8D4E
7A8C4F
7B8D4F
7D8C4E
7C8C4C
7C8C4E
7E8D4F
7E8E50
7D8D4F
7F8F51
819153
859557
8D9C5F
8C9B60
86935B
88935C
85905C
929A70
9FA687
ABB193
A5AD8A
576D62
566E62
48645F
375858
365857
4F7166
4C7262
396057
41695D
4B7161
4B715F
527663
547762
5B7D66
6D8B6F
698666
6E886A
7A8F73
778D71
6F876D
688068
627C63
5B755E
526D58
4C6955
486553
456452
42614F
466552
4D6A55
516F57
57735B
58755B
5A765A
5D785B
5F795C
5F795B
5E785B
5C795B
5D7B5C
5F7B5E
647F5F
6A8561
698564
58735A
546E59
5B7760
5F7962
59735C
59725B
5F785B
657E5D
60785C
566E53
5F7758
627B5C
5A7457
597353
667F5A
647D57
677E54
6F895A
69855C
5A7754
4E6749
5A6F4C
6F8254
768856
879862
8F9E64
87975D
809059
7D8D58
7B8A57
778554
778554
748254
708052
697A4C
667A49
667949
637446
617244
627346
627346
637445
627444
617246
5F7046
596D45
586E45
5C7046
607348
637649
67784C
697A4D
6B7C4D
738350
808F59
8D9961
95A166
95A065
97A165
9CA669
A0AB6C
A3AC6C
A3AE6B
A2AC6A
95A160
8D9859
9CA765
9AA464
909B5F
828F56
778650
72804E
71804D
788750
808E54
849155
899557
8F9A5A
95A05E
929D5D
8C9858
8F9B59
8B9755
818F4D
7D8C4D
7A8A4B
738446
6C7E41
677941
5F723E
576B3B
536738
566A39
596E3D
596D3D
576B3C
556A3C
516739
516739
516739
506738
4E6537
4D6436
4E6537
486135
465E34
476034
496034
4C6337
466034
445D33
4C6339
4E653B
4B6239
4C6339
4D6439
4D6438
4C6339
4B6238
4B6238
496036
475F35
4B6537
4B6736
476332
4A6532
4A6532
4E6935
506B38
556E39
5A733C
5F763F
627940
677F43
678041
6A8342
718847
6E8646
677F41
688042
678041
678041
677F41
627B3F
60793E
5F783F
5D763C
5B743B
5B733B
5D753D
657C43
657D42
677F42
698143
6C8244
6E8445
6F8445
6C8144
6F8546
728849
748A4E
7D9258
809456
829655
758A4B
647740
667848
768959
83965D
879A58
819550
829552
859454
808F51
7C8B4D
7D8D4F
7E8E51
7A8C4D
788B4D
758A4D
768A4F
778B50
768A4F
75894E
75894C
75894D
77894D
788A4E
788A4E
788A4E
77894E
788A4E
788A4E
798B4E
7A8A4D
798A4C
78894C
77884B
76874A
78884B
78894B
78884B
78884B
7A8A4E
7F8F54
86955B
8A995E
7D8B50
778550
89926A
969E7C
A5AF8E
596E63
516761
3A5658
345356
466760
4B6E63
3D645B
466E62
497262
476F5E
537A64
557860
63846A
6F8C71
6E8768
738E6C
799170
778A6D
6E8366
657D62
5E765D
5A735B
577059
536C56
4F6A55
4E6A54
4D6B55
4D6E57
4F6F59
517259
557459
59765B
5B785B
5E795A
617B5C
668161
658060
637E5F
658061
678261
65815D
6E8963
6C8965
5C785C
58745C
56725B
526B56
5C785E
546E55
587256
637B5A
637C5A
556F52
617A5B
6A8361
5A7455
456048
5C7555
657E56
637C54
6C875C
658055
406242
2E5236
58714A
798D59
889960
8B9A62
87965E
7E8B56
788654
758350
758350
778552
758552
748352
758453
6C7C4C
677747
6B7C4A
6B7C4B
6D7D4D
708050
6F7F4F
6E7E4E
72814F
758452
768554
768656
768556
718253
6E7F50
728253
788756
798956
7D8B59
8A9660
97A268
9FAA6C
A0AB6B
A0AA6C
A3AC6E
A4AC6F
A4AD6E
A4AD6D
9EA765
9BA460
9DA662
95A15E
96A161
98A262
8E995E
808D57
72814E
677847
637445
687947
76874E
7F8D51
869356
939E5E
9AA562
9AA562
939E5C
879556
808E50
7C8B4E
78884A
758549
718246
6B7D42
63763D
5D713B
596D3A
556A3B
566B3D
556A3C
53693A
506638
4E6436
506638
4F6437
51673A
516739
526839
546B3B
51693A
506739
4D6537
486135
486135
445D33
4C6437
466034
435C34
475D36
475E35
4C6338
4D6438
4E6538
506738
51693A
526A3A
4C6336
4B6235
4A6233
506936
536D38
536D37
556F39
5D763D
5C753C
59723A
60793E
667E42
6B8144
6C8245
688042
677F41
677F41
657E3F
657E3F
637C3F
5E773C
5E773C
5C753B
5B743A
597239
577036
597137
5D753B
5F783D
62793E
677D42
6F8648
698042
667D3D
6A8140
738948
778C4A
7C9150
819555
859A5A
859B59
7A8D53
6D804A
6D7D49
6C7D48
72834B
7D8F53
819453
809452
7E9250
7C8F4D
7B8E4C
7A8D4B
7B8B4C
7A8A4C
798A4B
798C4C
7B8F4E
7C8E50
798B4E
6F8246
6B7F45
667941
697C44
677C44
6A7F46
74884F
74884F
75884E
708248
697B41
697A42
6D7E46
718349
728449
74864B
75874B
74854A
738548
738547
738549
77894E
7A8C52
7E9055
7B8D53
76894E
738548
798A4B
7F8F4F
819151
7D8B4F
7C8858
919B77
516761
435B5C
355155
45635E
4C6D62
43665C
456B5F
4C7263
4D7362
517762
567D63
698B6D
74906F
768D6C
7C906D
7C8F6E
768A6C
74896C
72876A
6C8266
647B60
5F775D
5C745B
597059
566F56
557057
547258
527359
56755B
59775B
59785A
5A785A
5E7A5B
667F5E
6D8763
6F8965
6D8867
6A8566
678262
69845E
708A62
6A8463
4D6A57
56725E
59755E
4F6B55
607A5C
5E795A
5A7457
657E5F
657E5C
577153
5B7457
68815F
577157
476249
5E7855
67815B
617B51
69835A
4F6B4F
37563A
3B5939
60774C
81915A
88975D
7E8E58
7C8A56
788653
717F4E
6D7D4E
6D7D4E
6F7F4F
748351
778653
798754
798754
788653
758350
71804D
717F4C
72804D
73814E
73824F
768451
7A8753
7E8B55
849159
88955E
88955E
84915D
84915B
87945D
8E9A61
98A467
9FAA6C
A2AB6D
A4AD6D
A3AC6B
A2AB6B
A0A96A
9DA769
9DA669
9EA769
9EA768
9FA767
9CA664
96A15F
97A161
929C5F
8A965A
7B8952
73834E
6F7F4C
6C7C4A
6B7C48
75854D
849155
919D5D
98A360
97A35F
929E5C
869256
808C52
7A894E
77864C
738549
728448
6C7E44
65793E
61753C
5E733C
5C703B
596F3D
596F3F
5B7140
596F3E
566C3D
556C3C
566B3D
4F6638
546A3C
53693A
53693A
556B3C
53693B
51683A
506738
4F6638
50673A
51683B
50673A
4C6437
466034
476036
496036
485F35
465D34
4A6136
4E6537
536B3A
59713D
59713D
576F3B
5A733C
5F793F
637C41
677F42
667E41
677F42
688042
688042
667E41
637B3F
627A3E
637A3E
637B3F
667E42
698143
667E42
647B40
60793E
5B733C
5A723B
567039
557039
58723A
5A733A
5B7339
5E763A
647A3F
6A7F43
6D8245
738749
798D4D
798D4C
7A8F4B
7E9350
859955
889C59
889C5A
7C9051
748851
647747
6F814A
809353
899A5A
869757
869757
869755
859752
839651
819550
809451
809351
7F9351
7C8F4F
788B4B
75894A
76894C
798B4E
798B4F
7A8C4F
7E8E53
7B8C51
75884D
75874D
72854B
6C8147
6B7F48
6E814B
72834B
71834A
708247
6E8046
687943
677842
6A7B44
708249
74864B
76884B
7A8D4D
7A8D4B
758849
73834C
71824D
73844F
798A51
7B8D52
7C8F51
7D904F
7C8E4D
7B8D4D
7D8C4F
78874E
707E4B
445D5B
345152
43605C
4D6D62
47695D
4B6E60
4C7060
4E7360
537661
5D7E62
6A8B69
728E6B
7E926F
80906E
7B896A
748367
6E8166
6C8165
6B8165
698064
677E62
667D62
657C61
627A5F
61785D
5E775B
597558
567658
5A795B
5D7A5C
5D7A5B
627E5C
6A8460
6D8863
6B8663
65805F
638061
658162
688261
6D8861
6B8661
4D6854
4F6B59
57725F
506C55
658063
688261
607A59
657F5F
698362
567054
5A7356
637C5C
546E55
506C4E
6B8560
6C865F
668056
6B845E
4A6444
4E6741
6D8153
879666
889662
818D57
788550
728251
738253
728252
728253
6F7F50
69794B
6B7B4C
70804F
768552
7A8854
7B8955
7E8C58
7D8B57
798753
74834E
74824E
788550
7D8A54
818D57
89935A
909A5F
949E61
949E62
949E63
97A165
9FA96A
A6B171
A9B272
A6AF6E
A1AB6C
9EA868
9DA667
9EA868
A0A969
A0A96A
A1AA6C
9DA76B
959E63
8D965B
8B9456
8E9957
959F5C
929D5C
889457
7F8E54
788752
72814E
798652
859157
8E995B
95A160
9AA564
939E5F
8B9658
808D50
77844A
727F49
6D7C47
697A44
657842
637640
657741
647941
61763E
5C713B
596F39
5A703A
586F3C
596F3E
586E3D
576E3C
556B3A
556C3B
506738
506739
546B3B
566C3C
566D3D
556D3D
506739
4D6637
4C6538
486134
486135
486036
496235
496336
476235
415A30
405830
465C33
485F36
4A6137
4F6637
556D3A
566E3B
59713B
5F7840
637C42
617A3F
60793D
5D7639
5D7639
5F793B
61793B
627A3B
637B3B
627B3C
627A3C
61793B
617A3E
60783F
607941
617A42
5D753F
5D753F
59713D
556F3C
57703C
5A723D
5C743F
5E773F
657D41
697F41
6C8141
6F8443
758846
7A8D4A
81924F
879855
8C9E58
8D9F59
8C9E59
889957
819151
748648
75874E
7E9058
869958
8EA059
8FA058
8E9F59
8F9E59
8E9D58
8D9E59
8C9D59
8B9D58
8A9B58
899B57
889A57
859755
829352
809051
7F9051
7F9051
809154
849458
88965B
859458
829356
819154
809053
76894B
6F8146
708348
738549
728548
728447
738548
728449
73854B
76884B
76894A
758848
788B4A
7C904C
7B8F47
788B48
728347
6A7B42
5E6F39
5E6F39
5E6F3A
687943
6E7F4A
758650
7C8E54
819254
849455
809054
385754
41605B
4D6D61
48695C
4B6D5E
537462
567762
577761
617E62
758F6C
78916B
7E926F
819070
798468
738066
6E7D65
6A7E64
688065
688064
687F65
677E65
667D64
647D63
637B60
62795E
607A5E
5E7B5D
5D7B5C
5A7959
5F7B5A
69845F
708964
6B8661
637E5D
5D7B5C
5C7A5A
5D7A5B
637F60
6B8564
6B8661
5F7A5E
536F5F
5A765E
577258
678165
688261
627B5A
647E5A
647F5C
5D7856
5A7356
617A5E
546E53
50694E
6F8863
698258
647C51
708758
657C4C
718A5E
859965
8A945A
838C54
798451
768352
738051
6E7D50
6B7B4F
69794B
68784A
6E7E50
6F7F4F
6E7E4F
718151
748451
778551
798652
7A8851
7E8C55
83915A
87945D
89955F
8B975F
909A60
949F61
98A263
9BA464
9CA565
9DA768
A1AB6D
A4AE6F
A4AE6D
A2AB6B
9FA868
9AA566
96A164
96A063
9AA466
A1AB6D
A3AC6F
9CA56A
939E62
889459
859055
899458
959F60
9FAA67
9AA463
8D9A5D
829156
79884F
74814A
7B8650
8C965A
9BA464
9BA565
8F9A5A
838F50
77844A
728049
71814B
6F7E4A
687845
657743
637443
607341
5E723F
5B6F3B
596D39
5A6F39
5C713B
5B723C
5B723C
5C733F
59703E
566C3C
516939
526C3D
526B3C
4F6739
526A3A
556D3D
546B3A
526B3B
506939
4C6638
4A6537
486235
496336
455F33
405B2F
445E32
445F32
435E32
496337
4E663B
52693C
506739
546B3A
5C7540
5E7640
58703D
59713D
5C753D
5B743C
526B36
556F38
59733A
567135
597235
5F783A
627B3D
637C3D
627B3B
637B3C
5F783A
5E773C
5C743D
58703E
566F3E
58713F
5E7642
5B733F
5C7542
5F7743
627A45
637B44
667D43
6C8242
708543
758945
7D8F4A
84964F
899A53
8A9B55
90A05A
93A35D
91A15D
8E9E5B
8A9A59
879757
809253
859656
889D57
8EA259
90A059
8D9E57
8C9B55
8C9B55
8C9B56
8E9E59
90A05C
91A15D
91A15D
92A25E
92A25E
92A25E
92A05E
909D5C
8C9A59
889856
859556
808F52
849358
88975B
88975B
88985A
8A9A5B
8D9D5B
8B9C5B
899A5A
889A59
899B5B
889B5A
849756
839655
829553
809351
809350
7E924E
7C8F4B
7A8F4A
7B8F49
7A8E49
788C49
788B4B
788A4D
77894E
76884F
778951
75864E
708248
6D7E43
748343
798848
7D8C4F
44655D
4B6C60
48695C
4B6D5E
4F705F
53725E
617D62
6C8567
7D936F
849670
7C8F6D
768669
707E65
6E7C65
6C7B66
667964
617861
607A61
5E785F
5B755D
57725B
536E58
547058
5A7559
5C775B
5D795E
5E7C5E
607C5D
65805C
6D8761
728B63
69835F
5B7959
577658
59795A
5E7D5C
63825E
688562
688364
5F795E
506C57
536E58
627C60
6D8765
668160
617B5A
68815F
67815D
607B56
617D5C
5A765C
4E674E
587052
73885B
718555
718757
869964
889C64
85995E
819558
7A8C54
7E8955
7A8553
798553
768252
758151
738050
6A794A
6B7B4C
748252
768552
788652
788651
798752
7D8B54
85935A
8D9A5F
95A066
99A46A
99A56B
9AA56B
9CA66C
9DA86D
9FA86A
9FA865
9DA766
9CA566
9BA465
98A264
96A062
95A062
96A163
98A264
98A365
99A468
99A56B
9AA56B
99A46A
95A066
8E9A5E
869157
828E53
88955A
97A267
9FA96C
9AA464
96A05F
8A9659
7D8B50
79874D
818E53
8A955A
959F62
959F61
8B9659
7C884F
73814A
6F7D48
6C7C48
647543
617240
637342
607140
5E703F
5D6F3F
5D6F3E
5C703C
5C703E
5A6E3B
596F3B
5B733D
5D753E
5D753E
5C743F
5A7340
556F3C
4F6A38
476233
496335
486334
536D3C
4F6938
536D3D
4E6838
506939
4B6435
466033
4A6436
4A6436
4A6437
4D673A
4C6638
4C6537
4A6437
4E6839
536A3A
536B3A
58703C
5F7841
5D763D
5A733C
576F3B
576F3B
59723C
566E3A
506836
4C6630
4A662D
547035
607A3C
5D773A
5C7538
5D7638
5E7639
5D763A
5A7437
597338
59723B
566F3C
506B38
546D3A
637A44
657C44
627942
647C43
697F45
6F8448
758A4A
7A8E4B
7F914B
84964E
899A53
8D9C54
90A057
94A35C
97A65F
97A560
93A25D
909F5B
8E9D5B
8E9D5C
8A9A5A
8A9C58
899D55
8A9D55
8C9C57
8D9C58
8F9E58
91A059
92A15B
91A05C
91A05E
909F5D
90A05D
909F5D
909F5C
92A05C
94A15D
95A25E
96A35F
94A360
94A262
919E60
8D9B5E
8D9A5D
8A985B
879557
859554
859653
859652
869653
869753
859753
839652
829551
819451
7F9251
7E914F
7F9251
7E9150
7B8E4C
7C8F4C
7B8F4A
778B46
758944
768A45
778B46
768947
788B4A
798C4C
7E9150
829653
839453
849351
808E4F
768447
4E6E60
47685C
4D6C5E
50705F
55735F
617D63
748C6A
81956F
82936E
7E8D6C
738267
697861
61705C
5A6B58
556856
506755
4B6754
486652
466451
466551
486752
42624F
43634D
4C6A50
527055
547156
5B7859
6B8561
748D65
708963
647F5D
5A785A
56765A
57785A
5D7D5D
63815D
66845D
65835E
59755B
4F6A57
53705A
668161
6C8662
617C5D
627C5B
678262
688161
657E5C
6A8461
5C7558
435F4D
617A5A
869765
8D9C64
91A164
94A263
909E5E
829256
7C8C53
7C8A51
7C8A52
7B8653
798552
7E8753
808953
858E56
879159
849059
838E5A
88945B
8E9A60
939E63
96A165
98A265
99A464
99A464
99A464
99A365
9BA469
9CA76A
9DA76C
9CA66C
9AA56A
99A366
96A061
919B5F
8C975B
879258
879157
8D995C
94A062
97A365
97A465
93A063
8A995E
7D8D57
73834F
70804C
75844F
7D8C52
8B975B
96A166
95A065
8B975C
869358
859258
839154
879356
8D995A
929D5D
95A060
9AA464
8E985B
7D8A51
72804B
707E48
6B7C47
647642
62733F
5F713E
5E6F3F
5E7040
5E7041
5F713F
5F7140
5F7140
5B6F3D
576C3B
546A39
536938
526937
576F39
5C753D
59733D
55703C
57733C
57723C
536E3B
536E3B
526D3A
56713C
526D3A
486433
4D6836
5A7240
576F3E
526B3A
4F6839
496335
486235
4C6537
546C3C
546C3B
566E3C
576F3D
546C3A
59713C
5B743D
5A733B
5A733E
5C743F
5B743D
5B743D
57703A
566F3A
58713A
5D763D
617A3E
5F773B
5F783B
627A3D
61793D
5E773B
5C7439
5B7338
5A7338
5E763B
5E763D
627B42
6B8247
6C8246
6F8447
6F8348
718548
758B4B
7B8F4D
7F9350
849751
869851
8B9B54
92A058
97A55B
9AA85C
9CAA5E
9AA85F
96A35D
93A05B
94A15C
97A360
99A563
96A260
909E5C
90A35C
8FA15A
8FA05A
91A15B
919F5A
929F5A
919E59
909D59
8F9D5A
8D9D5B
8C9C5C
8D9D5C
8D9D5C
8D9D5B
8E9D5A
8E9D59
8E9D5A
909F5C
91A05D
92A05E
95A161
95A160
96A260
96A261
97A460
91A05C
8A9958
889856
8C9B58
8D9C59
889A55
829552
809351
7E9150
7C8F4F
7B8E4E
7C8F4F
7C8F4D
788B49
7A8D4A
7A8E49
788C45
748744
738744
748743
6D7F40
6C7F40
697D41
6C8044
718345
788948
7F8E4C
829051
839153
4E6C5D
4E6B5E
54715F
5A7660
658063
778F6C
7F946D
7D8F6B
778769
6E7D64
677561
5F705F
556959
4F6553
4B6352
466153
426153
3F6150
406151
406251
426451
3F6350
42654F
496950
4E6D50
5D795A
708964
748D66
6C8560
617C5B
577558
557459
59785B
5C7C5B
617F5D
688561
668461
4B6754
3A564A
59745C
6A8464
6C8663
617C5C
607A5C
6B8462
617C5F
5A7558
627B5A
5F7753
6D8058
8B9B67
97A56C
99A467
98A466
8E9A5C
879355
808E52
818E53
828F54
7F8C51
7C8850
7E8952
828C54
889057
8E9659
91995D
90995D
929C61
969F64
99A366
98A265
96A063
949E61
939D60
939D5F
96A060
99A363
9AA463
98A263
949F60
8F9A5E
89955B
849058
828D55
838E55
848F55
889258
8D985C
959F61
97A363
95A263
919E62
87965B
798952
6C7E4A
667845
667845
70814B
819056
8C995F
8A985C
808E54
7C8A50
7A894F
77864E
77864E
7E8D51
8B9759
97A261
9BA664
949F61
818D53
76834D
707E4A
717F4A
72814A
72814B
75844D
73824A
71804A
697A46
5E6F3E
5A6B3B
586B3B
576A3B
57693B
566B3C
586D3C
566C3B
556D3B
586F3E
5C733F
5D763F
57713A
536E37
58733B
5C753D
5B753D
5C763E
59723B
5C753D
5C753E
546E37
46612F
425D2E
4C6635
627844
607744
5A7240
5B7240
5B723F
5A723E
5B723E
586F3B
5C733E
5C753E
5D763E
5C753D
5A723D
576F3C
556D3B
58713A
5C753C
617A40
667F42
678144
677F42
657C40
697F42
6F8445
6D8344
6C8244
6B8143
6D8345
708646
6C8244
6B8142
718749
788D4E
778B4C
798D4C
809350
7F924F
819350
849752
889853
8A9B54
8E9E55
9BA960
A0AD63
A1AD64
A2AE64
A2AE65
A3AF66
A2AE65
A2AE67
A3AE69
A2AD69
A1AC68
A1AC69
A1AC69
9DAA65
97A963
95A760
93A45E
92A25C
92A05B
94A15C
96A35E
96A35E
96A35E
94A35F
94A35F
94A360
94A35F
94A35F
96A35E
96A35E
96A25F
96A35F
97A560
98A561
93A25F
94A25D
93A15C
91A05C
909F5C
919F5C
909F5C
8C9C5A
8A9A59
8B9B5A
889A57
849854
839653
819453
7F9251
7B8E4E
7A8D4D
788B4A
788B49
778B47
778B45
768A44
738742
718442
728543
738645
6C7E40
6B7D41
6E8044
6B7F43
6F8244
738547
748447
768649
4F695C
546C5B
617960
748B6B
7D936F
7E936E
7A906C
718466
657761
627260
617162
586B5D
506658
4D6453
4A6353
456254
436254
416454
426554
426654
466855
496B56
496B52
547051
6B855F
758F6A
6D8764
627D5B
607B5B
5A785A
567459
577559
5D7A5B
5F7E5B
64825E
5C7A60
375246
3B5645
5D795F
698466
627D60
5F795A
66815F
658063
546F55
59724E
718558
7F9160
8D9F6C
99A76E
99A363
939E5F
8E985D
899459
8C975B
8F9A5C
8F995A
939E5E
949F5F
8F9A5A
8C9758
8F9A5C
929C5F
929C5F
919A5D
8D975C
899459
899459
8C965B
8F995D
919B5E
949E61
99A365
9FA96A
9EA86A
99A465
939F63
8E995E
869156
7E8B50
7F8C52
818E55
848F57
879359
8A965B
929B5F
98A164
98A367
919E62
879659
7E8D54
75864F
71824C
6F804B
72834C
7C8C53
87975D
8B9A60
85935A
7D8C52
79874E
75854E
74854D
78874E
7B894F
869256
94A060
99A465
8F9B5E
839054
7B884F
77834D
76844F
7A8852
778651
6F804C
6C7C48
6A7A47
6A7A45
6A7B46
697A46
657743
627340
5E6F3F
586B3B
566939
556A3A
566B3A
566C39
566D3A
586F3B
586F3B
59713B
5B733C
5D783D
60793D
627A3E
60793D
647C40
657D41
60783C
60783C
617A3F
5F7841
59723F
576F3D
526A37
5B723E
5F7741
5D743F
5C733E
59713C
5B733F
5F7641
5F7640
5E773F
5C753D
5C753B
587039
536C35
587138
627C3F
657F41
647F3F
65803E
6B8443
6E8546
708446
708547
778B4B
7C904F
778D4C
778A4A
7A8D4C
7E9250
809451
859954
879A55
8C9D58
8E9F59
8E9F59
90A058
8F9F57
92A25A
97A75C
9BA95E
9DAC60
A0AE62
A6B268
A7B36B
A6B16B
A4B06A
A5B06A
A6B16B
A6B16B
A6B16C
A6B16C
A5B06C
A4AF6A
A3AE6A
A4AF6B
A0AC67
9BAB66
98AA63
98A963
99A964
9BA964
9CA964
9BA863
9AA763
99A660
96A55F
95A45E
94A35D
92A25B
92A15C
92A05C
909F5C
8D9B5A
899856
849453
849452
82924E
82934E
83944F
82924E
81914E
7C8C4D
79894C
7A8B4E
7B8D4F
75854C
74874B
798C4D
7D904F
7C8E4F
7B8D50
7E9051
7B8E4E
748747
748746
788C48
778B46
758944
768A44
758944
728643
6D8041
6F8242
738547
738548
6D8145
6C8044
6E8146
6C8044
6F8247
647662
75876C
7E906F
80956F
7D916D
728667
6C8264
637A61
5E7361
5F7362
576C5E
51675B
4C6455
4B6351
496353
466254
446454
456753
476854
496954
4D6C53
547354
627F5B
708A64
748C64
67815D
5D795B
5D7A5D
5C795C
59775A
58765A
5B795B
607E5E
658361
54725A
355440
4A6754
648262
67855F
5A755A
526F54
68825E
6D8558
698155
768D61
8FA16C
99A86A
9AA768
97A464
97A361
98A264
95A064
959F64
959F64
949E62
929E5D
8C9857
889353
889354
8C9759
8F9A5A
8D9859
8A9456
869254
849053
849155
869156
8C975C
96A064
99A367
9AA467
9BA568
99A264
939E5F
8D985B
889458
838F55
818D54
828E55
849057
8A965D
8F9A62
929C63
96A265
97A365
939D62
86925A
7B8853
718149
6D7F45
718148
74854B
7D8E52
89995D
8F9E61
8B9A5C
849355
7E8C50
7B894E
7A884E
7C8950
7E8D53
829157
8B995E
96A266
97A263
8F9B5B
838F54
7A8950
75844F
778753
788552
707F4B
6B7A46
657643
617241
5D6F3E
576A3B
5B6E3D
607240
60723F
617340
647642
627442
607141
5A6D3B
546836
566A38
5B703D
5F7440
5E7440
5E743F
5E753E
63793F
657D3F
678141
698142
6A8243
677E40
677E40
698243
698142
6A8243
6A8144
6A8046
637A42
607742
5F7640
5D743D
5F7640
617742
5E7640
5A723D
5D743E
5F7740
657E43
647E42
637D3F
668042
6E8848
6D8745
6C8743
708B45
728D45
748F46
799149
7C924E
7F9251
819252
849653
849552
879A55
8B9B57
8B9C57
8E9E59
8D9E57
90A059
94A35B
95A45C
9AA95F
9FAC62
A1AE65
A2B166
A3B267
A6B468
A5B367
A3B164
A1AE65
A1AD67
9FAB67
9EAA66
9CA865
9BA764
9AA562
9AA562
9BA764
9CA764
98A360
929D5A
929D5A
96A15E
93A15C
8F9E59
8B9C56
8B9D56
8E9E58
909F5A
929F5A
93A05B
93A15D
909E58
8D9C55
8B9C55
8A9B55
8A9A55
8A9A56
839553
7D8E4F
7C8D4F
7E904F
809352
7F9250
7D8F4C
7D8F4B
7C8F4A
7C8E4A
7B8D4D
7A8C4F
75874D
718349
75864F
72834D
74864F
76884E
788A4C
778A4A
75884A
768949
778A4A
738646
708341
758845
788C47
798D49
7C9049
7C9049
798D48
748746
768949
768949
738646
738647
708346
6B7E43
6B7E41
6A7C3F
818E6C
83936C
7E8F6A
778C68
6D8463
647B5F
60795E
5D765F
57715D
526B5B
51695B
4F6859
4E6957
4F6A56
4F6B57
4C6957
4C6B58
527159
577459
5D7859
6B855F
758E65
748D64
69825D
5D7759
5A775B
5A775C
59765A
59775C
57765B
587659
607D5E
658264
587558
3B5A47
5B7A60
6A8962
627F58
5D7753
5F7656
718960
839964
91A56A
97AA6B
9DAC67
97A360
96A260
96A261
95A160
95A060
949E60
939D60
939D60
929C5F
8F9A5C
8C9858
849254
829055
828F56
839057
849255
849153
839052
849254
8C9857
929D5D
96A062
98A265
9AA465
98A263
95A062
949E61
909A5D
889558
849156
849257
879258
89945A
8C975D
909B60
949E64
959F65
949E63
8F9B5D
839055
75844C
6D7C49
6A7845
6D7C44
78884D
869657
92A05F
94A15E
8D9B59
869455
829152
7F8E51
808E52
839155
879458
8D995C
95A163
9AA668
97A265
8F9A5E
879459
7E8D53
77864F
71814B
6E7E4A
6A7B47
647442
647543
637541
617340
5D6F3E
5A6D3D
596C3D
5E7141
617542
607240
5D6F3C
5B6C39
5A6C39
5B6D39
5C6D3A
5B6F3A
5D703B
61753E
647940
687B43
697D44
697E42
6B8142
6E8444
6E8643
6D8544
6C8242
6C8243
6F8646
6E8745
6F8744
6F8544
708645
738849
6E8346
6B8044
667B41
5E753D
587038
5B733A
5E763D
5B733B
647B43
637A3F
6C8546
6C8444
6D8646
708947
738C46
78904A
7D944C
7E954C
81994C
859C50
899F56
8D9F58
8F9F5B
909F5B
94A35D
97A760
97A45E
96A25D
98A55F
9BA962
9AA963
9DAA63
A0AC64
A2AF66
A2B065
A3AF65
A2AE64
A1AD63
9EAB61
9BA860
99A55E
96A45D
96A35E
97A35F
96A360
95A15F
939F5E
919E5C
8F9D5B
8E9D5A
8C9A58
8A9956
899855
889754
8A9855
8E9C59
8D9C58
8B9B55
899A54
879852
879752
879650
899752
899753
859452
81904E
7E8F4D
7C8F4D
7B8E4C
7A8C4A
798D48
788B49
768B49
758A49
768A49
778A49
788B49
798C47
788C47
788C46
788C48
788B4B
75874A
74864B
74864F
6E7E4D
677745
62733E
64753C
6C7F41
778A49
7C8F4F
7B8E4C
7C8F4E
7E904E
7D904E
7C8F4C
7C904A
7B8F4A
7B8F48
7B8F48
7C8F49
7B8F4A
768947
748746
718444
768948
758746
728545
788848
778645
829266
798C62
6F835F
647C5C
5F7A5B
5B775A
567258
526E57
4F6B55
4E6955
4E6A56
4E6B55
4F6D55
527057
557258
567458
597559
5D7759
68805C
798F63
7D9364
72895F
667E5E
5F785B
5A745A
56735C
59755C
5C795F
59775C
557259
5E7B5D
637D5D
5A7458
516B54
658160
657F5C
607954
647C56
788E5F
8EA067
98A669
9CAB69
97A867
95A465
95A161
939F5F
929F60
909E5F
8E9D5F
909D60
909B5F
8E9A5E
8E9A5D
8E9A5C
8F9B5D
909C5C
92A060
919D5D
8C995A
8D995B
919D5E
929E5C
95A05E
97A360
9AA561
9DA663
9CA664
98A363
96A160
949E5D
919A5C
8F995C
8E985B
8D9A5D
909B60
939E63
94A063
96A265
97A266
959F64
919B60
8C965C
879358
828E52
78864B
74844A
79884E
849255
8C9A5C
919D5E
929F5D
909B59
8C9755
8A9554
899654
869554
879556
899759
8C9A5C
8D9A5C
8C985A
899556
859152
808B4E
7A864C
78874F
75854F
6F804C
6D7E49
6D7E49
6C7D48
6B7C48
6D7E49
6D7E4A
6D7E49
6D7E4A
697A47
617340
5D6F3C
5E713D
627441
647743
667842
667841
677A41
6A7C45
6C7F46
6D7F46
708346
748748
78894A
788A4A
778B4A
7A8F4C
7C914E
7A904C
788E4B
788E4D
7B9150
7E9453
7D934F
7C924E
7A8E4B
788C49
768B4A
758A4A
748949
728749
70864A
6B8348
6B8245
6C8245
6F8549
73884B
75894C
778D4D
7A8F4E
7C924F
7E9451
7F944F
839750
889D56
8DA059
90A35D
92A55E
96A75F
99A760
99A661
99A661
9BA861
9CA961
9FAB64
A0AB66
A0AC66
A0AC64
9EAB65
9FAB64
9EAA62
9EAA60
9CA85E
9AA65C
98A45A
96A258
95A158
94A059
949F5B
93A05B
939F5C
929E5C
919D5B
909C5A
8E9A58
8C9A58
899857
899857
889755
8A9A56
8A9B57
8A9C58
8A9956
8A9954
8B9A55
8A9A54
879750
84954F
859550
889852
859551
7E8E4D
798A49
768948
778B4B
798C4C
7A8D4E
7B8E4E
7B8E4D
7A8D4D
788C4C
778C4C
778A4D
77884E
77884E
7A8C4D
7A8D49
798D4A
788B4A
76894A
73844A
6D7E48
667645
5D6D40
5B6A40
647443
708249
76884C
798B4C
7B8E4D
7C8F4E
7E904E
82934E
829552
839653
839751
829650
83934F
82934D
80914B
7F904A
7C8F4A
7A8E4A
7A8D4A
7C8D48
7D8E49
7F8F4B
818F4B
81914B
70865F
6C835D
647C5C
5B7759
567358
516F55
4E6C53
526F56
557256
577457
577457
597658
5B785A
5D795A
607B5A
637D5A
6D855C
7C8F61
809364
798D62
6D835E
627A59
5F795B
637C5E
647D60
5E795D
5A745B
55725B
55725A
647E5F
678160
678060
627B5D
637B5D
627755
6A7D56
809061
91A16E
99A96C
99A663
92A060
909E63
929F65
8F9C62
8B995D
89985C
88975C
86965B
87975C
85945A
859359
869359
87955A
8A985B
8B995D
8E9B5C
939F5D
97A25E
99A460
9AA560
9AA460
9CA660
9CA661
9DA761
9CA660
9BA560
9BA562
99A464
97A162
939D5E
929C5D
929C5D
949E5F
959F60
959F62
939F61
929F61
909C5D
8B9659
879358
848F55
818D53
828F53
808D51
7B8B4D
869553
94A15C
97A35E
95A05E
929D5A
8E9B57
8E9957
8F9A58
909B5A
8F9A58
8D9958
899757
849255
7F8D51
7B8B4E
7A894D
77854A
748248
728046
718047
6D7D46
6F7F4A
74834D
75854D
75844D
74834C
73824B
74834B
74834B
75844C
77864E
76854C
728149
6E7E48
6C7D47
6C7D46
6D7E46
708047
758348
768549
76854A
768649
798849
7C8C49
80914D
84934E
84944E
849550
859954
889D58
889B57
869956
829754
7F9451
7C924F
7C914E
7A8E4C
778C4A
768A49
758A4A
728849
738849
718748
718748
73884A
748A4C
778B4C
7A8E4F
7F9353
839655
869857
879A57
899C57
8C9E5A
90A15B
92A35D
94A55F
96A55F
97A661
99A861
9CA963
9EAA62
9FAB63
A0AC64
9FAB63
9DAA63
9BA862
9AA761
9AA761
9BA761
9AA762
99A55E
98A45C
97A45B
95A25A
94A158
929F57
919D55
8F9C55
8E9B55
8E9B56
8E9A56
8E9957
8C9856
899553
869250
85914F
84904E
84914F
889452
899755
889754
879853
889955
889753
889752
8B9B53
899A53
889851
899952
8B9B55
899A53
81924F
7A8D4C
788B4B
76884A
758749
738548
6F8244
728447
748649
718349
6D7E49
657646
5C6B43
546140
536044
63714B
70814E
70824D
6C7D4A
6B7B48
657342
5C6B40
5C6C3F
667646
697A4A
677846
6E7F48
6C7E44
6A7C43
6E8044
718345
748745
788B47
7A8E49
7C8E4A
7C8D49
7D8E48
7F904A
7F904A
7F904A
80914B
80914B
80914B
82934E
85954E
879750
8A9853
8C9953
8C9951
647E5C
627C5B
5F795B
597659
547256
547155
577458
587559
597659
5A7759
5A7759
5E7B5C
617D5C
607B57
6E855A
7E9265
849767
7E9162
73885D
677D59
617A5A
637C5E
607A5D
607A5D
627C5E
627C5F
5F795E
5A755A
637E60
698261
668161
617C5E
627B59
718158
8C9666
9EA673
99A374
899468
929D67
97A266
909E67
899764
85925F
82915B
809158
829359
7F9158
7D9058
7F9058
7E8E56
819057
849258
879459
8B975A
8D9A5C
8E9A5B
919D5B
94A05D
96A25D
98A35D
98A35D
9AA45F
9AA55F
9AA55F
99A35E
96A15C
949F5C
949E5E
96A061
98A263
9AA465
99A364
96A162
919D5E
8E995B
8B9758
899659
859356
849054
859254
8A9458
8E995A
929D5D
929F5C
95A25D
99A660
99A55E
96A05C
929E5A
909B59
8C9857
8B9756
8D9959
849054
808D50
818F50
7F8D4F
7D8B4E
7C8B4E
7D8B4E
77864B
728147
718046
738147
76844A
76844A
77854B
7A894E
7C8B4F
7E8B50
808D50
828E51
828E51
828E51
838F51
849152
859152
849053
818F52
7F8D50
7D8B4D
7C8A4C
7C8A4A
7D8A49
7F8B4A
83904D
879450
8A9852
8B9953
8B9B54
8B9B52
889851
859551
7E924F
7B8F4D
7B8E4D
7B8E4D
7A8E4D
788D4B
758B49
748A4A
748A4B
748A4A
73894A
738949
73894A
748A4A
768B4B
798E4E
7E9151
819454
859655
889858
8A9B58
8C9C59
91A05D
93A25D
96A35E
96A45F
97A45E
99A660
9BA963
9DAA64
9EAB65
9DAA64
9CA964
9CA862
9BA861
9BA761
9CA861
9CA963
9DAA63
9CA963
99A661
96A45E
93A25C
909F58
8F9D56
8E9C55
8C9C54
8C9B53
8B9A52
899851
879650
869450
869451
869451
869453
879452
879350
869250
85914F
84904E
85914F
85914F
849350
879653
899956
8A9B56
8E9D57
929F58
909E57
8F9D57
8E9C56
899854
82924E
7C8C4A
798949
768748
738446
718346
738548
77894C
748649
748649
748749
74864A
74864C
71834A
6C7D45
677842
5D6D40
424E34
434F3D
4D5B3E
5C6B42
677649
717F4B
73824D
75854C
76874B
748449
728347
708246
6F8146
6A7C43
6A7C42
6E8144
718543
738844
758944
788B46
7C8D48
7F904A
82934C
84944D
879750
899953
8B9C55
8D9D56
8D9E56
8F9E56
909E56
929F57
919E55
8F9C54
617B5C
5F7A5C
5B775A
577458
587558
5A7759
5A7656
587454
587353
5A7454
5B7555
627B56
70865B
7F9366
8B9D6C
839565
798C5F
6F835C
677E5C
657E5F
617A5D
5D775A
5F785B
607A5D
617A5D
5E785A
607A5A
678061
678061
617A5B
617954
728659
889967
9CA770
A5AB72
969D6D
545F41
4F5A3F
6A754A
828F57
808E56
82905A
85935E
899761
8B9A61
89995E
86975C
86975E
89995F
8C9A60
8D9B5E
8F9C5F
909D5F
909B5D
8F9B5B
909C5B
939F5C
95A15E
99A561
9AA562
99A45F
98A25E
98A35D
98A35D
9AA45F
9BA561
9DA864
9DA767
9BA667
9AA466
97A264
949F61
909C5D
8D985A
8C9859
8E995B
919C5E
939E60
96A162
9CA563
9DA865
9DA864
9BA561
9BA661
9CA861
98A55E
939E5A
8D9957
899654
859151
818E4F
808D50
7D8A4E
78864C
78874C
7A894D
7E8D50
839052
879354
889455
869253
839052
839052
859254
879455
869355
879457
899658
8C985A
8D9859
8D9957
8D9855
8D9855
8C9754
8D9855
8F9A57
8F9A57
909C58
929D5A
949F5C
95A05D
96A15E
95A15B
939F5A
909E59
8D9A56
879552
80904D
7E8E49
7F8F49
7F8E49
7B8B47
778947
748746
708545
708646
728848
738949
748949
728949
728849
728849
728949
74894A
788D4D
7D9051
819554
869757
889B59
8B9B59
8B9C58
8D9C58
909E5A
92A05A
94A25C
95A35E
98A55F
9AA660
9BA861
9BA963
9BA863
99A761
98A662
98A662
99A763
9BA864
9CA964
9BA963
9AA863
98A660
95A35D
929F5A
8F9D57
8D9B55
8B9C55
8C9C55
8A9B54
879750
85954F
84954E
85964F
85954F
85954F
859550
859450
849351
84934F
849350
879451
879350
85924E
86924F
889451
899553
8B9755
8D9B59
909F5C
8FA05C
8E9F5A
8C9B57
8A9853
889652
84924E
818E4C
7E8E4D
7D8D4E
798A4C
758549
718147
6E8046
687A40
64763C
61733A
63753B
63763C
63753A
607338
5F7136
637738
6C803C
748841
758949
727F58
4D5847
505B4F
606E50
5E6C43
6A7842
718245
748645
778848
768648
768847
768A48
758749
738648
728448
76894A
778C48
7A8C48
7D904A
82944E
84954F
84954F
85964E
87974E
8A994F
8C9B51
8E9D53
8F9E54
8E9D53
8E9D53
8F9D53
8E9C52
8D9B52
8D9951
617B5B
5D7859
5C7759
5E7A5B
5F7B5B
617C5A
66805B
69835D
6B845D
6D855B
73885D
839667
8E9F6D
889967
7F9162
72885E
6A825D
677F5D
647C5C
61795B
617A5D
627A5D
627A5C
637B5B
647B5A
657C5D
687F5D
68805B
688059
70865C
889A66
9FAD6B
A0AA67
98A164
8E965F
737C52
6B7659
7A8564
899567
91A065
98A569
99A56E
98A376
9DA67F
97A16B
8D9B5E
89985C
88985C
8A995C
909E5E
929E5E
919C5D
919D5F
939F61
94A061
93A060
919D5D
8D9958
8B9756
8F9B59
95A05C
99A35E
9CA661
9DA762
9BA660
99A25F
949F5D
929C5D
8F9A5C
8D985B
8E985B
909A5C
939D60
97A161
9AA465
9CA667
9DA666
9EA767
9EA766
9DA663
9BA460
98A35E
949F5B
929D59
8F9C58
8B9955
889655
879555
879555
879355
839154
818F53
7E8C50
78874C
78884B
7D8B4E
839052
8A9655
8E9957
909B59
909B57
8F9A57
8F9A56
8E9955
8E9955
8F9B59
919D5C
939F5D
949F5E
95A05E
95A05D
95A05C
939E5B
919D59
919D59
929D59
919D59
929D58
919D58
909B57
8E9955
8C9753
879550
85924F
82904E
7A894A
738346
6E8042
6F8242
728544
738645
738645
728645
718647
708647
708748
708646
6C8243
6E8445
718748
758A4B
798D4F
7D9151
829454
849755
879856
899A57
8D9B58
909F5A
92A15C
94A25D
97A45E
98A55F
9AA761
9BA963
9EAB65
9DAB65
9DAB66
9DAA65
9BAA65
9AA964
9AA965
9AA966
9AA966
96A663
93A25E
92A05B
8D9C58
8A9954
879752
869752
859650
84954D
83934C
83944D
85964F
85964F
85964E
84944E
82934D
81924C
81914B
7F904A
7F904B
7F8E4A
808F4B
82914C
85934E
899650
8E9A55
919E58
929F5A
909D59
8B9856
8A9654
859451
81904E
7E8F4B
7E8F4C
7B8B4A
758647
708044
6F8043
718144
708044
6C7E43
677A41
61743D
5D6F3B
5B6F3A
5C713B
5B6F3B
5A6F3C
5D713D
5E703E
5B6E3A
5A6C3C
586B3C
586A3A
60723E
687A41
728348
728249
6A794C
4B5646
4B5848
637045
667540
6B7D41
708244
6F8243
728447
738647
758946
768A47
768A47
768947
798D49
7E914C
82934D
83944E
859550
899851
8C9C54
8F9F55
8F9F55
91A054
929F53
909E51
8C9C50
89994E
87964B
84954A
83934A
839249
84924A
617C5C
657F5E
68805F
68815E
6B8460
6F8660
72895F
778C5E
7C9162
859966
8D9F69
899B67
7D9062
72885E
6C835D
667F5A
637D5B
627B5C
637C5E
647D5E
637C5E
637C5E
657D5C
6A805C
6B805B
667B56
71845B
7F9161
8F9F66
99A769
9BA867
9AA664
97A263
96A165
97A267
99A369
9AA46C
98A26B
939F65
909E61
8E9C62
8D996A
707C5D
9BA28A
9BA571
8B995C
8A985D
8B9A5D
909D5E
95A15F
95A25E
95A15E
919D5D
8D995B
899559
869358
818F54
839156
8B995B
939F5E
97A35F
929E59
8D9955
8C9853
8D9954
8E9956
8E9958
909B5C
96A061
9DA666
A0A969
A0A969
9FA867
9CA666
9AA465
98A264
97A163
97A163
949F60
8F9B5A
8C9755
879551
849250
849251
839153
839153
829054
818F53
808E52
818F51
818F51
808E50
818E50
839052
899655
909C59
939E5A
939E5A
949F5A
96A15B
99A35E
9BA560
9BA560
99A35E
98A25E
95A05C
929D5C
8F9B5A
8D9959
8C9859
8B9756
899553
869251
849051
859151
859152
869251
879452
879452
849050
808D4F
7D8A4D
7C8A4C
7B894B
788749
6F8044
6A7C40
6A7E41
6E8245
718547
718646
718645
708545
6E8445
6C8344
708645
738847
758A49
788D4C
7C904F
809251
839554
869755
8A9A57
8F9F5A
92A15C
95A35F
99A660
9BA862
9DAA64
A0AD67
A2AF69
A4B16B
A1AF69
9DAD68
9DAC67
9BAA67
9AA966
99A865
97A663
96A562
93A260
8E9D5A
8A9956
879653
849350
859552
879753
849551
839450
839450
83944E
83944D
83944D
85964F
869750
869750
86964F
86964F
86964F
85954E
85954E
84944D
85944F
889751
8B9B55
909D58
93A05A
909D58
8B9952
879551
82914E
7C8C4B
788848
758545
718241
6D7F3F
6B7E3E
6B7F3E
6C7F42
677940
63753F
60723D
5F703B
60723C
5D703B
576A38
536636
526536
546737
526838
506637
4D6333
4B5E2F
46592C
45582A
425528
3F522A
3E512D
445531
56673C
697849
728047
707E45
616D4F
3F4C44
6C7D47
75874A
708245
6E8041
718444
738646
738746
738844
768B45
7A9049
7D924B
7F944D
849650
8A9A54
909F58
94A15A
94A059
93A057
92A055
8E9E53
8C9C51
89994E
87974C
86974D
86974D
85974D
85974D
86964D
86964E
85954E
667F5F
637C5C
647D5B
6B825D
70855E
72875C
7C8E5F
8A9966
8C9C68
859864
7C9160
72895D
69825B
637D5B
627D5A
627D5B
647E5D
60795B
5E785B
5D775B
5F785B
5E7759
627957
6C7F57
76885A
83945F
96A569
9BA96B
9BA867
99A563
94A163
93A163
95A366
92A065
8C9C61
8C9C60
89995E
85965C
86965B
859558
849359
87955C
86955A
919E61
97A361
96A261
94A060
94A060
97A261
96A160
94A05E
929E5C
929E5C
949F5D
96A15E
97A25F
99A562
98A462
929F60
8B9A5B
899657
8C9954
8D9B56
919C57
96A15C
9CA762
9EA765
9DA666
9DA767
9CA566
99A364
98A162
96A060
939E60
909C5E
8C985B
889358
889358
869356
839254
839253
829252
7F8F51
7C8C4F
77874C
75854A
78874B
79884D
7A894D
7E8C4F
859151
8E9957
96A05D
99A460
98A35E
96A15C
96A15C
96A15D
97A25D
96A15D
929D5A
8E9A58
8B9655
889353
869152
859152
828F52
7F8D51
7C8A50
7A884E
7A884D
7B894E
79874C
77864A
78864B
78864B
79874B
79874B
778549
758448
718146
6F7F44
707F45
707F44
708045
728146
6F8044
6D8043
6E8342
6F8443
718645
758846
778A49
768A4A
768A4A
798D4B
7E904E
809351
889957
8D9D5B
909F5B
91A05D
94A25E
98A560
9CA963
9FAC66
A0AE68
9FAE69
9EAD68
9CAB66
9AA864
99A763
97A562
93A25F
91A05D
93A25F
91A05F
8D9C5B
8A9958
889857
879756
869655
849453
829250
80904F
7F8F4E
7E8F4E
7E914F
839450
859652
869752
859650
84954F
85964F
869750
869750
879851
899952
8A9A53
8D9B53
909D55
929F58
94A059
939E58
8F9D56
8B9954
83924F
7D8C4B
758444
718141
6E7F42
6D7D42
6B7D42
6A7C43
677A41
65793F
64783E
61763C
5C7239
596D36
5A6C39
5A6D3A
576B39
566A38
556937
4E6333
475C2F
43582D
44592E
42582E
475C32
516738
516736
4B5E31
47592E
516534
546635
5B6D3B
516339
56663F
5A693F
54633D
6B7749
7E8755
6C765A
566351
6A7D47
718643
738745
728745
718643
738644
778A47
7F924C
82964F
879B53
8B9E56
8FA159
93A25B
96A35B
91A15A
8E9D56
8C9B54
8B9A52
8C9A50
8C9A4E
8B994E
8B994E
8B994E
8B994E
8B994E
89984E
87974E
86964D
85934C
85924C
5E7859
637C5B
6C825C
77885D
839363
8B9C69
8D9E6B
879867
7C8F60
71885C
69835B
637E5A
5F7A59
5E7A59
5E7A5B
5F7A5B
5E795A
5D7659
5D7659
5E785B
637A58
6C7F55
7E915E
91A369
9AAB6E
9FAE6E
9AA967
96A565
94A163
909E62
8C9C62
879860
84955F
83935C
82935B
84955C
83955B
84955B
8A9A59
8E9E59
90A05C
91A15D
93A45B
96A559
97A25C
99A461
99A561
9AA662
9EA765
9BA562
98A460
99A461
99A461
9AA561
9BA661
99A45F
8F9B58
849151
808D4E
849051
899555
8E9A57
939E59
95A05B
94A05B
949F5B
939D5B
919B5B
929D5D
919C5C
8E9959
8A9657
889556
879557
879456
849355
819052
808F52
7E8E51
7A8B4E
77894D
76864A
738449
738449
74864A
76864C
7C8B4D
849252
8B9756
919C5A
96A15E
97A35E
96A15D
939E5B
8E9A59
8B9858
889656
869355
839153
829051
7D8A4F
77854C
75844B
74844A
76844A
77854C
73824C
6E7E49
6C7D48
6B7B47
6B7B45
697A44
677842
677842
697943
6B7C44
6C7D46
6E7F47
708147
718147
6E8046
6D7F45
6E8046
6F8147
708247
708147
738448
748547
708544
728644
788A49
7E8F4C
80924E
829351
859554
879955
8B9A57
8E9E5A
94A35E
98A762
9BA963
9CAB66
9DAC66
9DAC66
9DAC66
9BA964
97A661
93A25D
909F5A
8C9B58
8B9A58
899856
879654
859452
849352
869554
859453
849453
839352
819150
80904F
80904F
7F8F4E
80904F
80904F
80904E
808F4E
81914F
859753
869753
859652
869751
879851
899952
899952
8A9A53
8C9C55
8E9D57
8F9D57
8E9E56
8D9C54
8A9853
859451
7E8D4A
788747
718244
6C7E42
697A40
65763C
60733B
5F723A
5D6F39
5A6E39
596C38
566B36
536933
516832
506932
506833
546A36
566A38
546737
506435
4D6234
4D6335
4A5F34
445A2D
475D30
485E31
42582D
41572E
475C31
4F6438
54673B
54673A
526536
4D6031
536635
47592F
465730
627042
6D784D
747956
7D815D
747D5B
708057
6F834A
6F8543
708542
718643
778A46
80914B
879651
8F9F58
90A058
92A259
93A35A
91A157
8E9D54
8B9A53
899A53
899A53
889852
87974F
86954C
85954B
86954C
85954B
84934A
849349
839249
829148
7F9048
7F8F47
7E8D46
7C8B45
6A8059
768B61
87996C
8E9E70
899868
829363
788C5E
6F865A
688158
627D57
5F7A57
5F7A59
607D5C
617D5C
5D7A5A
5D7659
5D7658
627958
697D55
75875A
899966
97A56D
93A267
93A463
97A767
93A264
91A063
8F9F62
8C9C62
8B9A61
83945D
80915C
84955F
86955D
87965C
8A995D
8D9C5F
91A162
95A35F
97A55D
98A65E
98A760
97A65F
96A45E
96A25F
97A260
96A261
97A360
99A360
98A35F
98A35F
99A460
9AA561
9AA561
9AA560
9AA561
98A361
9AA565
9CA866
99A563
94A05D
939F5B
939F5A
919D58
8C9853
889450
8B9755
8E9A5A
8D9959
8C9859
899657
859456
829154
819052
7F8E51
7D8B4E
7A894D
77884B
75854B
708249
6D8047
6C7D44
6C7C45
718347
7C8C4C
869453
8F9D5A
96A35E
98A45E
95A15D
919C5A
879453
7F8C4D
7A874A
77854A
75844A
708048
6B7B45
6A7A43
6A7A44
667641
627340
627440
657643
687746
667744
637442
5F7140
5D6F3E
5C6E3D
5C6F3D
5F7240
5D703F
5D703E
5E713E
61733F
657642
6A7C46
6D7F48
6F8047
6E8045
6E7F45
6A7C42
687A40
687A40
6C7E43
6E7F42
6F7F41
728444
778946
7E8D4A
83914D
879551
8D9B57
92A05C
95A35E
98A661
9AA964
9BA964
99A762
97A560
94A35F
91A05C
8E9D59
8B9A57
899854
869651
849351
829250
829250
849452
859453
839251
808F4F
7E8E4D
7F8F4E
7F8F4D
7E8F4C
7F8F4D
7F904D
80904F
80904F
80904F
81914F
829250
82934E
849350
849350
859551
869652
879853
899953
8B9C55
8D9D56
8D9E57
8E9E58
8E9E58
879752
81914D
7C8E49
778945
738443
6F8042
6B7C40
66793F
61743C
5C7039
5A6D38
576B35
556A36
546A35
536834
516834
526935
526A36
516A36
506834
4E6833
4F6833
526A37
536839
536739
4E6335
465C2F
3D5328
42572C
506638
516739
4E6335
4C6134
4C6137
495E37
41562D
485A30
4C5F31
506435
495D2E
4D6030
556737
5F6F3F
707D49
727850
707158
7D825E
7D8952
748746
708644
718743
768843
7F914B
8A9B54
8F9F58
8F9F58
8E9E55
8D9D54
8C9C52
8A9A51
8A9950
899951
879751
85954F
83944E
84954F
84954E
82934C
81914B
7F8F48
7D8D47
7C8D46
7C8D46
7D8D47
7B8C45
7A8B44
798A43
778740
75853E
8B9B6A
899968
839364
7B8C5F
74885D
6E845C
68815B
657E58
637E58
627E59
627E5A
637E5B
617E5B
617C5A
607B57
627C56
6C8159
809163
909F69
96A568
94A164
8C9B60
81935C
869860
889A60
85965E
85965F
86975F
86975E
88985F
859660
879661
8D9B62
8F9E61
92A062
97A564
98A764
96A563
96A462
96A45F
96A25C
95A25C
94A15D
94A05F
92A05F
8F9E5D
919E5E
939F5E
939F5E
96A15F
96A15D
95A15C
96A25E
99A460
9BA762
9BA661
95A05C
95A05C
98A25E
97A25E
95A05C
909D58
8B9854
8A9652
899651
8A9653
8C9857
8C9959
899657
849255
808E51
7C8C4F
7A8B4E
79894D
77874B
738448
6F8246
6E8146
6E8047
6C7F47
6D8046
728346
778549
829150
92A05B
96A45D
929F5A
8F9C57
8D9A56
859253
7D8B4F
77864B
74844A
74844B
708148
687944
627440
5E703E
5C6E3E
5B6D3D
5A6B3B
58693A
556738
546536
526336
546538
57683B
5B6C3E
5D6F3F
5B6D3E
596C3C
586C3C
576B3B
586C3C
5C703D
617340
627440
637540
677843
6C7D45
718148
758449
728447
708346
708246
738447
768647
788847
7F8E4A
869450
8F9B55
94A05A
96A35C
99A55F
9BA761
97A45E
94A15C
8F9E59
8F9E59
8D9C57
8A9955
869552
849350
83924F
81904D
808F4D
7F8E4D
7E8E4D
7E8E4D
7E8E4D
7C8C4B
7B8B4A
7A8A49
7B8B4A
7B8C4A
7D8E4B
7F904C
7F904C
7F904B
80914D
829350
829251
829250
849551
849550
869650
899853
8B9954
8C9A54
909E58
8E9E57
8E9D56
8D9C55
879851
80904B
798B45
728642
6F8340
6C8041
6A7E40
687C3E
677B3D
63773C
5D7039
5A6E38
576C37
566B36
536935
506732
4F6733
4F6733
4E6632
4D6531
4B632F
4D6531
4F6733
516935
516A36
526A36
526937
4B6133
475D2F
496032
4D6335
4D6337
4A6035
495E31
485E30
4A6032
4D6335
4C6134
465A31
4A5F34
4D6033
526635
566A38
566936
5D6F3B
677942
73834A
727F48
70774F
7B7F5F
878F5C
808F49
798D41
7A9047
859853
8D9E57
8E9F58
8C9D55
8A9A53
889851
84944C
85964D
86964D
85954C
83934B
81924B
80914B
7F904A
7E8F49
7D8E48
798A45
768842
778842
768741
758741
758741
768742
768842
758741
758640
738540
73853E
76863E
7A8A5D
78885A
738456
6D8155
687E56
647D57
637D59
627D59
617D58
627C58
617D57
607C57
617B56
627D57
6F885C
829A66
8FA46A
92A368
8A9B62
81955E
7E905C
7B8D5B
798D58
798D56
798C55
798D56
798D57
798C56
7E8F58
83925B
86955D
8A975F
8B995E
8B995C
8B9B5A
8B9B57
8B9A57
8B9A57
8D9C59
909D5B
929F5B
929F5A
919D5B
919D5D
909E5D
909F5F
929F5D
939F5D
94A05E
95A05D
94A15C
95A25D
96A35E
96A35E
97A35F
99A460
99A360
98A260
969F5D
939E5D
929D5B
909C5A
8E9A58
8D9957
8B9757
8B9756
879554
829052
7F8E51
7D8D50
7B8B4E
79894C
76874A
728448
6F8145
6E8044
6E8045
6D8147
6D8046
718149
7A8B4D
879853
90A058
93A15C
93A05A
8F9D57
879752
81914E
7E8D4D
7A894D
76854A
728349
6F8149
6F8049
6C7D48
697B48
667846
627345
5F7043
5B6C3F
596A3D
596A3D
5B6C3F
5B6C40
5B6D40
5C6D40
5C6D40
5B6C3F
5A6B3E
5A6B3E
5A6C3C
596C3B
576B3B
586C3B
5C703D
61733F
61733F
647641
6B7C45
6F8048
728046
718044
718244
748545
7A8A4A
81904F
869553
8A9955
94A15B
99A65E
9AA65E
99A55D
97A15C
939F59
909C58
8C9A55
899853
889752
879653
859451
83934F
80914D
7F904C
7E8F4B
7E8E4B
7D8D4C
7D8D4C
7D8D4C
7D8D4C
7C8C4B
79894A
7B8B4B
7D8D4C
7E8E4D
7F904D
81924E
82934F
83944F
82934F
82934F
849551
859652
879854
899A56
899A53
8D9D56
91A159
95A35B
95A25B
8E9C55
859550
80904B
7A8A45
738440
6E7F3D
697C39
667A39
627738
61763A
607539
5F753A
5D7238
5B7037
556C36
506631
4D6531
4C6330
4A622E
4B632F
4D6531
4D6531
4C6430
4B632F
4A622E
4D6531
516935
526A36
526A36
516936
4F6534
546838
506536
4A5F32
465C30
485E31
4C6234
4C6234
4D6335
4E6435
4D6334
4B5F31
4F6234
536637
526635
546835
596B36
667841
6E8048
70814B
708048
748248
838F57
919B62
8A9555
86974E
889D52
8A9F54
8E9F58
899A53
83944D
82934C
85964F
879851
84954E
82934B
819349
7F9147
7D8E46
7B8C46
798A45
798A46
778844
738441
70823F
6D813E
6D813D
6D813E
6E813E
6E823F
6F8340
6F8340
6F823F
6F823F
708340
6F843D
6E823A
728458
708356
6D8054
687E54
657B54
617954
5E7955
5E7956
5F7A57
617A56
617B55
678057
748A5C
849865
8DA06B
879D67
829862
7D915D
778B5A
748A5A
718759
718758
708755
728753
748752
738953
738954
758954
798A55
7D8C55
7F8E57
819058
819057
849458
889A5A
8A9B5A
8B9B5A
8A9A59
8C9B59
8F9C5A
929E5C
93A05C
94A15C
94A05D
94A05E
95A15E
95A25D
96A35E
97A25E
96A35D
99A45F
9BA661
9AA560
98A35E
95A05C
929D5A
8F995A
8D9859
8C9859
8B9759
8A9657
879554
849351
829150
808E50
7E8D4E
7D8D4E
7C8B4E
7A8A4D
78884B
75864A
718347
6D7F44
697D42
697D41
6C7E43
708145
748548
7E8F4E
8B9A55
91A059
8E9E56
899953
869552
839250
82904F
7F8F4F
7C8C4E
7A894D
75844A
708247
6D7F44
6A7B43
687A43
677943
657743
637543
617343
5F7043
5E6F42
5E6F42
5F7043
5E6F42
5E6F42
5F7043
5D6E42
5F7043
607144
5D6E42
5D6E41
5D6F3F
5E703F
5F713F
60723F
60723E
5E703E
5E703D
62743F
697A43
728147
788649
7B894B
829150
8B9A56
929F5A
94A05B
92A05B
90A059
909D57
8E9B54
8C9953
8B9852
8B9853
899753
859551
82924E
7F914D
7E8F4D
7E8E4D
7E8E4D
7E8E4C
7E8E4C
7E8E4D
7E8E4C
7B8C49
7B8B4A
7B8B4A
7B8B4A
7B8B4A
7B8B4A
7B8B4C
7C8C4C
7D8D4C
7D8D4C
7E8F4C
7D8E49
7C8D47
7E8F49
82934D
81924D
81924D
849552
8A9B57
8E9F59
8E9F58
91A158
8F9E57
879750
7E8E49
748541
6D803D
6A7E3C
687C3A
657836
627736
617635
607436
5F7337
5F743B
5D723A
576E37
546B34
526933
4C642F
4C6430
4D6531
4A622E
48602C
455F2C
435D2A
435E2B
465F2C
4A622E
4B632F
4B6331
4B6331
4B6331
4D6532
4F6634
506534
536735
5C6F3D
596C3A
4C6132
485E30
495F32
4C6234
455B2F
445B2E
4E6334
546837
546837
566A36
5B6E39
64743D
748449
7B8A4D
7A8A4C
748346
7A894B
869555
8A9857
8D9A56
909E58
8E9E55
8C9E54
8A9C53
869750
83944D
809049
7F9049
81924B
81924B
7E8F48
7D8E46
7B8D43
798B41
778841
748640
728341
738342
718140
6F7F3F
6D7E3F
6C7F3E
697E3D
687D3C
687D3C
677C3B
687C3B
687D3C
677C3B
657A39
637838
607635
607835
718356
728356
728456
728457
718457
728559
71855A
708459
71865A
768A5C
7C8F5F
859966
899D69
829663
788E5C
758C5C
738A5B
6F8659
6E8559
6E8659
6B8457
6B8356
6D8455
6F8552
6F8551
6F8751
6F8650
718551
758751
788953
7A8A54
7C8C55
7C8D54
7B8D52
7A8E51
7E9154
859659
8A9A5A
8C9C5A
8F9C5A
919D5B
929E5C
939F5C
93A05D
93A05C
94A15C
94A15B
95A25C
96A25C
95A25C
95A25C
93A05A
929E58
8F9B55
8C9853
889352
859053
829053
818E51
7E8C4F
7B894C
79894A
798849
788849
778849
778748
758649
738447
718346
708144
6E8144
6E8043
6D7F42
6C7F43
718245
79894B
829051
869552
8C9C55
8D9C54
87954F
808F4C
7E8E4C
7E8E4F
7E8D50
7B8C4F
77884D
728348
6F8046
6D7E44
6B7D43
697B41
687A40
677942
657841
627540
60723F
5E703F
5D6F3F
5D6F40
5D6F3F
5E7041
607142
617243
617344
627445
617243
5F7142
607242
607243
607242
5E703E
5E703E
627441
637542
60723F
677843
728148
7E8B50
889455
8D9958
8F9B5B
909D5B
909E5A
8F9B58
8B9754
869450
85944F
87944F
87944E
86944F
85944E
84934E
81924E
7E924D
7D904D
7C8F4C
7B8E4C
7C8D4C
7D8D4C
7B8D4D
7A8C4C
788B4A
798B4A
7B8B4A
7C8C4B
7D8D4C
7C8C4B
7D8D4C
7E8E4D
7E8E4D
788A49
768948
7A8B4B
7C8D4A
7E8F4A
7F904A
81914B
81924C
83944E
859651
8B9C58
8C9D59
879752
889951
85964C
7F8F48
758642
6E803E
687C3A
647938
637837
637837
637738
627738
627738
62773A
62773D
62773E
60743B
5B7039
556C36
526A34
516833
4E6630
4B632F
49612D
49612D
47602D
435F2C
445F2C
48612D
4B632F
4C6430
4F6733
526936
526936
4D6533
4A6130
516736
556938
576A39
5B6E3C
596C3B
4B5F31
465C2E
4D6335
546839
556A39
546838
5B6E3C
657842
63753D
6D7F42
7D8C4C
7E8C49
7F8C48
84924E
8D9B56
8E9C57
8F9D58
919F5A
909D58
8E9C56
899A52
83954B
809248
80914A
7F9049
7E8F48
7D8E47
7E8F48
7E8F48
7B8C45
788942
778840
76873F
758641
73853F
71823F
70813E
6E7E3F
6C7C3D
6A7C3C
697D3D
697C3C
687C3B
687B3B
677B3B
677B3B
687B3B
697C3C
6A7E3E
6B7E3F
6A7F3E
68803A
879462
899663
8C9863
8F9B66
919C68
8E9A65
8C9762
8E9B64
929E66
97A268
99A568
94A064
8D9C61
88985F
7F925C
7C8F5A
798C58
728654
6F8554
6F8556
6C8356
6A8154
6C8253
6E8451
718752
748A54
758C56
788D57
7A8D57
7B8E57
7C8E57
7D8E58
7D8F57
7C8F54
798C50
778A4E
7B8C4E
839252
889755
8B9856
8E9957
919C59
939E5C
939F5C
939F5A
93A05B
93A15A
92A05A
93A15B
92A15B
8E9F5A
8B9D57
8A9B56
899A55
889756
849255
808E52
7D8B4F
7A8A4D
79884C
78884B
78884A
788849
788849
788849
788748
748547
708346
6D7F42
6C7E41
6D7F42
738446
7B8A4B
829252
899857
8F9D5B
939F5D
92A05A
899A54
839350
7E9050
7B8C51
7B8C4F
78894E
728449
6E8045
6C7E44
6B7E44
6C7E44
6C7D44
6A7C42
6A7C42
697B43
687B43
667942
647741
627440
617340
627443
637544
647645
647645
647645
657746
657746
637544
657746
677948
657746
657746
667745
667845
657743
63743F
6A7A44
75854B
828F54
899658
8F9B5B
8F9B5A
8A9655
859153
83914F
81904E
808F4D
7E8E4C
7E8D4B
7E8E4B
808F4B
82904C
81904C
7E8E4A
7E8E4A
7C8E4B
7B8F4B
7C8F4D
7C904D
7C904D
7C8E4D
7C8C4C
7A8C4B
798B4B
7A8B4C
7B8D4D
7D8D4C
7E8E4D
7E8E4D
7F8F4E
7F8F4E
7F8F4F
7E8E4E
7C8D4B
7B8C4C
7E8E4E
7F904D
7F904B
82944D
85954F
869651
8A9B55
8E9F5B
879958
7C8D4C
7A8C47
798C43
768940
748742
718342
6D803F
677B3C
637738
617638
627738
61763A
62763A
62773B
62783C
5F743A
5E733A
5C723A
596F37
546B34
526933
526934
4E6631
4B6330
4C6430
4F6632
4C6430
47602D
465F2C
49612D
4A622E
4B6330
4E6632
506734
516835
506836
506836
536837
546837
4F6434
556839
5A6E3D
5D713F
586B3A
4E6432
556937
5B6E3A
5B6D39
61733C
6D7D42
778747
7A8945
828E49
8A9750
929F59
95A25C
919D57
909D58
8E9C56
899751
83914D
7B8B46
7C8D46
809248
819349
7F9049
7E8F48
7E8F48
7D8E47
7E8F48
7E8F48
7E8F48
7C8D46
798A43
778841
788943
798A44
7A8B46
7A8B46
768744
708040
6D7E3E
6C7D3D
6C7D3D
6C7E3E
6C7F3F
6C7F3F
6B7E3E
697C3C
687B3B
687B3B
667A3A
627735
5D742F
9FA66C
9FA76C
A2A76C
A2A86C
A2A96D
A2AA6D
A5AB6C
A6AC6B
A5AC6A
A5AC6A
A6AD6B
A5AE6C
A6B06C
A6B06D
A4AE6D
A2AC6D
A1AC6D
9CA96B
94A367
8D9D64
84965F
7E8F5A
7B8C56
788A54
778A51
748850
748951
778B52
788B53
788B53
798C54
798D53
7A8E52
7B8D50
7D8E4F
819151
879756
8C9C58
8F9D5A
939F5C
97A25F
98A460
98A460
98A35F
95A35E
909F5A
8A9C57
879954
839754
819654
7E9352
7B904F
798E4C
778C4B
768A4C
76884D
77864E
76854D
76854C
78874E
7A8A4F
7A8A4C
79894A
788849
778748
778748
758648
758649
77874A
7A8B4C
809151
899756
8E9C5A
8F9C5A
8D9A58
8A9757
879453
849250
7C8C4C
77874A
738449
708248
6F8147
6E7F46
6D7E45
6D7E45
6E7F46
6E8046
6F7F46
6D7E45
6A7D43
697B41
677A41
667941
657841
647741
637641
647642
657744
647644
627442
637542
647644
657745
667846
677947
667945
667844
667845
677945
697A45
6D7C47
73824B
7B8B51
869457
8C995A
899658
849154
818C50
7D8A4F
7B894D
79884C
788949
778746
778746
788847
798948
798947
7B8B48
7D8D4A
7D8E4B
7C8E4A
7C8D4A
7B8E4B
7A8D4B
798D4B
798D4A
788D4A
798C4A
7B8D4C
7C8C4C
7B8C4B
7A8B4B
7A8A4B
798A49
788948
778847
768746
758545
758646
778748
7C8C4B
7E8E4E
7D8D4C
7D8D4B
849551
84944F
899754
8E9B5A
8E995C
839154
738447
708245
6C8040
6A7D3C
6D8140
6E8141
6B7E41
687B3E
64783A
607537
5F7538
607638
5E7439
5E7339
5C7337
5C7438
5B7138
5A7037
5A7039
576E37
556C35
546B35
4F6731
4D6530
4C6430
4F6632
516834
4F6733
4D6430
4C642F
4A622E
475F2B
465E2B
4A6230
4C6432
4C6432
4B6431
4C6432
526736
536736
4E6434
4C6132
556937
5E713C
60723E
60743F
60723E
677841
708045
748445
7E8C4A
87944F
8F9C56
919E58
919E59
8F9C58
8D9B56
899752
85944F
879652
879753
849551
849550
83944D
83954B
82944A
80914A
7E8F48
7D8E47
7D8E47
7D8E47
7D8E47
7B8C45
798A43
778841
788942
798A44
788943
758640
758640
758642
758542
748442
748342
71813F
6E7F3E
6B7D3D
697B3B
687B3B
697C3B
6A7D3D
6A7D3D
6A7D3C
6A7C3B
667B39
9FA663
A1A665
A3A766
A5A969
A6AC6A
A7AE6A
A8AE69
A9AE69
A9AE69
A8AE69
A8AE69
A7AF6A
A6B06B
A8AF6B
A6B06B
A7B06B
A7B06B
A9B06B
A9B26A
A9B26A
A7B06B
A7AF6B
A3AE6A
9EAA68
9AA768
93A163
8E9C5E
8B9A5E
89995C
88985B
87975A
869759
879859
8C9A59
909E5A
929F5B
93A25D
96A35E
98A560
9AA561
96A15D
929E5C
8F9B59
8C9856
879654
7E914F
778C4C
708749
6C8448
6A8346
6B8244
6C8244
6C8244
6C8344
6C8345
6D8147
6F7E48
6F7D48
707D4A
73814A
758348
768548
798948
7B8A4A
7C8C4C
7E8D4D
7F8E4E
829050
879353
899755
8A9755
899453
859251
828F4F
7F8D4C
7B8A4A
798848
788746
758345
718044
717F44
717F45
707F45
6F7D43
6E7D42
6E7C42
6D7B41
6D7B41
6C7B41
6A7A40
697A3F
68793E
667940
667940
66783F
65783F
657740
667841
687A43
687944
687A44
697A44
687A44
697A44
6A7B45
6B7D47
6E7F47
707F48
73834B
798850
7D8B52
808D53
849053
879355
859153
7F8C4E
78864B
758249
738048
728048
748249
768549
798848
7B8A48
7C8B49
7D8D4A
7E8E4C
7E8E4D
7E8E4C
7E8E4B
7E8E4B
7F8E4B
7F8E4D
7C8E4D
7A8D4B
778C4A
768C48
768B48
768A49
768949
758848
758949
768A4A
768A4A
748747
738747
748747
748747
758848
778A4B
798C4C
7A8D4D
7F8F4F
819150
829251
899857
8A9857
8D985C
88905B
858A5E
7A8351
6C7B3F
6A793E
64743D
62733F
5F7239
63763A
63763A
63753A
627438
5F7539
5F7439
5C7539
5B7438
597238
597137
587036
597039
586F38
586F38
586F38
556C35
536A33
536A34
556C36
556C36
556C36
546B35
546B35
536A34
536A34
516933
4E6632
4D6531
4F6734
4E6533
4B6331
4D6533
4E6634
546A39
556B3A
546A3A
576C3B
5E723D
647741
61743E
60733A
6A7C41
7A8A4B
859351
8C9954
929F59
94A05A
909E58
8A9A54
879854
879753
859652
859652
869753
849551
81924E
80914D
81924D
80914A
809248
7F9147
7B8C45
798A43
768740
768740
778841
798A43
7B8C45
7A8B44
778841
778841
798A43
768742
748541
748541
758642
758642
768742
788743
778643
758642
738340
70813E
6E7F3C
6B7D3B
6A7D3B
6D7F3D
70813D
71813F
6F803F
A5AC68
A6AD69
A5AC68
A5AC68
A6AD69
A7AE69
A9AF69
A9AF69
A9AF69
A9AF69
A9AF69
A9B06B
ABB26C
ABB26C
AAB16B
AAB16B
AAB16B
A9B06A
A8AF68
A8AF68
A9B068
AAB068
AAB16A
AAB16D
ACB36E
AEB570
AFB46F
ADB46F
AAB36E
A7B06C
A5AE6A
A3AC68
A2AC67
A0AA65
9EA963
9DA762
9AA661
99A560
96A25D
909C58
8B9755
879553
859352
849151
819051
7D8F50
7A8D50
788C4E
778B4D
768B4D
798D4F
798C4F
798C4F
798C4F
798C4F
7B8B50
828F54
879357
8B9559
8E985B
909C5B
929D5B
949F5B
95A05C
96A15D
97A25E
99A560
9AA560
98A35F
95A05C
929D59
909B57
909B58
919B59
929D5B
919D5A
919D5B
919C5A
8F9A59
8D9959
8C9859
8B9759
8A9459
858F54
838E52
828D51
818C51
818C50
818C50
808C50
7F8C4F
7F8C4F
7E8B4E
7E8B4E
7D8A4E
7E8B4E
7E8B4E
7E8B4F
7F8C50
818E51
829053
849154
859255
869356
869357
869357
8A9758
8F9A5C
929D5E
95A061
98A261
99A260
969F5D
939B5A
929B5A
949D5B
939D5C
949D5D
959F5E
959F5D
98A15F
9AA360
98A35F
96A15C
929E59
8F9B56
8B9854
8A9653
899551
889450
87934F
86924E
85924E
83914E
7F8F4B
7C8E4A
7A8D48
798C47
7A8A49
7A8948
788948
768848
758646
748645
748646
768746
788947
7A8B49
7C8C4B
7C8C4A
7D8D4B
7F8F4D
7F8F4D
81914E
84934F
889656
8D975C
838C59
8C9065
8B8B68
818658
7D894D
808C50
7F8C51
7D8B50
7C8B4D
7C8B4D
7A894B
768548
718144
6C7E41
65793D
5D7338
5B7337
597137
5A7137
5B7238
5F743A
60753C
5F743B
5C7138
576D36
556C35
576D37
5A6F38
596F39
576E38
576E38
566D37
546B35
546B35
536A34
4F6732
4D6532
4C6432
506734
546B37
536A37
536A37
546C38
5B6F3C
596D3A
5B6F3C
5F733D
60753D
687A3F
758646
899753
94A15A
949F59
939F59
8B9953
86964F
859550
839450
80914D
7E8F4B
7C8D49
7D8E4A
7E8F4B
7D8E4A
7D8E4A
7C8D4A
7E8F4A
7F9049
7F9147
7F9147
7E8F48
7C8D46
7A8B44
7A8B44
7B8C45
7B8C45
7A8B44
7A8B44
7B8C45
7B8C45
7C8D46
798A44
778843
778844
778844
758642
758541
768540
778641
778641
778641
768642
758642
748542
738441
72833F
71823E
71823F
748342
AAB16D
AAB16D
A8AF6B
A7AE6A
A6AD69
A6AD68
A6AC66
A6AC66
A6AC66
A6AC66
A6AC67
A6AD67
A8AF69
A9B06A
A8AF69
A8AF69
A8AF69
A9B068
A9B069
A9B06A
ABB26A
ADB36A
AFB36C
B0B46D
B0B46D
B0B46D
B0B46D
AFB46D
AFB46C
AEB56D
AEB56D
AFB56D
AFB46D
ADB46C
ACB46C
ABB46B
AAB36C
AAB46E
A8B26C
A5AF6A
A5AF6A
A5AF6B
A5AF6B
A5AF6B
A6AF6C
A7AF6F
A8B170
AAB06F
AAB06F
AAB170
ADB372
ACB371
ACB371
ACB371
ABB371
AAB371
AAB371
ABB471
ADB46F
AEB56F
AEB570
AEB570
ADB46F
ACB36E
ABB36D
ABB36D
ACB36E
AEB570
AFB771
B0B872
B0B872
AFB672
AFB672
AFB672
B0B773
AFB773
AFB773
AEB572
ADB471
ACB471
ACB373
ADB373
ADB376
AEB477
AEB577
AEB477
ADB476
ADB475
ADB474
ADB472
ACB371
ACB371
ABB270
ABB270
ACB371
ACB371
ACB371
ADB572
ADB572
ACB471
ACB471
ACB471
ADB471
ADB471
ADB572
ADB572
ADB571
ADB471
ACB36F
ABB26E
ABB26C
ACB26C
ADB36C
ACB36C
ACB36C
ACB26B
ADB36C
ADB36C
ADB36C
ACB26B
ACB26A
ADB36B
ADB56E
AEB56F
ADB56E
ABB56E
AAB46E
AAB46D
A9B36D
A9B36C
A8B26B
A8B06B
A9B06A
AAB069
A9AF68
A9AF68
A8AE67
A7AE67
A6AD68
A3AD67
A1AC66
A1AC67
A1AC67
A0AB66
9DA864
9BA660
98A35D
95A15B
949F5A
8E9B56
899752
929F5A
98A45F
9AA560
9BA761
99A360
969F61
91975F
919660
929661
99A067
99A263
97A061
96A05D
95A05C
95A05C
97A25F
99A462
9BA664
9BA563
99A463
929F5E
849453
7C8D4D
758648
718344
6C7F41
6B7D40
6B7D41
67793D
63753B
5E7238
5D7038
5B6E37
586D36
576C35
576D36
576D36
566D37
566D37
586E39
576E38
536A35
4F6632
4F6633
526935
536A36
586D38
586D38
586D39
5A6F3A
60743C
687B3F
728344
81924F
8C9C57
92A05A
8E9D56
889850
86954F
83924D
81914D
7F914D
7D8E4A
7B8C48
7B8C48
7C8D49
7E8F4B
81924E
7F904C
7A8B47
7A8B47
7A8B48
788944
7D8E47
7F9147
7E8F46
7B8C45
7A8B44
788943
788943
7A8B43
7A8B44
7A8B44
7A8B44
788942
798A43
798A44
788944
778844
778843
758642
738440
73843F
758640
768641
788742
798843
798A44
798A44
778843
758641
748540
73843F
738440
73823F
AAB16C
AAB16C
A9B06B
A7AE69
A7AE69
A6AD68
A5AB65
A5AB64
A5AB65
A5AB65
A4AB66
A5AC66
A7AE69
A9AF6A
A8AF69
A8AF69
A8AF68
A9B168
AAB269
AAB26A
AAB269
ABB268
ACB26B
AFB36D
B0B46E
AFB36D
ACB26C
ABB16B
ACB36C
AEB56D
B0B66E
B2B76E
B2B76E
B1B86F
AFB76E
AEB66D
ADB56C
ADB56C
ADB56C
AEB570
AFB670
AFB670
AFB56F
ADB46E
AEB26F
AFB16F
B0B16F
B0B16F
B0B16F
B0B16E
AFB16D
AFB16D
AFB16D
AFB16D
AFB16D
ADB26C
ABB26A
ABB36B
ACB46A
ACB46A
ACB46B
ACB36C
ABB26B
AAB16A
AAB26A
A9B169
A9B069
A9B069
AAB16A
ACB36C
ADB36C
ADB36D
ACB36D
ABB26C
ACB36D
ADB46D
AFB66F
B0B66F
ACB36E
ABB16E
ACB26F
ADB370
ADB271
ADB372
ADB372
AEB372
AEB473
AEB472
AEB471
AEB36F
ADB26F
ADB16E
ABB06D
ABB06D
ACB16E
ADB26E
ADB36E
ADB36D
ACB26C
AAB06A
A9AF69
A9AF69
AAB06A
ABB16B
ABB16A
ABB16A
ABB16B
ABB16B
AAB06A
A9AF68
A9AF67
AAB068
ABB167
ABB168
ACB268
ACB269
ACB268
ABB168
ABB169
ABB169
ACB268
ACB268
AAB269
AAB269
AAB269
ABB36A
ABB36A
ADB46A
ADB46A
ADB46A
ADB46A
AEB36B
B0B26B
B1B269
B3B26A
B3B36B
B4B36B
B4B46B
B2B56D
B0B66E
AFB76E
AFB76E
AEB66D
AFB76E
B0B76F
B1B86F
B2B870
B2B970
B2B971
B1B972
B0B873
B0B971
B2B871
B2B871
B2B872
AFB772
ACB470
A9B06E
A7AF6C
AAB16C
A9B16C
A9B16E
ADB26E
AAB169
AAB167
AAB069
A9AF69
A8AE6A
A7AE6A
A9B06B
ABB26E
AAB26E
A7B26D
A8B46F
AAB671
A8B46E
A2AF6D
A1AE6B
A1AC6C
9DA96A
97A465
919F5F
8E9B5C
8B975B
869458
7F8D51
78864A
728247
6B7B41
617239
5E6F37
5E6E36
5D6E35
586A33
51632C
52642E
526532
546833
5B6F38
66773D
728546
809150
8D9D59
91A15A
8D9C55
8B9951
8C9B53
869650
82934D
83944E
81924D
7D8E4A
7B8C48
798A46
7A8B47
7C8D49
7B8C47
788945
778A45
7A8B47
7A8B47
798A46
798948
798A45
788943
778840
778840
768740
788942
798A44
798A44
798A43
778842
758640
768740
788942
778841
74853F
758640
768742
778842
758642
72833E
70813C
72833D
74853F
768640
768640
74853F
72833C
71813B
70813A
71823C
73843E
74843F
72823D
A8AF69
A8AF69
A8AF68
A7AE68
A7AD67
A6AC65
A5AC63
A5AB63
A5AB64
A5AB65
A4AC65
A5AD66
A8AF68
A8B069
A8AF68
A8AF69
A9B167
A9B167
A8B067
A8B067
A7AF66
A6AE66
A6AE68
A8AF69
A9B069
A8AF69
A7AE69
A7AF68
A8AF69
A9B06A
ABB169
ACB26A
ADB36C
ACB46C
ACB46C
ACB46C
ACB46C
ABB36B
ACB36C
ACB36D
ACB36D
ADB36D
ACB26C
ACB26D
ADB16E
ADB06D
ADAF6C
ACAE6D
ACAE6D
ACAE6C
ACAE6C
ACAE6D
ACAE6D
ACAE6D
ACAF6C
AAB06A
A9B067
A9B067
A8AF66
A8AF66
A8AF66
A8AF66
A7AF66
A7AE65
A7AF66
A7AF65
A8AF66
A8B067
A9AF66
A7AE68
A7AE68
A7AF68
A9B06A
ABB26C
ACB46E
AEB56D
B0B66E
B0B66D
AEB36C
ABB06A
AAAE6B
AAAE6B
AAAE6B
A9AD6A
A8AC69
A9AD6A
AAAE6B
A9AE6B
AAAE6B
AAAF6C
ABB06D
ABB06D
ACB16D
ACB16D
ADB26E
AEB36E
AEB36D
AEB36D
AEB36D
ADB26C
ADB26C
ACB26C
ADB26C
ADB26C
ADB36C
ADB36C
ADB36C
ADB26C
ADB26B
ACB16A
ABB069
AAAF68
AAB068
ABB068
ADB268
ADB269
ACB268
ABB068
ABB068
ABB168
ACB268
ACB268
AAB269
AAB168
AAB269
ACB46B
AEB56C
ADB368
ACB268
ABB167
ABB167
ABB167
ADB167
AFB168
B0B269
B2B46B
B4B46C
B4B56D
B3B76E
B0B66E
AFB76E
AFB76D
AFB76D
AFB76D
B0B66E
B2B870
B2B870
B2B870
B3B870
B4B971
B4BA72
B4BA71
B5BA71
B5BA71
B4B971
B3B873
B3B874
B2B975
B2B975
B2BA71
B0B870
B0B56F
B1B46E
AFB46A
AEB369
AEB36A
ADB36B
ADB36D
ACB26D
ABB26D
AAB16C
AAB16C
ACB36D
ACB46E
ABB36C
AAB16B
A8B06A
A7AE69
A8AE6B
A9B06D
A9B06D
AAB16D
AAB16E
ABB26F
ACB370
ADB471
ADB471
ACB372
ABB271
A6B070
A4AE6F
A1AB6B
9CA668
96A063
8E995D
899559
818F55
7C8A51
89965A
96A15F
96A35C
939F58
909C56
8B9953
879550
85944F
83934D
82934C
7E9049
7C8E47
7D8F49
7D8F4B
7D8F4A
7C8E49
7C8E49
7C8E49
7C8E48
7A8F49
7A8E49
798C47
7A8B47
798A47
768644
768744
798A46
788944
788943
758640
768843
798A44
7A8B45
798A45
778843
778843
788943
798A44
788943
768842
758641
768741
788943
788843
768741
73843E
71823C
71823C
71823C
72833D
73843D
73843D
74863E
75873F
75873F
778841
778841
778841
A7AD67
A6AC66
A5AB64
A3AA64
A3AA64
A3AB62
A3AB62
A3AB62
A2AA61
A2AA5F
A2AA60
A3AB62
A5AD64
A5AD64
A5AD64
A5AD64
A5AD64
A6AE64
A6AE64
A6AE65
A6AE65
A6AE65
A6AE66
A7AF66
A7AF66
A7AE68
A7AF67
A7AF66
A7AF67
A8AF68
A9AF67
A9AF67
A8AF69
A9B06A
AAB16B
ABB16B
ACB26C
ACB26C
ACB26C
ACB26B
ACB16B
ACB26B
ABB16B
ACB16B
ADB06B
ADB06A
ADB06A
ADAF6B
ACAF6B
ABAE6A
ABAD6B
AAAC6A
AAAC6A
AAAC6A
A9AD68
A7AD65
A7AD64
A8AE64
A7AD63
A7AD63
A7AD63
A7AD63
A7AD63
A7AD63
A7AD62
A6AC62
A6AC62
A6AC62
A6AC62
A5AC64
A5AD64
A5AD64
A6AE65
A7AE68
A7AF67
A8B067
A7AF66
A9AF67
ABAE67
ACAF68
ABAE68
ABAE69
ACAF6A
ACAF69
ABAE69
ACAF69
ACAF69
ABAE69
ABAF6B
A9AF6C
AAAE6B
ACAF6A
ADB06B
ACAF6A
ADB06B
ADB06B
ADB06B
ADB06B
ADB06B
ADB06B
AEB16C
AEB16B
AEB16A
AEB16A
AFB26B
AFB26B
AFB26B
AEB16A
ADB069
ADAF68
ACAF68
AAAD66
AAAD67
ABAE65
ABAE65
ABAE65
A9AC63
AAAD63
A9AC63
A8AC63
A8AE64
A7AD63
A7AD63
A7AD63
A8AE64
A9AF65
AAB066
A9B064
A9B064
A9B064
AAB165
AAB165
AAB165
ABB066
ABB166
ADB267
AEB268
AEB369
AEB369
AEB46A
AEB46A
AEB46A
AEB46A
AEB46A
AEB46C
AEB46C
AFB56D
AFB56C
B2B56C
B3B66D
B2B56C
B2B56C
B2B56C
B2B56C
B2B56C
B1B46D
B0B36E
AEB46E
AEB46D
ADB36A
ADB26A
ADB069
ACAF68
ACAF67
ADB067
ADB067
AAB068
AAB068
ABB16A
ABB16B
ABB16A
ABB16A
ACB26A
AEB46C
AEB46C
ADB36B
ACB26B
ACB26C
ACB26C
ACB16C
ABB06B
AAAF6B
A9AE6B
A9AE6B
A9AE6B
A9AE6B
AAAF6C
AAAF6C
ABAF6D
ABB16E
ADB26F
AEB471
AFB472
B0B574
B0B675
B1B774
B3B674
B3B674
B2B775
ACB370
A9B16D
A8B16C
A8B06B
A5AF6A
A1AD68
9DA963
97A55E
92A15B
8E9F57
8B9D55
84964F
80924B
7E9049
7C8E47
7B8D46
7A8C45
7C8E47
7C8E47
7B8D47
7A8D46
7A8B47
798948
798847
788647
798848
7A8A49
788947
748643
738643
738440
768742
758642
758642
768744
778844
788946
778845
778746
758543
748541
73843F
72843E
71823C
71823C
72833D
72833D
72833D
72833D
73833D
71853D
72873C
73883D
73883D
73883F
74873F
77893F
A3AB62
A3AA62
A2AA61
A1A961
A1A960
A2AA5F
A2AA5F
A2AA60
A2AA5F
A3AB5F
A3AB5F
A3AB61
A4AC61
A4AC61
A4AC61
A4AC61
A5AD62
A6AE63
A6AE63
A6AE63
A6AE63
A6AE63
A5AD63
A5AE63
A6AE64
A6AE66
A6AE65
A5AD62
A5AD62
A4AC62
A4AC61
A4AC63
A4AC63
A6AE65
A6AE66
A7AE66
A8AE66
A9AF67
A9AF67
A9AF67
A9AF68
AAB068
AAB069
ABB169
ACB069
ACAF68
ACAF68
ACAF68
AAAE67
A9AE67
A8AE67
A7AD67
A7AC66
A6AC66
A5AB63
A4AA61
A4AB5F
A4AB5F
A4AB5F
A4AB60
A5AC60
A5AC60
A6AD61
A5AC60
A5AC60
A5AC60
A6AC61
A6AC62
A6AC62
A6AC62
A7AD63
A6AD63
A6AD63
A7AD64
A7AD64
A7AE65
A7AF66
A7AE66
A9AC66
AAAD66
AAAD66
AAAD66
AAAD66
AAAD66
AAAD66
AAAD66
AAAD66
AAAD67
ABAE69
ABAE6A
ACAF6A
ACAF6A
ACAF6A
ACAF6A
ACAF6A
ACAF6A
AAAD69
AAAD68
ABAE69
ABAE69
ABAE69
ABAE69
ABAE68
ABAE67
ABAE67
ABAE67
AAAD66
AAAC65
A9AC63
A8AB62
A7AA61
A6A960
A5A75E
A2A75D
A1A75D
A1A75D
A0A65C
A0A65C
A0A65C
A0A65C
A0A65C
9FA65C
A1A75D
A1A75D
A1A75D
A2A85E
A2A85E
A3A95E
A4AB5F
A5AC60
A6AD61
A7AE62
A7AE62
A8AF63
A8AF63
A8AF63
A9AF65
AAB066
AAB066
ABB167
ACB268
ACB268
ACB268
ABB167
ABB167
ABB167
ACB268
ADB369
ADB369
ADB369
AFB56B
B0B56C
B0B56B
B1B66C
B2B76D
B2B56E
B2B56E
B1B66E
B1B46D
B0B56D
B0B36C
B0B36C
AFB26B
AFB26B
AEB16A
AEB16A
ACB26A
ACB26A
ACB26A
ACB26A
ACB26A
ACB26A
ACB26A
ACB26A
ABB169
A9AF67
A8AE67
ABB06B
ACB16E
ACB16D
ABB06D
ABB06D
AAAF6D
ABAF6D
ABAF6D
AAAF6C
ABB06D
ABB06D
AEB16D
AFB26D
AFB26E
B0B26E
AFB26E
B0B26F
B0B26F
B0B26E
B0B36E
B0B26E
B0B36E
B0B36E
B0B46F
AFB46F
B0B46F
B0B56F
B0B570
B0B670
B0B671
B1B772
B1B771
B1B771
AEB46F
ACB26D
AAB06B
A5AB66
A2A862
9EA45F
99A15D
929C57
89964F
81914A
7F8F49
7B8A48
758343
707F42
6D7E41
6E8043
728244
768544
788948
7B8B4A
798948
768645
738544
738645
748643
6C7F3F
647738
697C3C
708342
718441
70843F
70843F
71853F
738740
72863F
72863F
73863F
74853F
74853E
73883D
758A3D
758A3D
758A3D
758A3F
758A3F
758A3D
A2AA61
A1A960
A1A960
A0A85F
A0A85E
A1A95E
A1A95E
A1A95D
A1A95D
A2A95D
A1A95D
A1A95E
A2AA5F
A2AA5F
A2AA5F
A2AA5F
A2AA5F
A3AB60
A3AB60
A3AB60
A3AB60
A3AB60
A2AA5F
A4AC60
A6AE62
A6AE63
A6AF63
A6AE63
A5AD61
A5AD62
A5AE62
A5AD63
A5AD63
A5AD63
A5AD63
A5AD63
A5AD63
A6AC63
A5AB62
A5AB62
A5AB62
A6AC62
A6AC63
A7AD63
A6AC63
A5AB62
A6AB62
A6AB62
A6AB62
A6AC63
A6AC63
A7AD63
A7AD64
A7AD64
A7AD63
A6AD62
A5AC60
A4AB5F
A4AB5F
A5AC60
A4AB5F
A3AA5E
A3AA5E
A1A95D
A1A95D
A2AA5E
A3AB5F
A3AB5F
A4AC60
A5AC60
A5AC60
A6AD61
A6AD61
A7AD62
A7AD62
A7AD63
A7AE64
A8AD64
AAAD64
AAAD64
AAAD64
A9AC64
A9AC64
A9AC63
A9AC63
A9AC63
A9AC63
AAAD64
AAAD66
ACAF68
ACAF69
ACAF69
ABAF68
ABAF69
AAAF68
AAAE68
AAAD67
AAAD67
AAAD67
AAAD67
ABAE67
ABAE67
ABAE67
ABAE67
ABAE66
ACAE66
ABAE65
AAAE65
A9AE64
A8AD63
A7AC62
A5AB61
A4A95F
A4A95F
A3A95F
A3A95F
A3A95F
A2A95E
A2A85E
A3A85E
A4A85E
A4A85E
A4A85F
A4A85F
A4A85F
A4A85F
A4A85F
A2A85D
A1A85C
A2A95D
A4AB5F
A5AC60
A5AC60
A5AC60
A5AC60
A6AD61
A7AD62
A8AE64
A8AE64
A8AE64
A9AF65
A9AF65
A9AF65
A9AF65
A9AF65
A8AE64
A8AE64
A9AF65
A9AF65
A8AE64
A9AF65
AAB066
AAB066
AAB066
ACB268
B0B36C
B0B36C
B1B46D
B1B46D
B1B46D
B1B46D
B1B46D
B1B46D
B1B46D
B0B36C
B0B36C
AEB46C
AEB46C
AEB46C
AEB46C
AEB46C
AEB46C
AEB46C
ADB36B
ACB26A
ABB169
AAB068
AAAF6A
AAB06B
AAB06B
AAB06B
AAB06B
ABB06B
AAB06B
AAB06B
AAB06B
ABB06B
ABB06C
ACB16B
ACB16A
ACB16A
ABB069
ABB069
ABB068
ABB069
ABB169
ADB16A
AFB16B
AFB26C
B0B36D
B1B46E
B1B46F
B1B46F
B0B36E
B0B36E
AFB26D
AFB26D
AFB26D
AFB26D
B0B26D
B1B46F
B3B671
B4B772
B4B772
B5B873
B5B873
B6B975
B4B873
B1B570
ACB36D
AAB16C
A6AD6A
9EA662
949E5C
8B9655
828E4D
7A8645
73803E
768542
758544
758444
738342
728342
758644
768746
718344
6F8243
718444
728545
738543
728642
738742
738640
738740
738841
758942
768A43
778A43
778A43
768B40
758A3D
758A3D
758A3D
758A3E
758B3E
758B3E
9CA55D
9BA45C
9BA45C
9AA259
9AA258
9AA359
9BA458
9BA458
9BA458
9AA358
9BA458
9CA459
9DA55A
9DA55A
9DA55A
9DA55A
9DA55A
9EA65B
9EA65B
9EA65B
9EA65B
9EA65B
9FA75C
9FA75C
A0A85D
9FA75C
A0A85C
A0A85C
A1A95D
A2AA5E
A3AB5F
A4AC60
A4AC61
A4AC60
A4AC60
A4AC61
A4AC61
A5AC61
A4AB60
A4AB60
A4AB60
A5AC61
A5AC61
A5AC61
A5AC61
A4AB60
A4AB60
A4AB60
A4AA5F
A4AA5F
A4AA5F
A4AB60
A4AB60
A4AB60
A4AB60
A5AC60
A6AD61
A7AE62
A7AE62
A7AE62
A7AE62
A6AD61
A5AC60
A3AA5E
A2AA5E
A1A95D
A3AB5F
A3AB5F
A3AB5F
A3AB5F
A4AC5F
A5AC60
A5AC60
A6AD61
A6AD61
A7AD63
A8AE63
A9AD63
AAAD64
AAAD64
AAAD64
AAAD64
AAAD64
A9AC63
A9AC63
A9AC63
A9AC63
A9AC63
A8AC63
A7AC64
A7AB64
A6AB63
A6AB63
A6AB63
A5AB63
A7AC64
A8AD65
A9AD66
AAAE67
AAAE67
ABAF68
ABAF68
ABAF68
ACB069
ACB068
ACB168
ACB067
ABB167
AAB066
AAB066
AAB066
A9AF65
A8AE64
A8AE64
A9AE64
A8AD63
A8AD63
A7AC63
A7AC62
A7AB61
A8AA61
A8AA61
A7AA61
A7A960
A6A960
A5A85F
A5A85F
A5AA5F
A4AB5F
A4AB5F
A5AC60
A5AC60
A5AC60
A6AD61
A6AD61
A6AD61
A7AD62
A7AD63
A8AE64
A8AE64
A8AE64
A8AE64
A8AE64
A8AE64
A9AF65
AAB066
A9AF65
A9AF65
A9AF65
A9AF65
A9AF65
A9AF65
AAB066
ABB167
ACB268
AFB26B
AFB26B
AFB26B
B0B26C
AFB26B
B0B36C
B0B36C
B1B46D
B1B46D
B1B46D
B1B46D
AFB46C
AEB46C
AEB46C
AEB46C
AEB46C
AEB46C
ADB36B
ADB36B
ACB26A
ABB169
AAB068
ABB16A
ABB26B
ABB26B
ABB16A
ABB16A
ABB16A
AAB069
AAB069
AAB069
A9AF68
A9AF69
A9AF67
A8AE66
A8AE66
A7AD65
A7AD65
A8AE66
A9AF67
AAB068
AEB26A
B1B36C
B0B36C
AFB26C
AEB16C
AFB16C
B0B26D
B0B26E
B1B36E
B2B46F
B2B46F
B2B46F
B1B46F
B1B46F
B2B470
B1B46F
B1B46F
B1B46F
B2B470
B2B46F
B2B46F
B3B470
B3B470
B4B470
B3B671
B4B772
B4B872
B3B972
B2B873
B0B673
ABB26E
A8B06A
9DA760
959F5A
949D5A
8D9754
86924F
7D8C47
778543
758342
758444
768646
798847
798947
798945
7A8A45
7B8A45
7A8C46
798C45
798C45
798B44
788C44
788C44
788C41
778B3E
788B3F
788B3F
788C3F
778B3E
768A3D
99A35C
99A35B
98A25B
98A259
98A259
98A258
98A357
98A357
99A457
98A357
99A458
9BA358
9CA459
9CA459
9CA459
9CA459
9CA459
9CA459
9DA55A
9DA55A
9DA55A
9CA459
9DA55A
9DA55A
9DA55A
9DA55A
9EA65A
9EA65A
9EA65A
9FA75B
A0A85C
A1A95D
A1A95D
A0A85C
9FA75B
A0A85C
A0A85C
A0A85C
A1A95D
A1A95D
A1A95D
A1AA5D
A1AA5D
A3AB5F
A3AB5F
A3AB5F
A3AB5F
A4AB5F
A4AB5F
A4AB5F
A4AB5F
A4AB5F
A4AB5F
A4AB5F
A4AB5F
A4AB5F
A4AB5F
A4AB5F
A4AB5F
A4AB5F
A4AB5F
A3AA5E
A3AA5E
A3AA5E
A2A95D
A2AA5E
A3AB5F
A5AD61
A5AD61
A4AD61
A4AC60
A4AC60
A4AC60
A4AC60
A5AD61
A6AD61
A6AD61
A7AC62
A8AC62
A8AC62
A8AC62
A9AC63
A9AC63
AAAD64
AAAD64
AAAD64
ABAE65
ABAE64
A9AD65
A7AC64
A5AB62
A5AA62
A4AA61
A3A961
A3A961
A3A961
A4AA62
A4AB62
A5AB63
A5AB63
A5AC63
A6AC63
A6AC64
A7AD65
A8AE65
A8AE66
A9AF67
A9AF66
AAAF65
ABB066
ABB167
ABB167
ACB167
ACB067
ADB067
ADB067
ACAF66
ACAF66
ACAF66
ABAE65
ABAE65
ABAE65
ABAE65
ABAE65
AAAE64
AAAE64
AAAE64
A9AF63
A8AF63
A8AF63
A7AE62
A6AD61
A6AD61
A6AD61
A6AD61
A7AE62
A7AE63
A8AE64
A8AE64
A8AE64
A8AE64
A8AE64
A8AE64
A8AE64
A8AE64
A8AE64
A8AE64
A8AE64
A8AE64
AAB066
A9AF65
A9AF65
AAB066
ABB167
ABB167
ADB169
ADB169
AEB16A
AEB16A
ADB169
ADB169
ACB068
ACB068
ACB068
ACB068
ADB069
ACB26A
ACB26A
ACB26A
ACB26A
ACB26A
ACB26A
ACB26A
ACB26A
ABB169
ABB169
ABB169
ABB168
ABB168
ABB168
ACB269
ACB26A
ACB26A
ACB26A
ACB269
ABB169
ABB168
AAB068
AAB068
AAB067
A9AF67
A9AF66
A8AE65
A8AE65
A8AE66
AAAF67
ADB069
AEB26A
AFB26B
B0B36C
B0B26E
B0B16D
B0B16D
B1B26E
B2B36F
B2B36F
B2B36F
B2B36F
B3B36F
B3B36F
B3B470
B3B470
B3B470
B3B470
B3B470
B3B470
B3B470
B3B470
B2B36F
B2B36F
B1B46F
B1B46F
B1B36E
B1B46E
B0B36E
B1B36F
B2B56F
B2B56D
B3B66D
B4B76F
B4B86F
B0B56D
ABB26B
A4AE69
9EA865
96A15D
8D9957
8A9654
899553
85914F
818E4A
7F8C47
7E8B45
7A8844
7A8944
7C8B46
7D8C46
7D8D47
7D8E47
7D8F45
7C8E42
7C8E42
7C8E42
7A8C40
788B3F
798B3F
9FA75C
9EA65B
9AA45B
98A259
98A357
97A256
97A256
96A155
95A053
95A053
95A053
98A055
99A156
99A156
99A156
99A156
9AA257
9BA358
9BA358
9BA358
9BA358
9BA358
9CA459
9CA459
9BA358
9BA358
9BA358
9CA458
9DA559
9EA65A
9EA65A
9EA65A
9EA65A
9EA65A
9EA65A
9FA75B
9FA75B
A0A85C
9FA75B
9EA65A
9DA559
9DA559
9DA559
9EA65A
9EA65A
9EA65A
9FA75B
A0A75B
A1A85C
A2A95D
A3AA5E
A3AA5E
A4AB5F
A4AB5F
A4AB5F
A4AB5F
A4AB5F
A4AB5F
A4AB5F
A4AB5F
A4AB5F
A4AB5F
A4AB5F
A2AA5E
A1A95D
A2AA5E
A2AA5E
A2AA5E
A2AA5E
A2AA5E
A3AB5F
A3AB5F
A4AC60
A4AC60
A5AD61
A6AE62
A6AE62
A7AE62
A9AD62
A9AD62
A9AD62
A9AD62
AAAE63
AAAE63
ABAF64
ABAF64
ABAF64
ABAF64
ABAF65
ACAF66
ACAF66
AAAD64
A8AE64
A7AD63
A7AC62
A7AD63
A7AD63
A7AD63
A7AD63
A7AD63
A7AD63
A8AD63
A8AE64
A8AE64
A9AF65
A9AF65
AAAF65
ABAE65
ABAE65
ABAE65
ABAE65
ABAE65
ACAF66
ACAF66
ACAF66
ACAF66
ACAF66
ACAF66
ADB067
ACB067
ABB167
ABB167
ACB268
ACB268
ADB369
ADB369
ADB369
ACB368
ACB367
ACB367
ABB266
AAB165
AAB165
AAB165
AAB165
ABB266
ABB167
ABB167
ABB167
ABB167
ABB167
AAB066
AAB066
A9AF65
A9AF65
A8AE64
A9AF65
A8AE64
A9AF65
A9AF65
AAB066
AAB066
AAB066
AAB066
AAB066
AAB066
AAB066
AAB066
AAB066
AAB166
AAB066
ABB167
ABB167
ABB167
ABB167
ABB167
AAB068
AAB068
AAB068
AAB068
AAB068
AAB068
AAB068
AAB068
AAB068
AAB068
ABB169
ACB268
ABB166
ABB167
AAB066
AAB065
A9AF65
A8AE64
A7AD63
A7AD63
A6AC62
A6AC61
A6AC62
A6AC62
A6AC62
A6AC62
A5AB61
A5AB61
A6AC62
A8AE64
A9AF65
AAB066
ABB067
ACAF69
ADAE6A
ADAE6A
ADAE6A
AFB06C
AFB06C
AFB16D
B0B16D
B1B06D
B2B16E
B2B16E
B2B16E
B2B26E
B1B26E
B0B16D
AFB26D
AFB26D
AFB26D
AFB26D
B0B16D
B0B16D
B0B16D
B0B16D
AFB26D
AFB26C
AFB26C
AFB06A
AFB06A
AEB16A
AEB16A
AEB16A
AEB16A
AFB16B
AEB36C
ADB36F
ACB36F
ACB470
ACB370
ACB471
ACB370
AAB26E
A6AF6B
A1AA66
9BA561
97A05D
949C5B
909A59
8D9756
8B9652
8A9650
85934A
809145
7E8F43
7D8E42
798C3F
788B3F
798C40
98A259
99A35A
98A359
98A357
98A357
97A256
98A356
98A356
98A356
99A457
9AA357
9CA458
9CA459
9CA459
9CA459
9CA459
9CA459
9BA358
9BA358
9BA358
9BA358
9BA358
9BA358
9BA358
9BA358
9BA358
9BA357
9CA458
9DA559
9DA559
9DA559
9DA559
9EA65A
9FA75B
A0A85C
A1A95D
A1A95D
A0AA5D
9EA95C
9EA95C
9DA85B
9DA85B
9DA85B
9DA85B
9EA75B
9FA75B
9FA75B
9FA75B
9FA75B
9FA75B
A0A85C
A1A85C
A1A85C
A1A85C
A1A85C
A2A95D
A2A95D
A3AA5E
A3AA5E
A3AA5E
A3AA5E
A4AB5F
A4AB5F
A3AA5E
A2AA5E
A1A95D
A1A95D
A1A95D
A1A95D
A1A95D
A1A95D
A2AA5E
A2AA5E
A2AA5E
A3AB5F
A4AC60
A4AC60
A5AC60
A5AC60
A5AC60
A5AC60
A6AD61
A7AE62
A9AE63
AAAE63
ABAF64
ABAF64
ABAF64
ABAF65
ACAE66
ACAF66
ACAF66
ACAF66
ACAF66
ACAF66
ACAF66
ACAF66
ACAF66
ABAE65
AAAD64
A9AD64
A8AB62
A9AC63
A9AC63
A9AC65
AAAD66
A9AC65
AAAC64
A9AC63
A9AC63
AAAC63
ABAD64
ABAE65
AAAF65
A9AF65
A9AF65
A9AF65
A9AF65
A9AF65
A9AF65
A9AF65
A9AF65
A9AF65
AAB066
AAB066
ABB167
ABB167
AAB165
A9B064
A9B064
A9B064
A9B064
A9B064
A9B064
A9B064
A9B064
AAB065
AAB066
AAB166
ABB266
ABB266
ABB266
ABB266
AAB165
AAB066
AAB066
AAB066
ABB167
ABB167
AAB066
ABB167
ABB167
A9AF65
A9AF65
A9AF65
AAB066
AAB066
AAB066
AAB066
AAB066
AAB066
AAB066
AAB066
AAB066
AAB066
A9AF65
A9AF67
A8AE66
A8AE66
A8AE66
A8AE66
A8AE66
A8AE66
A8AE66
A8AE66
A8AE66
A9AF67
A8AE64
A7AD63
A8AE64
A8AE64
A8AE64
A8AE64
A8AE64
A7AD63
A6AC62
A5AB61
A5AB61
A5AB61
A5AB61
A5AB61
A5AB61
A6AC62
A6AC62
A8AE64
A8AE64
A9AF65
AAB066
AAB067
AAAE67
AAAD68
A9AC67
AAAD68
ABAD68
ABAE69
ABAD68
AAAD68
ABAD68
ACAD69
ACAD69
ACAE69
ABAE69
AAAE69
AAAE69
A9AF69
AAB06A
ABB16B
ACB26C
ACB06B
AAAE69
ABAD69
ABAD69
AAAD68
A9AC67
A9AC67
A8AB66
A7AA65
A7AA65
A7AA65
A9AC66
ACAD67
ADAE69
ADB06B
ACB16D
ABB06D
ABB06D
ABB06D
ACB16E
AEB370
B0B572
B0B572
AEB370
ACB26F
ABB16D
AAAF6D
A8AF6C
A8AE6B
A7AE6B
A5AE6A
A4AE67
A1AC62
9EAA60
9CA75E
9CA85E
9CA85E
9CA85E
9DA65B
9DA55B
9CA55A
9CA559
9DA559
9CA559
9CA659
9CA75A
9DA759
9EA759
9EA759
9EA65A
9FA75C
9FA75C
9FA75C
9FA75C
9EA65B
9EA65B
9DA55A
9DA55A
9DA55A
9DA55A
9DA55A
9CA459
9BA358
9BA358
9AA257
9AA256
9BA357
9BA357
9BA357
9BA357
9CA458
9CA458
9DA559
9DA559
9CA659
9CA659
9CA75A
9CA75A
9CA75A
9DA85B
9DA85B
9EA95C
9FA85C
A0A85C
A0A85C
A1A85C
A1A95D
A1A95D
A2A95D
A2A95D
A2A95D
A3AA5E
A4AB5F
A5AC60
A5AC60
A6AC60
A6AC60
A5AC60
A6AD61
A5AC60
A5AC60
A4AB5F
A3AA5E
A3AA5E
A3AA5E
A3AA5E
A3AA5E
A2AA5E
A2AA5E
A2AA5E
A2AA5E
A3AB5F
A3AB5F
A3AB5F
A3AB5F
A4AC60
A5AC60
A5AC60
A5AC60
A5AC60
A5AC60
A6AC61
A7AD61
A7AD61
A7AD61
A8AE62
AAAE63
ABAF64
ACB065
ADB166
ADB066
ADB167
ADB066
ADB066
ADB066
ACB065
ACB065
ABAF65
ABAF64
ABAE64
ABAE65
ABAE65
ABAE66
ABAE65
AAAD65
A8AD64
A8AD63
A8AD63
A8AD63
A8AD63
A8AD63
A8AE64
A8AE64
A8AE64
A8AE64
A8AE64
A8AF64
A8AE64
A9AF65
A9AF65
A9AF65
A8AE64
A8AE64
A8AE64
A7AD63
A8AE63
A8AF63
A8AF63
A8AF63
A8AF63
A9B064
A9B064
A9B064
A9B063
AAB165
AAB166
ABB266
ABB266
ABB266
ABB266
ABB266
ABB266
ABB267
ABB167
ABB167
AAB066
ABB167
AAB066
AAB066
AAB066
AAB066
AAB066
AAB066
AAB066
AAB066
AAB066
AAB066
AAB066
AAB066
AAB066
AAB066
AAB066
AAB066
AAB066
A9AF67
A9AF67
A9AF67
A9AF67
A9AF67
A9AF67
A9AF67
A7AD65
A7AD65
A8AE66
A8AE66
A9AF65
A9AF65
A8AE64
A7AD63
A7AD63
A5AB61
A4AA60
A4AA60
A4AA60
A4AA60
A4AA60
A3AB60
A3AB60
A4AA60
A4AA60
A5AB61
A5AB61
A6AC62
A6AC62
A6AC62
A6AC62
A7AD64
A8AC65
A9AC67
A8AB66
A8AC66
A8AD67
A8AD67
A7AC66
A7AC66
A7AC67
A7AD67
A7AD67
A8AD67
A7AC67
A6AC66
A6AC66
A6AC65
A5AB64
A5AB64
A5AB64
A4AA64
A4AA64
A4A964
A4A964
A4AA64
A4A963
A4A963
A4A964
A5A964
A6A964
A6A964
A6A963
A8A963
A9AA65
A9AC68
A9AE6A
AAAF6D
AAAF6C
A9AE6C
A8AD6A
AAAF6C
ACB16F
ADB26F
ABB06D
A9AE6B
A8AC6A
A7AC69
A6AB68
A5AA67
A4AA67
A3A965
A0A861
9EA75F
9FA960
A1AB62
A2AC63
A2AC63
A1AD63
9BA45A
9CA45A
9CA55B
9CA55A
9CA558
9BA557
9AA456
99A456
9BA555
9EA756
9EA757
9DA559
9CA459
9CA459
9CA459
9CA459
9DA459
9DA55A
9DA55A
9DA55A
9DA55A
9DA55A
9EA65B
9FA75C
9FA75C
A0A85D
A1A95D
A0A85C
A0A85C
9FA75B
9EA65A
9EA65A
9DA559
9DA559
9DA559
9CA558
9AA558
9AA558
99A457
99A457
99A457
98A457
98A557
9AA558
9CA55A
9EA65A
9EA65A
9EA65A
9FA65B
A0A75C
A0A85C
A0A85C
A1A85D
A1A95D
A2A95E
A2AA5E
A3AB5F
A4AB5F
A4AB5F
A4AC60
A6AC60
A6AD61
A6AD61
A7AE62
A6AD61
A5AC60
A5AC60
A4AB5F
A4AA5E
A4AB5F
A5AC60
A4AC60
A5AD61
A6AD61
A6AD61
A6AE62
A6AE62
A6AE61
A7AE61
A6AD60
A6AD60
A5AD60
A5AC5F
A5AC5F
A5AC5F
A5AC5F
A5AC5F
A4AB5F
A6AC60
A7AC61
A7AD61
A8AD62
A8AD62
A8AE62
A8AE62
A8AD62
A9AF63
A9AE63
A9AE63
A9AE63
A9AE63
A9AE63
A9AE64
AAAE65
AAAF65
AAAF65
AAAF65
A9AF65
A8AF65
A8AE64
A8AE64
A8AE64
A8AE64
A9AF65
A9AF65
A9AF65
AAB066
AAB066
AAB066
ABB167
ABB167
ABB167
AAB066
AAB066
A9AF65
A9AF65
A8AE64
A7AD62
A6AD61
A5AC60
A4AB5F
A4AB5E
A4AB5E
A5AC5F
A6AD60
A7AE60
A8AF63
A9B064
AAB164
ABB265
ABB265
ACB366
ACB366
ABB265
AAB266
ABB267
AAB166
AAB166
ABB267
ABB267
AAB066
A9B065
ABB167
ABB167
AAB166
ABB167
ABB167
ABB167
ABB167
ABB167
ABB167
ABB167
ABB167
ABB167
ABB167
ABB167
ABB169
ABB16A
ABB16A
ABB16A
ABB16A
ABB16A
A9AF67
A6AC64
A6AC65
A6AC65
A7AD65
A7AD63
A7AD63
A7AD63
A7AD63
A8AE64
A7AD63
A7AD63
A6AC62
A6AC62
A6AC62
A6AC62
A6AD62
A6AD62
A6AD62
A7AD63
A7AD63
A7AD63
A8AE63
A7AD63
A6AC62
A6AC62
A6AC62
A6AA63
A5AA63
A5A963
A5A963
A5A963
A5A963
A4A962
A4A962
A3A962
A4AA63
A3A962
A4AA63
A4AA63
A4AA63
A4AA63
A4AA63
A3A961
A2A860
A2A861
A2A861
A3A962
A3A962
A3A962
A3A962
A2A962
A3A962
A1A860
A2A660
A3A661
A3A661
A5A862
A8A963
A9AA65
A9AC67
A7AC68
A5AB66
A5AA66
A6AB67
A8AD69
A6AC68
A5AA66
A4AA65
A3A964
A3A864
A3A964
A4A965
A4A965
A4AA65
A4A965
A4AA65
A7AF68
A4AD64
A0A960
9FA85F
9FA85F
9FA85F
9EA95F
87934C
89954D
8A964E
8D994E
8F9A4E
909C50
929D52
949F52
96A153
99A455
9BA456
9CA558
9CA559
9DA559
9EA65A
9EA75A
9EA75A
9EA75B
9FA75C
9FA75C
9FA75C
9FA75C
9FA75C
9EA65B
9EA65B
9DA55A
9EA65A
9DA559
9DA559
9DA559
9EA65A
9FA75B
9EA65A
9FA75B
9FA75B
9EA85B
9EA95C
9DA85B
9DA85B
9BA659
9BA659
9AA658
99A658
99A658
9BA559
9DA55A
9DA55A
9DA55A
9DA55A
9DA55A
9DA55A
9DA55A
9DA55A
9DA55A
9EA65B
9FA75B
9FA75B
A0A85C
A0A95D
A2AA5E
A4AB5F
A4AC60
A4AC60
A4AB5F
A5AC60
A4AB5F
A4AB5F
A4AB5F
A4AB5F
A5AC60
A5AC60
A6AD61
A6AD61
A7AE62
A6AD61
A6AD61
A5AD61
A6AD60
A6AD5F
A6AD5F
A6AD5F
A7AD5F
A7AD5F
A5AC5E
A5AC5E
A5AC5E
A5AC5E
A4AB5D
A4AB5E
A3AB5E
A3AB5E
A3AB5E
A4AB5E
A5AC5F
A5AC5F
A5AC5F
A6AD60
A6AD60
A5AD60
A6AD61
A6AE61
A7AE62
A7AE63
A8AE64
A8AF64
A8AF64
A8AF64
A9AF64
A8AE64
A8AE64
A8AE64
A9AF65
A9AF65
A9AF65
A9AF65
A9AF65
A8AE64
A8AE64
A8AE64
A8AE64
A8AE64
A8AF64
A7AD63
A6AC62
A5AB60
A5AB60
A4AA60
A5AB60
A4AB5F
A4AB5E
A3AA5D
A3AA5C
A3AA5C
A4AB5D
A5AC5E
A5AC5E
A6AD60
A7AE62
A8AF62
A9B061
A9B062
A9B062
A9B062
A9B062
A8B064
A8B064
A7AF63
A7AF63
A7AF63
A8B064
A8B064
A8B064
AAB266
AAB266
AAB266
ACB268
ACB268
ACB268
ABB167
AAB066
ABB167
ABB167
ABB167
ABB167
ABB167
ABB167
ABB169
ACB269
ABB169
ABB169
ABB169
ABB169
AAB067
A8AE66
A8AE65
A8AE65
A7AD65
A7AD64
A7AD63
A5AB62
A4AA61
A3A960
A3A95F
A3A95F
A3A960
A4AA60
A4AA61
A5AB61
A5AB61
A5AB61
A6AC62
A6AC63
A7AD63
A7AD64
A8AE65
A8AE65
A8AE65
A8AE65
A8AE65
A7AD65
A6AC64
A6AC64
A8AB64
A8AB64
A7AB64
A7AA63
A7AA63
A4AA62
A4AA62
A4AA62
A4AA62
A4AA62
A4AA62
A3A961
A4AA62
A4AA62
A4AA63
A4AA64
A3A961
A2A860
A1A760
A1A760
A2A860
A3A961
A3A961
A3AA61
A5A962
A6A964
A6A964
A6A963
A8A963
A8AA63
A7AB65
A6AC65
A6AC66
A6AC66
A6AC66
A6AC66
A3A963
9FA55F
9FA55E
9EA45E
9FA55F
A0A660
A1A761
A1A761
A1A761
A1A761
A2A861
A3AA63
A4AC63
A4AB62
A3AB62
A2AA61
A2AA61
A2A961
7A8943
7B8A44
7D8C46
7F8D46
818E44
808D43
808D44
818F44
849145
879447
8A9549
8B974A
8D994C
8F9B4E
929E51
95A154
95A154
97A456
9AA558
9CA65A
9FA75C
9FA75C
9EA65B
9DA55A
9DA55A
9DA55A
9DA559
9CA458
9DA559
9DA559
9EA65A
9FA75B
9FA75B
9EA65A
9EA65A
9DA75A
9DA85B
9DA85B
9CA75A
9BA659
9BA659
9AA659
9AA759
9AA759
9BA65A
9DA55A
9DA55A
9DA55A
9DA55A
9DA55A
9DA55A
9DA55A
9DA55A
9DA55A
9DA55A
9DA559
9DA559
9DA559
9EA65A
9EA65A
9FA75B
A0A85C
A0A85C
A1A95D
A1A95D
A1A95D
A1A95D
A2AA5E
A3AB5F
A4AB5F
A5AC60
A6AD61
A6AD61
A6AD61
A5AC60
A5AC60
A5AC60
A5AC5F
A6AD5F
A6AD5F
A6AD5F
A8AC5F
A8AC5F
A5AB5D
A4AB5D
A4AB5D
A5AC5E
A5AC5E
A4AB5D
A4AB5D
A3AA5C
A3AA5C
A3AA5C
A3AA5C
A4AB5D
A3AA5C
A4AB5D
A5AC5E
A5AC5E
A5AC5E
A5AC5E
A5AC5F
A5AC60
A6AD61
A7AE62
A7AE62
A7AE62
A7AE62
A6AC62
A6AC62
A7AD63
A6AC62
A6AC62
A5AB61
A5AB61
A5AB61
A5AB61
A4AA60
A4AA60
A4AA60
A4AB5F
A3AA5E
A3AA5E
A1A85C
9FA65A
9FA65A
9FA65A
9FA65A
9FA659
9FA658
9FA658
A0A759
A0A759
A0A759
A1A859
A1A858
A2A95B
A3AA5C
A4AB5D
A5AC5E
A5AC5E
A6AD5F
A6AD5F
A6AD5F
A5AD61
A5AD61
A5AD61
A6AE62
A6AE62
A6AE62
A8B064
A9B165
A9B165
A9B165
AAB266
AAB066
ABB167
ABB167
ABB167
ABB167
ACB268
ACB268
ACB268
ACB268
ACB268
ACB268
ACB268
ACB268
ABB167
ABB167
ABB167
ABB167
AAB066
AAB066
A9AF65
A8AE64
A7AD63
A6AC64
A6AC64
A5AB63
A5AB63
A5AB63
A5AB63
A5AB63
A5AB63
A5AB63
A4AA63
A5AB63
A5AB63
A4AA63
A4AA62
A4AA62
A5AB63
A5AB63
A5AB63
A5AB63
A6AC64
A6AC64
A6AC64
A7AD65
A7AD65
A7AD65
A7AD65
A6AC64
A6AC64
A6AC64
A7AD65
A6AC64
A6AC64
A7AD65
A7AD65
A6AC64
A5AB63
A5AB63
A5AB63
A5AB65
A6AB68
A6AB68
A5AA66
A5AA66
A5AB65
A5AB65
A5AB63
A5AB63
A5AB63
A6AC64
A6AC64
A7AC65
A9AC65
A9AC65
A9AC65
A9AC65
A8AC66
A6AC66
A6AC66
A6AC66
A6AC66
A5AB65
A4AA64
A4AA63
A3A963
A2A862
A0A660
A0A660
9FA55F
9FA55F
9EA45E
9EA45E
9EA45C
9EA55C
A0A85F
A1A960
A1A960
A0A85F
A0A85F
A1A75F
72833D
73843E
768641
788741
788840
78873F
768740
76873E
78883E
7B8B40
7E8C42
7F8D43
808F44
819045
839147
85944A
87964C
8B994C
8E9A4E
919D51
95A054
97A155
96A155
96A155
99A357
9CA459
9DA459
9DA559
9DA559
9DA559
9DA559
9DA559
9CA458
9BA357
9DA559
9CA458
9AA457
99A457
98A356
96A154
97A255
98A356
98A356
99A457
9AA357
9BA357
9BA357
9BA357
9BA357
9BA357
9BA357
9BA357
9BA357
9BA357
9BA357
9BA357
9BA357
9CA458
9CA458
9CA458
9DA559
9CA458
9DA559
9DA559
9EA65A
A0A85C
A0A85C
A1A95D
A2AA5E
A3AB5F
A4AC60
A5AD61
A5AD61
A5AD61
A4AC60
A5AC60
A5AC60
A5AC60
A5AC60
A6AD61
A6AD61
A6AD61
A6AD61
A6AD60
A6AD60
A5AD61
A7AD61
A8AC61
A6AD60
A6AD5F
A5AC5E
A6AD5F
A5AC5E
A5AC5E
A6AD5F
A6AD5F
A6AD5F
A6AD5F
A6AD5F
A7AE60
A7AE60
A7AE61
A7AE62
A8AF63
A8AF63
A8AF63
A8AF63
A7AE62
A7AE62
A6AD61
A5AC61
A6AC62
A5AB61
A5AC60
A5AC60
A5AC60
A4AB5F
A3AA5E
A3AA5F
A3A95E
A2AA5E
A1A95D
A1A85C
A0A75B
9FA65A
9FA65A
9FA65A
9EA559
9DA457
9CA355
9BA254
9CA353
9DA454
9DA454
9DA454
9EA555
9EA556
9FA658
9FA658
A0A759
A0A759
A0A759
A0A759
A0A759
A0A85C
A0A85C
A0A85C
A2AA5E
A1A95D
A2AA5E
A3AB5F
A3AB5F
A4AC60
A4AC60
A6AE62
A6AE62
A7AF63
A8B064
A8B064
A9B165
AAB266
ABB367
ABB367
ABB367
ACB368
ACB368
ACB469
ABB368
ABB267
AAB267
AAB267
AAB166
AAB066
A9AF65
A9AF65
A8AE64
A8AE64
A8AE66
A8AE66
A7AD65
A7AD65
A6AC64
A5AB63
A5AB63
A5AB63
A5AB63
A5AB63
A6AC64
A7AD65
A8AE66
A7AD65
A6AC64
A6AC64
A5AB63
A5AB63
A5AB63
A5AB63
A6AC64
A6AC64
A7AD65
A8AE66
A9AF67
ABAE67
ACAF68
ACAF68
ACB069
ACB069
ADB069
ADB069
ADB069
ADB169
ACAF68
ABAF68
ABAE67
ABAE67
A9AD67
A5AB69
99A060
A2A866
A3A866
A3A865
A1A762
A0A65E
A1A75F
A2A860
A3A961
A4AA62
A5AB63
A6AB63
A6AB63
A6AB63
A6AB63
A5AB63
A5AB63
A5AB63
A5AB63
A5AB63
A5AB63
A4AA62
A4AA62
A4AA62
A4AA63
A4AA62
A4AA62
A3A961
A2A860
A1A75F
A0A65F
A0A65E
9FA65D
9FA55D
9FA55D
9FA55D
9FA55D
9FA55D
9FA55D
6C7F3C
6E803C
71823D
72823D
72823C
70813B
6F8039
6F8039
71823A
74853E
76863F
768740
778841
788942
798942
7A8A43
7B8C44
7D8E44
809046
808F44
808E43
849045
879347
8A964A
8C984C
909B4F
939D51
96A053
96A054
97A155
98A255
99A255
99A155
99A155
99A155
99A155
98A054
98A255
98A356
99A457
99A457
98A356
98A356
98A356
9AA357
9BA357
9BA357
9BA357
9BA357
9BA357
9BA357
9BA357
9BA357
9BA357
9BA357
9BA357
9BA357
9BA357
9BA357
9BA357
9BA357
9AA256
9AA256
9AA256
9BA357
9DA559
9DA559
9CA458
9DA559
9EA65A
9FA75B
A0A85C
A1A95D
A1A95D
A0A95D
A1A95D
A1A95D
A2A95D
A2A95D
A3AA5E
A3AA5E
A3AA5E
A4AB5F
A5AC60
A6AD61
A5AC60
A4AA5F
A4AA5F
A4AB5E
A3AA5C
A3AA5C
A3AA5C
A4AB5D
A4AB5D
A4AB5D
A5AC5E
A5AC5E
A5AC5D
A5AC5E
A5AC5E
A6AD5E
A5AC5F
A6AD60
A6AD60
A6AD61
A5AC60
A6AC61
A5AB61
A5AB60
A4AA5F
A4AA60
A3AA5F
A3AA5F
A2A95D
A1A95D
A1A95D
A0A85C
9FA75B
9FA65A
9EA559
9DA559
9EA65A
9FA65A
9DA458
9CA357
9CA357
9BA256
9CA357
9BA255
9BA254
9BA253
9BA252
9CA353
9DA454
9DA454
9EA555
9EA556
9FA658
9FA658
A0A759
9FA658
9FA658
9FA658
9EA557
9DA559
9EA65A
9FA75B
9FA75B
A0A85C
A2AA5E
A1A95D
A0A85C
A1A95D
A2AA5E
A2AA5E
A2AA5E
A3AB5F
A4AC60
A3AC5F
A5AD61
A6AE62
A7AF63
A8B064
A8B064
A9B165
A9B165
A9B166
AAB266
AAB266
ABB367
ABB367
AAB266
ABB167
AAB066
AAB066
AAB066
AAB066
AAB068
A9AF67
A9AF67
A9AF67
A9AF67
A9AF67
A9AF67
A8AE66
A8AE66
A7AD65
A7AD65
A8AE66
A8AE66
A8AE66
A7AD65
A6AC64
A5AB63
A5AB63
A6AC64
A6AC64
A7AD65
A7AD65
A7AD65
A8AD65
A8AD65
A9AE66
AAAF68
ACB068
ACB069
ADB069
AEB16A
AEB16A
AEB16A
AFB26B
AEB16A
AEB16A
AEB16A
AEB16A
ADB16A
99A05D
909858
A3A866
A5AA67
A5AA67
A4AA64
A3A961
A3A961
A3A961
A4AA62
A4AA62
A3AA61
A3A961
A3A961
A3A961
A3A961
A3A961
A3AA61
A4AA62
A4AA62
A4AA62
A4AA62
A4AA62
A3AA61
A3A961
A3A961
A2A960
A2A960
A3A961
A4AA62
A4AA62
A4AA62
A4AA62
A3A961
A2A960
A2A960
A1A85F
A1A75F
A0A65E
A0A65E
687B39
6A7C3A
6E7F3C
6F813D
6E813B
6E803B
6D7F3A
6D7F39
6F813A
72833C
73843E
73853E
73843E
74853E
74853E
74853E
75863F
76873F
778840
788941
7A8B43
7C8C42
7D8D42
7F8D42
818E43
839044
869345
899547
8B974A
8E9A4C
909C4E
939E50
969F52
969F53
97A154
99A356
99A256
98A356
98A356
98A356
98A356
97A255
96A154
96A154
98A255
99A356
99A356
9AA357
9BA357
9BA357
9BA357
9BA357
9BA357
9BA357
9BA357
9BA357
9BA357
9BA357
9BA357
9BA357
9BA357
9BA357
9BA558
9CA659
9DA459
9DA458
9DA559
9EA559
9FA75B
9FA75B
A0A85C
A0A85C
A0A85C
9FA75B
9FA75B
9FA75B
9FA75B
A0A75B
A0A85B
A0A75B
A0A75B
A1A85C
A1A85B
A1A85C
A1A85C
A1A85C
A1A85C
A2A95D
A2A95C
A2A95C
A3AA5D
A4AB5D
A5AB5E
A6AD5F
A6AD60
A6AD60
A6AD5F
A6AD60
A5AC5F
A5AC5F
A5AC5F
A5AC5F
A5AC5F
A5AC60
A5AC60
A5AC60
A5AC60
A4AB60
A4AB60
A4AA60
A2AA5E
A2AA5E
A1A95D
A1A85C
A0A85C
A0A85C
9FA75B
9FA75B
9FA75B
9EA65A
9EA65A
9EA65A
9EA559
9CA357
9AA155
99A054
99A054
99A054
99A053
99A052
99A051
9AA151
9CA353
9DA454
9DA454
9EA555
9FA657
9FA658
9FA658
A0A759
A0A759
A0A759
9FA658
9FA658
9DA559
9DA559
9EA65A
9DA559
9EA65A
9FA75B
9FA65B
9EA65A
9FA65B
9FA75B
9EA65A
9FA75B
9FA75B
9FA75B
A0A85C
A0A85C
A2AA5E
A3AB5F
A4AC60
A4AC60
A4AC60
A4AC60
A5AD61
A5AD61
A5AD61
A5AD61
A6AE62
A7AE63
A8AE64
A8AE64
A8AE64
A9AF65
AAB066
ABB169
ABB169
ABB169
AAB069
AAB068
AAB069
A9AF68
A9AF67
A9AF67
A9AF67
A9AF67
A9AF67
A9AF67
A9AF67
A8AE66
A8AE66
A8AE66
A9AF67
AAAF68
ACB069
ADB16A
ADB16A
ADB16A
AEB06A
ADAF68
ADAF69
ADAF69
ADAF69
ACAE68
ADAF69
AEB06A
AEB16A
AEB16B
AEB16A
ADB06A
ADB069
ADB069
ADB069
ADB069
ADB26D
ACB26F
ADB16D
ABB06C
AAAF69
A8AD67
A7AB65
A7AC65
A8AD66
A8AD66
A8AD66
A8AC66
A7AB65
A7AB65
A7AB65
A7AB65
A7AB65
A6AB64
A6AB64
A5AA63
A5AA63
A5AA63
A5AA63
A5A963
A4A862
A4A862
A4A862
A4A862
A4A862
A3A861
A3A861
A3A861
A3A861
A3A861
A5A963
A5A963
A3A861
A1A65F
9FA45D
9FA45D
687B3A
697C3A
6A7D3C
6A7E3C
6A7D39
697D38
697D38
697D37
6C7E38
6E7F39
70813A
71823B
72833C
72833C
72833C
72833C
73843D
74853E
74853E
75863F
75863F
76873F
788840
798941
7B8A41
7C8B40
7D8C40
7F8E41
808F42
819042
849143
869345
889547
8A9649
8C974A
8E994C
8F9B4E
919C50
939E51
929D50
939E51
949F52
949F52
949F52
949F52
95A053
95A053
969F53
979F53
979F53
97A053
97A053
98A054
98A154
98A054
99A155
98A155
9AA256
9AA256
9AA256
9AA357
98A256
97A154
98A155
9AA256
9BA458
9DA659
9EA65A
9EA65A
9FA75B
A0A85C
A1A95D
A1A95D
A1A95D
A1A95D
A1A95D
A1A95D
A1A85C
A1A85D
A1A75C
A1A75C
A0A75B
A0A75B
9FA65A
9FA65A
9FA65A
A0A85C
A1A85D
A0A75B
A0A75B
A1A85C
A1A95D
A2A95D
A2A95D
A2A95D
A1A85C
A2A95D
A1A85C
A0A75B
A0A75B
A0A75B
A0A85C
A0A85C
A1A85C
A1A85C
A1A85C
A0A85C
A0A85C
9FA75B
9FA75B
9FA75B
9FA85C
9FA75B
9FA75B
9FA75B
9FA75B
9EA65A
9EA65A
9EA65A
9FA75B
9FA75B
9FA75B
9FA65A
9EA559
9DA458
9CA357
9CA357
9BA256
9AA154
99A052
989F51
99A04F
99A050
9AA151
9BA252
9CA353
9DA455
9DA456
9EA557
9EA557
9EA557
9EA557
9EA557
9EA557
9DA559
9DA559
9DA659
9EA75A
9EA75A
9EA75A
9EA75A
9FA75B
9EA75A
9FA75B
9FA75B
9FA75B
9FA75B
9EA65A
9FA75B
9FA75B
9FA75B
A1A95D
A1A95D
A1A95D
A1A95D
A2AA5E
A2AA5E
A3AB5F
A3AB5F
A3AB5F
A4AC60
A5AC61
A6AC62
A7AD63
A8AE64
A9AF65
A9AF65
AAB068
AAB068
ABB169
ABB169
ACB269
ACB26A
ACB269
ABB168
ABB168
AAB067
AAB067
A9AF66
A9AF66
A9AF66
A9AF66
AAB067
AAB068
ABB169
AEB16A
B0B36B
B1B46C
B1B56D
B2B46D
B2B46D
B3B46D
B3B46E
B3B46E
B3B46E
B2B36D
B2B36C
B0B26B
AEB16A
AEB069
AEB169
AFB26A
B0B26B
B0B36C
B0B36C
B1B36C
B0B36B
B0B36C
B0B26B
B0B26B
B0B36B
AFB16C
AEB16C
AEB16C
AFB26D
AFB26D
AEB16C
ADB06B
ACAF6A
ACAF6A
ACAF6A
ACAF6A
ACAF6A
ACAF6A
ACAF6A
ABAE69
ABAE69
ABAD69
AAAD68
A9AC67
A9AC67
A8AB66
A8AA66
A8AA66
A7A965
A6A864
A5A863
A4A762
A4A762
A5A863
A6A864
A6A864
A4A762
A3A661
A2A560
A3A661
667939
677A3A
697C3C
6A7D3C
6A7C3B
697B3A
687B38
687C37
697D38
6B7E39
6E7F39
6E7F39
6F8039
6F803A
6F803A
70813B
71823B
72833C
72833C
72833C
73843D
73843D
74853E
74863F
75873F
76863E
77883D
78893E
798A3F
7A8A3F
7C8B3F
7E8C3F
808E41
818E42
859246
889548
8A974B
8B994C
8C9A4D
8C9A4D
8E9B4F
909D51
929F53
929F53
929E52
929D50
929D50
939E51
939E51
949F52
95A053
95A053
96A154
96A154
98A054
97A154
96A154
96A154
96A154
96A154
97A255
99A356
9CA458
9BA458
98A255
96A154
97A255
97A255
97A255
9AA256
9BA357
9BA357
9CA458
9CA458
9CA458
9DA559
9DA559
9EA55A
9FA55B
9FA55B
9FA55B
9FA55C
9FA65C
9DA55A
9CA459
9BA358
9BA358
9BA358
9BA358
9BA357
9DA559
9EA65A
9EA65A
A0A75B
A0A75B
A0A75B
A0A75B
9FA75B
9EA65A
9EA65A
9EA65A
9EA65A
9EA65A
9EA65A
9EA65A
9EA65A
9EA65A
9DA559
9DA559
9DA559
9DA559
9EA65A
9EA65A
9EA65A
9EA65A
9DA559
9DA559
9DA559
9DA559
9DA558
9CA558
9CA558
9DA458
9CA357
9CA357
9BA256
9BA256
9BA256
9AA154
9AA153
9AA153
9AA151
9AA151
9BA252
9BA252
9CA353
9DA455
9EA557
9EA557
9FA658
9FA658
9FA658
9FA658
9EA758
9CA657
99A555
99A555
9AA656
99A455
99A455
9AA556
9BA657
9AA556
99A555
9BA657
9DA559
9EA65A
9EA65A
9EA65A
9EA65A
9DA559
9DA559
9CA458
9CA458
9CA458
9CA458
9DA559
9EA65A
A0A85C
A0A85C
A0A85C
A2A95E
A4AA60
A4AA60
A5AB61
A6AC62
A7AD63
A8AE64
A8AE64
A8AE64
A9AF64
A9AF65
AAB066
AAB066
A9AF65
A9AF65
A9AF65
A9AF65
A8AE64
A8AE64
A8AE64
A8AE64
A8AE64
A8AE64
A8AE64
A9AF65
A9B065
AAB166
ABB066
ADB067
AEB067
AEB067
ADAF66
ADAF66
ADAF66
ADAF66
AEB067
AEB067
AFB168
AFB168
AFB168
AEB067
AEB067
AEB067
AEB067
ADAF66
AEAF66
ADAF66
AEB067
AEB067
AEB068
ADAE68
ABAE69
ABAE69
ADB06B
ADB06B
ACAF6A
ABAE69
AAAD68
AAAD68
AAAD68
AAAD68
AAAD68
A8AB66
A7AA65
A6A964
A5A863
A5A863
A6A964
A8AB66
AAAD68
ABAE69
ACAF6A
ACAF6A
AAAD68
A9AC67
A7AA65
A6A964
A6A964
A5A863
A5A863
A5A863
A5A863
A5A863
A5A863
A5A863
607436
607436
617537
617537
617635
627736
637735
657834
667A35
687B36
697D37
697D37
6A7D38
6B7E39
6B7E39
6C7F3A
6D803B
6F803A
6F803A
70813A
71823B
71823B
71823B
71823B
72833C
72833C
73843B
74853B
74863C
75873D
75873D
77873C
78873C
79883D
7A8A3E
7B8B40
7D8D42
818F44
839146
849247
869449
89974C
8B994E
8D9B50
8F9B50
909B4F
909B4F
919C50
919C50
929D51
939E51
949F52
949F53
95A053
95A054
95A053
95A053
96A154
96A154
96A154
96A154
95A053
95A053
939E51
939E51
929D50
939E51
949F52
949F52
949F52
949F52
949F52
949F52
949F52
949F52
969F52
979F53
989F54
99A055
99A156
9AA257
9BA358
9CA459
9FA55B
A0A65C
A1A75C
A0A65C
A0A65C
A0A65C
A0A75B
9FA65A
9FA75B
9FA75B
9FA65A
9EA65A
9DA559
9EA65A
9DA559
9DA559
9DA559
9EA65A
9EA65A
9EA65A
9EA65B
9EA759
9EA758
9DA658
9DA559
9CA458
9CA458
9CA458
9CA458
9CA458
9CA458
9CA458
9CA458
9CA458
9CA458
9CA458
9CA457
9DA656
9DA657
9DA458
9CA357
9CA357
9CA357
9CA357
9CA357
9BA256
9AA153
9AA153
9AA151
9AA151
9AA151
9AA151
9AA151
9BA253
9BA254
9CA355
9CA355
9CA355
9CA355
9CA355
9BA455
9CA657
9CA758
9BA657
9AA556
9AA556
9AA556
9AA556
9AA556
9AA556
9AA556
9AA556
9CA458
9DA559
9DA559
9DA559
9DA559
9DA559
9DA559
9DA559
9DA559
9EA65A
9EA65A
9EA65A
9EA65A
9FA75B
9FA75B
9FA75B
9FA75B
A1A75D
A0A65C
A2A85E
A2A85E
A2A85E
A3A95F
A3A95F
A4AA60
A4AA60
A5AB61
A6AC62
A6AC62
A6AC62
A7AD63
A6AC62
A6AC62
A6AD61
A7AD62
A7AE62
A7AE62
A8AF63
A8AF63
A9B064
AAB165
AAB165
AAB165
ABB165
ABAE65
ACAE65
ADAF66
ADAF66
AEAF67
AEAE66
AFAF67
AEAF67
ADAF66
ADAF66
ACAE65
ADAF66
ACAE65
ACAE65
ABAD64
ABAD64
ACAE65
ACAE65
ABAE65
ABAF65
ABAF65
AAAE66
ABAE67
ABAE69
ABAE69
ACAE6A
ACAF6A
ACAF6A
AAAD68
A9AC67
A9AC67
A9AC67
A9AC67
A9AC67
A8AB66
A8AB66
A7AA65
A7AA65
A6A964
A5A863
A6A964
A6A964
A7AA65
A7AA65
A6A964
A6A964
A5A863
A4A762
A4A762
A4A762
A3A661
A4A762
A6A964
A7AA65
A7AA65
A8AB66
A8AB66
5D7133
5D7133
5F7335
5F7335
607536
607535
617635
617634
627734
647835
657934
657934
667A35
677B36
677B36
687C38
697D38
6B7E39
6B7E39
6C7F3A
6D803B
6E7F39
6E7F39
6E7F38
6F8039
6F8039
6F8138
708238
70823A
70823A
70823A
718239
728339
73853A
76873D
78883F
78883F
7A8940
7B8A41
7B8A43
7C8B44
7E8D44
808F46
839048
87944A
89954A
8A954B
8A964B
8B974C
8D984E
8E994F
8F9A50
909A51
919B51
919C51
919C50
929D50
939E51
939E51
93A052
95A053
96A154
96A154
95A053
929D50
8F9A4D
8D994B
8B984A
8B974A
8B9649
8B9649
8C9649
8C974A
8C974A
8E984C
8F994C
909A4D
919B4F
919A51
929B52
929C52
929C52
939D53
969E54
989F56
99A157
9AA158
9BA259
9DA55B
9EA65A
9FA75C
A0A75C
9FA75C
9FA75B
9FA75B
9EA65B
9EA65A
9DA55A
9DA55A
9DA55A
9DA459
9DA459
9DA559
9DA55A
9DA559
9EA659
9DA559
9DA559
9DA559
9CA458
9BA357
9BA357
9BA357
9BA357
9BA357
9BA357
9BA357
9BA357
9BA357
9BA356
9BA455
9CA456
9DA458
9DA459
9EA559
9EA559
9EA559
9EA559
9EA558
9DA456
9CA355
9BA252
9AA151
9AA151
9AA151
9AA151
9AA152
9BA254
9BA254
9BA254
9BA254
9BA254
9AA153
99A153
98A253
98A354
97A253
97A253
98A354
99A455
98A354
99A455
9AA556
9BA657
9AA556
9BA358
9BA357
9BA357
9CA458
9CA458
9CA458
9CA458
9CA458
9CA458
9CA458
9CA458
9CA458
9DA559
9DA559
9DA559
9EA65A
9FA65B
A0A65C
A1A75D
A1A75D
A1A75D
A1A75D
A0A65C
A0A75B
A1A75C
A0A75C
A0A75C
A1A75C
A1A85D
A2A85D
A2A95E
A3A95E
A3AA5E
A3AA5E
A3AB5D
A3AB5D
A2AA5E
A2AA5E
A2A95D
A2A95D
A1A95D
A1A95D
A1A95D
A0A85C
A1A65C
A0A65C
A0A55B
9FA55B
9FA45A
9EA45A
9DA459
9CA359
9CA358
9CA359
9DA258
9DA258
9DA258
9DA259
9DA258
9DA258
9DA258
9CA157
9AA157
9AA357
9BA358
9BA358
9BA258
9BA158
9BA159
9CA25A
9DA25B
9CA25A
9BA059
9A9F58
9A9F58
9A9F58
9A9F58
9A9F58
9A9F58
9A9F58
9A9F58
999F57
9A9F58
999F57
999E57
989D56
989D56
979C55
969B54
959A53
949952
939951
929850
929850
959B53
989D56
999E56
979D55
979C54
969C54
969C54
627738
627638
617538
607537
607436
607435
607534
607534
617634
617634
617631
617632
627733
647834
647935
657936
667A36
677B37
687B38
687B39
697D39
6A7D39
6A7C37
6A7C37
6B7E37
6C7D36
6D7E36
6E7F37
6F8039
6F803A
70813B
71833B
72843B
73843C
73853C
75853D
76863E
77873F
788840
7A8A43
798A43
7A8A42
7A8A41
7C8B42
7E8C43
818D44
828E45
838F46
859148
86934A
88944B
8A964D
8B964E
8C964E
8D974E
8D984D
8E994C
8E9A4D
8F9B4E
909D4F
919D4F
929E51
949F52
939E51
909B4E
8D984B
8A9649
899648
899648
889447
889446
889446
889447
899547
8A9648
8C974A
8D984B
8D984C
8B964D
8C974E
8C974E
8D974E
8E984F
8F9950
8F9950
919A52
939C53
939C53
939C52
939D51
939C51
939D51
949D52
949E52
959F53
96A054
98A156
99A357
9AA358
9BA459
9BA459
9BA559
9CA559
9CA659
9DA65A
9DA65A
9DA65A
9EA65A
9EA65A
9EA65A
9EA65A
9FA75B
A0A85C
A0A85C
A0A85C
9FA75B
9FA75B
9FA75B
9EA65A
9EA659
9EA659
9EA659
9FA65A
9FA65A
9FA65A
9EA558
9EA558
9EA559
9DA457
9EA556
9EA556
9DA454
9EA455
9EA554
9DA554
9CA454
9CA455
9CA455
9CA455
9BA354
99A153
99A153
98A052
98A051
959F50
939E4F
949F50
95A051
96A152
97A253
97A253
98A354
98A354
98A355
98A354
9AA254
98A153
98A153
98A153
98A153
98A153
99A154
99A254
99A154
9AA255
99A254
9BA356
9BA356
9CA456
9CA457
9DA558
9CA358
9CA359
9CA358
9BA257
9BA157
9AA157
9BA157
9BA256
9BA256
9BA356
9BA357
9BA356
9CA357
9CA456
9CA457
9DA557
9DA557
9BA556
9BA556
9BA556
9BA458
9AA457
9AA357
9AA457
9BA458
9BA457
9BA457
99A256
97A055
969F54
969E53
969E54
969E54
939E52
939E52
929E52
929D51
919D51
939D51
939D51
939C51
939C51
939C51
939C51
939C51
929C50
919C50
919C50
919C50
919C50
909A4E
90994D
909A4E
919B4F
929B4F
929C50
939C50
929C50
929C50
929C50
929C50
929C50
919B4F
919A4E
90994D
8F994C
8F994D
8F984C
8F984C
8F984C
8E984B
8E974B
8E974B
8E974C
8D974B
8E974C
8E974C
8E974C
8E984C
909A4E
919B4F
919A4E
90994D
8F994D
8E984C
5F7234
5F7234
5E7134
5B6F32
5E7133
5D7132
5E7232
5E7232
5E7233
5F7332
5E7331
5F7432
607532
607532
607533
627835
647935
647835
647836
657937
667938
647735
667A38
677B38
677B36
697B36
6A7C36
6B7C36
6C7D37
6E7F38
6F8039
70813B
70813A
71823B
72833C
72823C
72833C
73833C
73843D
75853E
778740
77873F
77883F
78883F
798940
7C8A43
7E8C44
7F8D45
808E46
818F47
839048
859149
87934B
89934A
889249
899449
899549
89954A
8B974B
8B984C
8C994B
8D9A4C
8F9A4D
8F9B4D
8E994C
8B984A
8B984A
8A9749
889547
889547
879446
879446
879446
879446
889547
899547
8A9548
8A9549
89954A
89954A
89954A
8A944A
8A944A
8A944B
8A944B
8A944B
8A944B
8A944B
89944A
8A9549
8A9549
8B964A
8B964A
8C974B
8D984C
8D994D
8F9A4E
909B4F
919B4F
939D51
949F53
949F53
96A154
96A154
97A255
98A356
9AA457
9CA458
9CA559
9DA559
9EA65A
9EA65A
9EA65A
9EA65A
9FA75B
9FA75B
9FA75B
9FA75B
9FA75B
9FA75B
A0A85C
9FA75B
A0A75B
9FA65A
9EA559
9DA458
9DA458
9DA458
9EA556
9EA555
9EA555
9EA555
9FA656
9EA756
9EA756
9EA756
9DA657
9EA757
9DA657
9DA656
9CA556
9CA555
9BA455
9BA455
9AA555
99A454
98A454
99A455
99A454
98A354
98A354
98A354
97A353
97A253
97A252
97A051
97A051
97A151
97A151
98A152
98A152
99A253
9AA354
9AA354
9AA455
9BA455
9BA455
9AA354
99A354
99A354
9AA354
9AA356
9BA358
9BA358
9AA257
9AA257
99A156
99A055
98A054
98A054
979F53
969E52
969E52
969E52
969F50
969F50
97A051
96A051
959F50
939F50
939F50
929E51
929E51
929E51
919D50
919D50
929D50
929D50
929E50
929D51
939D51
939C51
949C53
939C51
919C50
909B4F
8F9A4E
8E994D
8D994D
8D994D
8E994D
8E9A4D
8F9B4E
909B4F
909B4F
8F9B4E
8A9549
8A9549
8B964A
8C974B
8D994C
8E994C
8D994B
8D984B
8D994B
8E994C
8E9A4D
8C974A
8D984B
8F9A4D
8F9B4E
8F9C4E
8F9C4E
8E994C
8D994C
8C984A
8B9749
8C974A
8C974A
8C984A
8E994C
8E994C
8E994C
8D984C
8D984C
8D984C
8D994D
8E994D
8D984D
8C984B
8B9649
8A9548
899448
889346
899447
8A9548
607235
5D6F33
5B6D31
586A2E
5A6C30
5B6D30
5D6F32
5D6F32
5E7132
607232
5F7233
5D7231
607534
627734
617634
5F7432
607533
617634
607534
5D7230
5B702F
5E7231
5F7333
607534
627633
697C38
697D38
6A7D37
6B7C36
6C7D37
6D7E38
6E7F39
6F803A
6F8039
6F8039
6F8039
6E7F38
6E7F38
6D7E38
6E8039
70813A
72823B
73843D
74843D
75863F
798942
7B8B44
7B8B44
7A8A44
7D8B44
7F8C44
808C44
818D45
838F45
849046
849046
838F44
848F44
859247
859347
869345
889547
8B9649
8C974A
8A9749
899648
8A9649
889346
869145
879345
869345
879446
889547
889547
879446
869345
869345
869246
879347
879347
879347
869246
869246
869248
869248
859147
859147
859147
869248
879347
879347
879347
889347
889347
899448
899448
899448
899448
8A9549
8A9549
8B964A
8D984C
8F9A4E
909B4F
909B4F
909B4F
929D51
949F53
95A154
99A356
9BA357
9DA458
9EA559
9EA559
9FA65A
9FA65A
9EA65A
9FA75B
9FA75B
9FA75B
A0A75B
A0A75B
A0A55C
9FA55B
9FA55B
9FA55C
A0A65C
A0A75A
A1A859
A1A858
A0A757
A0A757
9FA757
9EA756
9EA756
9EA756
9EA756
A0A958
9FA857
9FA857
A0A958
A0A958
A1AA59
9FAA58
9EAA58
9DA957
9DA957
9CA856
9BA755
9AA654
9AA654
9AA654
9AA654
99A553
99A553
97A253
96A152
98A354
98A354
99A455
99A455
9AA556
99A455
9AA556
99A455
99A455
98A354
98A354
98A354
97A253
98A354
98A254
99A155
98A054
98A055
98A055
979F54
98A054
969E52
969E52
959D51
949C50
939B4F
939B4F
929B4F
91994E
949D50
929D4E
8F9B4C
8D9A4A
8D9A4A
8D9A4C
8D9A4C
8D9A4C
8D9A4C
8E9B4D
909D4F
8F9D4E
8E9B4D
8F9A4E
8E994D
8E994E
8E984F
8E984E
8E984E
8D984E
8D984C
8D984C
8C984C
8B974B
8A974A
899648
879546
869345
869345
869345
859344
869345
869345
889547
8B984A
8B984A
8A9749
8B984A
8B984A
8B984A
899748
848F42
869144
899547
889648
899749
899749
899648
879446
899648
8D9A4C
8C9A4B
8C994B
8C994B
8D9A4C
8E9B4D
8D9A4C
8C984B
8B974C
8B974D
89954C
879349
879348
889448
889448
879347
869246
859145
859145
879347
57682F
586A30
586A2F
596B30
5A6C30
5B6D30
5B6D2F
5B6C30
5C6F30
5D7030
5C6E30
5A6E31
5C7032
5F7433
5F7434
5C7130
5A6F30
5B6F31
5C7131
5F7432
607533
5E7332
5E7332
617635
5F7431
627632
637732
657834
687935
667733
667733
687935
697A36
6A7B36
6B7C36
6C7D37
6C7D37
6C7D37
6C7D37
6E7F38
6F8039
6F8039
6C7E37
6D7E37
6F8039
74843D
778740
778740
798942
7B8943
7B8841
7D8941
7D8941
7F8B43
818D45
808C44
828E44
838F45
828E44
829044
849246
869246
889448
889448
879347
869246
869246
849044
838F43
838F43
848F44
849044
869244
869345
869345
879446
879446
879446
869246
869246
869246
869246
869246
869248
869248
859147
859147
859147
859146
859145
859145
869246
879347
869246
869246
869246
869246
869246
869246
879246
879347
879347
899549
8A964A
8B974B
8B974B
8B974B
8D984C
8E994D
909B4F
929D51
959E53
969E53
979F54
979F54
98A055
98A055
99A156
9AA257
9BA257
9CA258
9DA359
9DA359
9CA258
9DA359
9EA45A
9FA55B
9FA658
9DA454
9DA454
9DA454
9EA555
9EA656
9DA756
9CA856
9CA856
9CA856
9DA957
9DA957
9DA957
9EAA58
9DA957
9EAA58
9EAA58
9CA856
9CA856
9BA755
9BA755
9BA755
9AA654
9AA654
9AA654
9AA654
9AA654
9AA654
99A455
99A455
99A455
98A354
99A455
98A354
99A455
99A455
9AA556
9AA556
9AA556
99A455
98A354
98A354
98A354
96A152
96A152
95A052
949F52
939E52
929D51
939E52
959D52
949B50
929C50
909B4F
8F9A4E
8E994D
8E994D
8E994D
8D984C
8F9A4D
8E994A
8D9A4A
8D9A4A
8C9949
8C994B
8C994B
8D9A4C
8C994B
8D9A4C
8F9C4E
8E9B4D
8E9A4D
8D994D
8C984D
8C984D
8B974E
8B974F
8B974F
8A964E
89954B
8A964C
8A964B
8A964A
8A9749
889647
869345
859244
839042
828F41
828F41
839042
869345
889547
899648
889547
889547
879446
889547
889547
899648
8B9649
8A9548
899447
879446
849546
859446
859244
849143
869345
889547
8A9749
899648
899648
889547
869345
869346
889447
89954A
88944A
879349
869248
869247
869246
859145
859145
849044
849044
838F43
838F43
56672E
56682E
57692E
56682E
5A6C30
596B2E
5A6C2F
596B2E
5C6E2F
5D7030
5C6E31
576B2E
596D2F
5B6F31
5A6E30
5E7232
607535
5F7434
5F7333
5C7032
5B7030
5D7230
5E7332
5E7332
5E7230
5F732F
60742F
61742F
647531
667733
677834
687935
687935
687933
687933
6A7B35
6B7C36
6D7E38
6D7E38
6D7E38
6E7F38
6D7F38
6C7F37
6E7F38
6D7E37
708039
72823B
76863F
74843D
74843D
78853F
7A8640
7B8842
7D8941
7D8941
7E8A42
7E8A41
7D8A42
7F8C43
7E8D44
7F8D42
828F43
849044
849044
848F43
838F43
838F43
828E42
828E42
828E42
838E43
848F43
829042
839042
839042
859244
879446
869345
849144
849044
849044
849044
849044
849046
849046
859147
849046
838F45
838F44
828E42
828E42
838F43
849044
849044
838F43
838F43
838F43
838F43
838F43
849044
849044
838F43
849044
869246
889448
879347
879347
889448
899549
8A964A
8B974B
8D974B
8E984C
8E984C
8F994D
909A4E
939B50
949C51
969D52
969E53
979F54
989F54
979E54
979E53
979F54
98A055
9AA156
9BA254
9AA151
9AA151
9AA151
9AA151
99A251
99A352
97A351
98A452
98A452
9AA654
9AA654
9BA755
9DA957
9CA856
9DA957
9DA957
9CA856
9CA856
9BA755
9BA755
9BA755
9AA654
9AA654
9AA654
9AA654
9AA654
9AA654
9BA657
9BA657
9BA657
9AA556
99A455
98A354
99A455
98A354
98A354
98A354
98A354
97A253
96A152
95A051
95A051
95A051
949F50
949F51
939E51
929D50
919C50
909B4F
919B4F
909A4E
8F9A4E
909A4F
8F9A4E
8E9A4D
8E9A4D
8D9A4C
8D994C
8F9B4E
8F9B4D
8D9A4B
8D9A4B
8C994A
8A9749
8B984A
8B984A
899648
889547
8A974A
8D9A4C
8E9B4D
8D9A4C
8B974C
8A964D
89954D
89954D
89954D
8A964E
8B974D
89954B
899549
8A9649
8A9749
899648
889547
889547
879446
889547
8A9749
899648
889547
889547
889547
899648
899648
899648
899648
899648
899648
8A9548
8B9649
8B9649
899648
889749
879547
869345
8A9749
899648
869345
8A9749
889547
889547
889547
889547
869345
859146
849048
859148
838F46
818D44
7F8B42
7E8A3E
7D893C
7C883C
7C883C
7C883C
7C883C
7D893D
596A32
566830
54652D
56682F
586A2F
5B6D31
5B6D30
5B6E2F
5C6E2F
5B6D2F
5B6D30
596D2F
5A6E30
5A6E2F
5B6F30
5C7032
5C7032
5D7231
5E7332
5F7434
607534
5F7432
5E7332
5A6F2D
5F7331
607330
5F732E
60732E
61722E
647531
677834
697A36
6A7B37
687933
687933
6A7B35
6A7B35
6C7D37
6C7D37
6C7D37
6B7C36
6D7E37
6E8039
6F8039
6F8039
6F7F38
73833C
73833C
74843D
74833C
78853F
78853F
78853F
7A8740
7C8942
7D8942
7E8A43
7E8B44
7D8A42
7B8B42
7D8D43
7F8D42
808C41
808D41
808D42
808D41
7F8C40
7F8C41
7F8C41
7F8C41
808D42
818E42
808F41
818F41
818F41
828F42
829042
839043
839043
838F43
838F43
838F43
838F43
838F45
838F45
838F45
828E44
818D43
828E43
838F43
828E42
838F43
838F43
828E42
808C40
808C40
808C40
808C40
818D41
818D41
828E42
838F43
849044
859145
859145
849044
849044
859145
869246
889448
899448
8A9549
8A9649
8A9549
8B974A
8C974B
8D974B
8F984C
8F984D
8F994D
90994E
909A4E
90994E
909A4E
919B4F
929C50
949D52
969E51
98A051
99A152
99A152
98A050
969F4F
949F4E
939F4D
94A04E
939F4D
96A250
95A14F
96A250
97A351
97A351
98A452
98A452
9AA654
9BA755
9BA755
9BA755
9BA755
9BA755
9BA755
9BA755
9CA856
9CA856
9CA856
9BA657
9BA657
9AA556
9AA556
9AA556
99A455
99A455
98A354
99A355
98A354
97A254
97A253
97A253
97A253
97A253
97A253
97A252
949F52
929C50
909B4F
8F9A4E
8E994D
8D984C
8C974B
8C974B
8C984B
8C984B
8B974A
8A9749
8A9749
899648
8A9749
899749
899649
899649
899548
879446
889547
899648
879445
869345
889547
8A9748
8A9748
899648
899549
89954B
88944C
89954C
89954C
88944B
889449
88944A
899549
889547
879446
879446
869345
879446
879446
889547
899648
889547
869345
828F41
7F8C3E
839042
859244
869345
869345
859244
849143
869144
859043
859042
859345
869446
879547
859244
849143
859244
879446
879446
869345
859244
839042
828F41
818E40
818D42
808C43
7E8A42
7E8A41
808C43
808C42
7F8B40
7F8B3F
808C40
808C40
818D41
818D41
828E42
54652D
55662E
55662F
55662F
586A2F
5B6D30
5D7030
5D702F
5B6E2D
596C2D
596C2E
596D2E
576B2E
596D30
5E7233
596D2F
576B2E
5D7231
5D7231
5E7331
5F7431
607532
5F7432
607532
607532
617431
5F732F
60732F
60712D
61722E
62732F
647531
677834
677833
687933
697A34
697A34
6A7B35
6A7B35
6D7E38
6E7F39
6F8039
6D7F38
6D7E38
6E7E37
71813A
6E7E37
6C7C35
6D7D36
71813A
73803A
74813B
76833D
76833D
75823C
76833D
77843E
77853F
78863E
77873F
788840
7A893F
7B8A3F
7B893F
7B8A3F
7C8A3F
7D8B40
7E8C41
7E8C41
7E8C41
7E8C41
7E8C41
808E41
818F42
818F42
818F42
818F42
828F42
838F43
838F43
838F43
838F43
838F43
838F44
838F45
849046
838F45
838F45
828E44
828E42
818D41
838F43
849044
838F43
828E42
818D41
818D41
818D41
818D41
818D41
828E42
849044
859145
859145
849044
838F43
849044
849044
859145
879347
879347
869145
869145
869145
879246
879246
889347
889447
899448
899448
8A9549
8A9549
8A9549
8A9549
8B964A
8C974B
8E994D
909A4D
929C4E
949D4E
959E4F
959E4F
959F4F
939F4D
939F4D
94A04E
94A04E
96A250
95A14F
96A250
96A250
95A14F
96A250
97A351
98A452
98A452
98A452
98A452
98A452
98A452
97A351
96A250
95A14F
95A14F
95A150
96A151
96A252
97A252
97A353
97A353
97A353
97A252
97A252
96A152
95A151
95A050
94A050
94A050
949F4F
949F4F
939E4F
939F4F
939E50
919D4F
909B4F
8F9A4E
8E9A4D
8D984C
8B974A
8B974A
8B994A
8B994A
8B984A
8A9749
899648
899648
8A9749
889547
869246
869246
859245
869345
889547
899647
869343
859242
869342
879443
879443
879444
879346
869347
869248
879348
879348
889449
889449
879346
879345
879446
889547
879446
869345
869345
849143
849143
849143
839042
828F41
808D3F
818E40
839042
849143
839042
828F41
828F41
838F42
848F42
808B3E
7D883B
7C8A3C
7E8C3E
808F41
828F41
7F8C3E
828F41
879446
869345
849143
849143
859244
859244
849043
828E42
7F8B40
7D893F
7D893F
7F8B41
808C41
808C40
808C40
818D41
828E42
828E42
838F43
818D41
5A6D31
586A30
57692F
596B2F
586B2E
5E7130
637634
607331
5E712F
5E702F
5D7030
5F7332
5A6D30
5A6E30
5C7031
5E7233
5A6E31
5B6F32
5D7031
5D7231
5E7332
5F7433
5E7332
5F7433
5F7432
617432
607331
60722F
60712D
60712D
61722E
61722E
62732F
63742E
64752F
667731
687933
6A7B35
6B7C36
6C7D37
6D7E38
6D7E38
6D7E38
6D7E38
6F7F38
6E7E37
6E7E37
6B7B34
6C7C35
6F7F38
73803A
73803B
73803A
74813B
74813B
75823C
74823B
73833C
74843D
74853E
75853E
75853C
75853C
74853C
77863B
79873C
7B893E
7D8B40
7D8B40
7C8A3F
7C8A3F
7D8B40
7F8D40
808E41
808E41
818F42
818F42
828F43
828E42
828E42
828E42
828E42
828E42
818D43
838F45
849046
849046
838F45
828E44
7F8B42
7F8B41
828E42
849044
838F43
828E42
828E42
818D41
818D41
818D41
818D41
828E42
838F43
849044
849044
849044
849044
849044
849044
859145
859145
869246
859145
859145
859145
869246
869246
879246
889347
889347
889347
889347
889347
889347
889347
889347
899448
8B964A
8C974A
8C974A
8E984A
919A4B
939C4D
939C4D
909C4A
909C4A
919D4B
919D4B
929E4C
929E4C
929E4C
939F4D
929E4C
929E4C
929E4C
939F4D
939F4D
939F4D
939F4D
939F4D
939F4D
94A04E
939F4D
939F4D
939F4D
929E4C
919E4C
919E4B
909D4B
919E4C
919E4C
919E4C
929F4D
93A04D
929F4D
929F4D
929F4D
929F4D
929F4D
909D4B
919E4C
909D4B
909D4B
8F9C4C
8F9C4C
8E9B4D
8D9A4C
8D9A4C
8C994B
8B984A
8B984A
8D9A4C
8D9A4C
8D9A4C
8D9A4C
8C994B
8D9A4C
8C994B
8B984A
8B974A
899548
899649
899648
8A9749
8A9747
869342
859240
879441
899744
8C9946
8B9846
899646
879447
879346
859145
859145
859145
879446
889547
8A9747
8A9747
8A9747
889547
879446
869345
859244
859244
859244
849143
849143
859244
869345
859244
849143
859244
849143
828F41
818E40
818C3F
818C3F
818D40
828F41
818F41
828F41
839042
839042
839042
828F41
828F41
839042
849143
849143
839042
828F42
828E42
7F8B40
7D893F
7E893F
7F8B3F
7F8B3F
7C883C
7B873B
7B873B
7C883C
7D893D
7E8A3E
7F8B3F
596B2F
5B6C30
5D6F32
5F7133
5F7233
607431
61752F
5E722D
5D712E
5F7231
5E7131
637634
647835
617434
5F7232
5D7032
617335
5F7232
5F7232
607332
617432
5F7333
5E7332
5F7432
5D7130
5E7130
637633
60722F
62722E
637430
647531
647531
62732F
62732E
63742E
64752F
677832
687933
6A7B35
6C7D37
6C7D37
6C7D37
6D7E38
6D7E38
6D7D36
6C7C35
6E7E37
708039
6D7D36
6C7C35
6F7E39
707E39
6F7E39
707E39
707F3A
707F3A
72803B
73823D
72823C
71823B
73843D
74843B
74843B
74843B
75853C
76863D
78873D
79873C
79873C
78863B
7A883D
7D8B40
7E8C40
7E8C40
7E8B40
7F8D3F
7F8D40
818E41
818D41
818D41
818D41
818D41
818D41
808C42
828E44
828E44
828E44
808C42
818D43
828E44
808C42
828E42
838F43
828E42
838F43
838F43
838F43
838F43
838F43
838F43
828E42
828E42
818D41
828E42
838F43
849044
859145
859145
859145
859145
859145
849044
849044
849044
849044
849044
849044
838F43
838F43
838F43
849044
849044
859145
859145
859145
869246
879448
8A9549
8B9649
8D984B
91994A
929B4C
929B4C
909B4A
8F9B49
909C4A
909C4A
909C4A
909C4A
909C4A
909C4A
8F9B49
8F9B49
8F9B49
8F9B49
8F9B49
8F9B49
8E9A48
8E9A48
8E9A48
8E9A48
8F9B49
8F9B49
8F9B49
8F9B49
8C9947
8C9947
8B9846
8C9947
8B9846
8B9846
8A9745
8B9846
8B9846
8B9846
8B9846
8B9846
8B9846
8C9947
8C9947
8C9947
8B9846
8B9847
8B9848
8A9748
8A9749
8A9749
8A9749
8A9749
8A9749
8D9A4C
8D9A4C
8D9A4C
8D9A4C
8B984A
8C994B
8B984A
8A9747
879247
767F39
848F44
849143
899648
8A9747
889643
889641
8A9843
8A9844
8A9843
8A9844
8A9745
889544
889546
889546
879446
879446
889544
889544
889642
889542
889544
889547
889547
889547
899648
889547
889547
889547
889547
889547
889547
869345
849143
818E40
808D3F
808D3F
818D3F
818C3F
818C3F
818D3F
818E40
808E40
808D3F
7F8C3E
7F8C3E
808D3F
808D3F
818E40
818E40
828F41
839042
839042
818E40
808D3F
808D3F
808C40
7F8B3F
7F8C3E
7F8C3E
7F8B3F
7F8B3F
7F8B3F
808C40
808C40
808C40
7F8B3F
607233
607333
617334
627533
627533
637732
627630
617530
60732F
5E7130
607332
637633
637634
607334
5E7133
5E7132
617433
637634
637635
607333
607332
627533
647734
667A35
677B36
647735
667937
697B38
677935
687935
687935
697A36
697A37
687934
687933
677832
667731
667731
687933
6B7C36
6C7D37
6C7D37
6D7E38
6D7E38
6E7E37
6E7F37
6F7F38
6F7F39
6D7D36
6C7C35
6D7C37
6E7D38
6F7D39
6E7D38
6E7D38
6F7E3A
70803A
6F813A
72823C
72833D
72833C
72823A
718138
728239
74843B
75853C
76853B
768439
768439
758338
77853A
79873D
78873E
78873E
79883E
7A893E
7C8B3F
7E8B3F
7F8B3F
7F8B3F
7F8B3F
7F8B3F
7F8B3F
7F8B41
818D43
818D43
818D43
808C42
818D43
828E44
818D43
849044
869246
849044
838F43
838F43
838F43
838F43
838F43
838F43
838F43
808C40
808C40
818D41
828E42
849044
849044
849044
849044
849044
838F43
838F43
828E42
828E42
838F43
838F43
828E42
828E42
828E42
828E42
838F43
838F43
838F43
828E42
828E42
838F43
859145
879246
8A9548
8C974A
8D984A
8D974A
8D9748
8C9947
8C9846
8D9947
8D9A48
8C9947
8C9947
8D9947
8C9947
8B9846
8B9846
8B9846
8B9846
8B9846
8B9846
8A9745
8B9745
8B9846
8B9745
8B9745
8A9745
8A9745
8A9745
899644
889543
879442
879442
869341
869341
859240
879442
879442
889543
889543
889543
889543
889543
889543
889543
889543
889544
889545
889546
889547
899648
8A9749
8C994B
8B984A
8E9B4D
8F9C4E
8F9C4E
8F9C4C
8E9B4B
8E9B4D
8D9A4C
8D9A4C
8D994C
8E9A4E
8D994C
8B984A
8C994B
8C9949
8B9945
8C9A45
8F9D48
909E49
8F9D48
8E9C47
8E9B49
8D9A48
8E9B4B
8E9B4C
8E9B4C
8E9B4C
8D9A48
8B9846
8A9844
8A9845
899847
899749
879547
879547
879446
869446
879446
869446
859244
859345
869446
879446
879446
879446
869345
849143
818E40
828D40
818C3F
808B3E
7E8B3D
7D8B3D
7D8A3C
7E8B3D
808D3F
808D3F
808D3F
818E40
828F41
828F41
828F41
808D3F
808D3F
808D3F
818E40
818E40
7F8D3E
7E8B3D
7D8A3D
7F8A3F
7F8B3F
7F8B3F
7F8B3F
7F8B3F
7F8B3F
7F8B3F
657935
637731
637732
657933
667A34
667B35
647832
627630
627631
637733
637632
637731
627631
637733
627533
657834
637632
60742F
607430
637633
647734
627532
637732
647831
657932
687C38
677B37
6A7D39
6C7D38
6A7B36
697A35
697A35
6A7B36
6B7C36
6B7C36
6A7B35
697A34
687933
697A34
6B7C37
6C7D37
6C7D37
6D7E38
6D7E38
6F7F39
72813A
71813A
6E7E37
6E7E35
6E7E36
6E7D38
6D7D37
6C7C36
6D7C36
6E7D37
6F7E38
6F7F3A
6F803A
6C7F38
6C7F38
6F7F39
6F7F38
6F7F36
708037
728239
74843C
75843A
758438
768439
778539
758338
728137
72823A
73843C
75853D
76863D
78873D
7B893E
7C893C
7C893C
7C893C
7C893C
7C893C
7D8A40
808D42
808D43
808D42
7F8C41
808D42
7F8C42
7E8B41
828F43
849145
839044
828F42
828F42
828F42
828F42
828F42
828F43
828E42
828E42
828E42
818D41
818D41
818D41
818D41
818D41
818D41
818D41
818D41
828E42
828E42
828E42
838F43
838F43
838F43
849044
849044
849044
849044
849044
828E42
818D41
818D41
818D41
828E42
838F42
859043
869245
869245
869245
869243
859241
84913F
859240
869341
869341
879442
879442
879543
869341
869341
869341
879442
879442
879342
879442
869341
869441
849240
83913F
82903E
83903E
83913F
869240
879342
859240
869341
859240
869341
84913F
859240
84913F
84913F
83903E
83913F
859340
869441
869442
889543
889543
889544
889545
889547
889548
889548
8A9749
8A9749
8B9849
8D9A4B
8D9A4C
8E9B4D
8D9A4B
8C994A
8E9B4D
8D9A4C
8C994B
8D9A4B
8C9B4B
8D9A4B
8B984A
8D9A4C
8D9A4A
8C9945
8B9944
8D9B46
8E9C47
8E9C47
8D9B47
8E9B48
8F9C4A
909D4C
909D4D
909D4D
8F9C4C
8E9B49
8E9B49
8D9B47
8C9946
8A9847
8A984A
8A984A
8A984A
8A984A
889749
889648
879547
869446
849244
829042
839042
839042
828E40
7F8C3E
7F8C3E
7F8C3E
818C3F
818C3F
818C3F
7F8C3D
7F8C3D
7F8C3D
808D3F
839042
839042
808D3F
818E40
808D3F
828F41
839042
828F41
808D40
808D3F
818E3F
828F40
818E3F
818E3F
808D3F
818D40
818D41
818C41
808C40
7F8B3F
7F8B3F
7F8B3F
697D36
6B7F37
6C8037
6C8038
6D8038
6D8039
6C8038
6A7E37
6A7D36
6C7F39
6E813A
6D8039
6D8139
6A7E36
697D36
697D35
6C8038
6B7F38
6A7E37
687C36
677B34
677B35
657933
657933
647831
687B36
687B35
677933
6A7B35
697A34
697A34
677832
667730
687932
697A33
6A7B34
6A7B34
6C7D37
6E7F39
6D7E38
6C7D37
6C7D37
6D7E38
6D7E38
6D7D36
6F7F38
6F7F38
6F7F37
6F7F35
708037
708139
718139
71823A
72823A
71813A
708139
6F8138
6F8038
6F8139
6F833B
6F8038
6F7F37
6F7F36
708037
718138
73833A
748339
758338
768439
77853B
758339
707F36
6F7F38
6F8039
71813A
72823A
73843B
77853B
78873B
7A883C
7A893C
7A883C
7A893C
7B893E
7D8B40
7D8B40
7D8B40
7B893E
7C8A3F
7D8B40
7C8B40
7E8C3F
7E8C40
7E8C40
7E8C40
7F8D41
7F8D41
7F8D41
7F8E41
818E42
828E42
849044
849044
838F43
828E42
808C41
7F8B40
7E8A3F
7E8A3F
7E8A3F
7F8B3F
7F8B3F
7F8B3F
7F8B3F
7F8C3F
7F8C3F
808C40
808C40
808C40
818D41
818D41
818D41
818D41
808C40
808C40
808C40
7F8B3F
808D3F
808D3E
818E3F
828F40
839041
839040
828F3E
818E3C
828F3D
83903E
84913F
859240
84913F
859240
84913F
84913F
859240
869341
859240
83913E
84913F
84923F
849340
849441
849440
849340
849340
849340
849240
859240
84913F
859240
84913F
859240
84913F
84913F
83903E
84913F
83903E
83923F
859441
859441
849340
859240
879441
889544
889545
899647
8A9749
8B9849
8B984A
8A974A
8B9848
8C994A
8D9A4B
8D9A4C
8C994B
8C994B
8D9A4C
8C994B
8B9849
8B9849
8B984A
8C994B
8C994B
8E9B4D
8E9B4B
8E9C48
8E9C47
8F9D48
8E9C47
8D9B46
8B9944
8B9844
8A9745
8A9747
8A9747
8A9747
8A9747
8A9746
889543
869440
869340
869443
869546
879547
889648
899749
899749
889648
889648
859345
859345
849244
849143
849143
818E40
808D3F
7E8B3D
7E8B3D
808B3E
808B3E
7F8B3C
7F8C3B
7F8C3C
808D3D
7F8C3D
7F8C3D
7E8B3D
818E3F
7F8C3E
808D3E
818E3F
808E3F
808E3F
818E40
828F3F
828F3E
828F3F
828F3F
808D3D
7F8C3D
7F8C3E
7E8B3F
7E8A3E
7D893D
7C893C
7E8A3E
7F8B3F
6C7D36
6D7E37
6E7F36
6E7F38
6E7F38
6C7D36
6C7D36
6B7C35
6D7D36
6D7D36
6D7F37
6A7D36
697D35
687C35
677B34
677B34
687C35
6A7E36
6A7E36
6A7E36
697D35
6A7F37
687C35
6B7F38
6A7E37
6B7C36
6D7E38
6D7E38
6B7C36
6A7B35
6A7B35
6A7B35
697A33
6C7D35
6C7E35
6C7D36
6C7D36
6D7E37
6D7E37
6C7D36
6D7E37
6D7E37
6D7E37
6D7E37
6C7C35
6B7B34
6D7D36
6E7E35
6F7F35
6F8035
6F8137
708238
718339
72843A
718339
73863A
73853A
73853B
74863C
74853D
74853C
738339
728239
718138
718138
728239
738139
75823A
75823A
75823A
76833B
748139
71813A
71813A
708039
708039
6F7F38
74853B
77873D
748439
738338
75853A
77873C
79883D
79873C
79883D
79883D
78873C
79873C
7A883D
7A883D
7A883D
7A883D
7A883D
7B893E
7C8A3F
7C8A3F
7C8A3F
7C8B3F
7E8B41
7F8B41
818D43
828E44
828E44
828E44
828E44
828E44
828E44
818D43
818D43
818D43
808C40
808C40
808C40
7F8C3F
7E8B3E
808D40
818D41
7E8B3F
7F8C40
808C40
7F8C3F
808C40
808C40
808C40
818D41
818D40
808D3F
808D3C
808D3D
828F3E
828F3F
838F3F
84913F
84913F
859240
859240
859240
859240
859240
84913F
84913F
84913F
84923F
869542
83923F
81913E
82913E
83923F
82913E
80923E
81933F
81933F
80913D
808F3C
81903D
83913E
83903E
84913F
83903E
84913F
83903E
83903E
828F3D
83903D
818F3D
82933F
839340
849340
849340
83933F
83923F
869341
879442
889545
899646
899646
899646
889545
889545
8A9748
8B984A
8C994A
8A9749
8B984A
8C994B
8B984A
8B9848
8C9949
8B9848
8B9848
8B9848
8C9949
8D9B49
8C9B47
8C9B46
8D9C47
8E9D48
8C9B46
8A9944
899845
889844
899646
899646
889545
879444
818E3E
7D8A3A
818E3C
849140
839141
819040
808E40
808E40
829042
849244
839143
839143
7F8D3F
839143
849244
818F41
839143
849345
829042
829042
829042
839042
828F41
828F3F
808D3C
808D3D
7F8C3C
7E8B3B
7E8B3B
7D8A3A
7E8B3A
7F8C3C
7F8E3D
81903F
7F8E3D
808F3E
7F8E3D
7E8C3C
7F8C3C
808D3D
818E3E
7E8B3B
7C8939
7C893B
7D8C3D
7D8B3D
7D8B3D
7D8B3D
7E8B3E
7E8A3E
6B7C35
6C7D36
6C7D36
6B7C35
6B7C35
6B7C35
6C7D36
6A7B34
6A7B34
6C7D36
6D7E37
6A7D36
6A7E36
697D35
687C34
6B7F37
6B7F37
6B8037
6B8036
6B8137
6C8136
6C8137
6A7E35
6C7F38
6D7E37
6C7D36
6D7E37
6E7F38
6D7E37
6D7E37
6C7D36
6C7D36
6C7E35
6E8036
6E8036
6E8036
6D7F35
6C7D35
6A7B35
6B7C35
6C7D36
6D7E37
6D7E37
6E7F38
708039
6E7E37
6D7D36
6C7C32
6B7C30
6B7C2F
6D7F34
6E8034
6E8034
708236
6F8135
728538
748738
74863A
74863A
72843A
72833A
708037
718138
6F7F36
6F7F36
718138
738139
748139
748139
75823A
75823A
74823A
72823B
71813A
71813A
707F39
6E7C37
6F8037
708237
708236
708236
718337
738439
748439
738338
75853A
75853A
748439
77863B
78853D
78863D
78853C
77843D
78863C
7A883D
79873C
7A883D
7A883D
7B893E
7D8B40
7F8B41
7F8B41
7F8B41
808C42
808C42
808C42
818D43
828E44
838F45
838F45
828E45
828E42
828E42
828E42
818D41
818D41
828E42
828E42
818D41
808C40
808C40
818D41
808C40
808C40
808C40
808B40
839043
839041
828F3D
828F3D
859240
84913F
85913F
83903E
83903E
83903E
84913F
84913F
859240
859240
859240
859240
84913F
859240
869542
83923F
82913E
82913E
82923F
829440
81933F
7F933E
7F933E
7F923D
80923E
81933D
84933F
84923D
84933E
83923D
84933E
84933E
85943F
85943F
869540
849540
829440
7F913D
7E903C
80913E
81913E
82903D
859240
869341
879443
859242
859242
879444
889545
899648
899648
899649
8C994B
8A9748
8B9849
8D9A4B
8D9A4A
8D9A49
8D9A4A
8D9A48
8C9947
8C9949
8B9848
8B9947
889744
879643
889744
8A9946
889744
869542
879643
889744
889645
889545
879444
869343
828F3F
818E3D
828F3D
849140
829140
808F3F
7F8D3F
7E8C3E
808E40
818F41
808E40
7E8C3E
7B893B
808E40
808E40
7C893C
7F8D3F
839143
808E40
7E8C3E
7F8D3F
818E40
818E40
839040
83903D
828F3D
7E8B39
818E3C
828F3F
808D3D
808D3D
808D3D
7E8D3C
808F3E
7E8D3C
7E8D3C
7D8D3C
7C8A3A
7D8A3A
7F8C3C
818E3E
808D3D
7F8C3C
7E8B3D
7D8B3D
7C8A3C
7D8B3D
7E8C3E
7F8C3F
7F8B3F
6C7D36
6D7E37
6F8039
6F8039
6E7F38
6D7E37
6B7C35
697A33
697A33
6B7C35
6E7F38
6B7D35
6A7C35
6A7C34
687A34
6D7F36
6C7E35
6D7F36
6D8036
6D7F35
6E8136
6E8136
6B7D36
6D7E37
6B7C35
697A33
687932
697A33
6A7B34
6B7C35
6D7E37
6E7F38
6E8037
6E8035
6D7F34
6D7F35
6B7D33
6A7C33
6A7B34
6A7B34
6C7D36
6C7D36
6B7C35
6B7C35
708039
6F7F38
6C7C35
6E7E34
708035
708034
6F8134
6F8135
6F8135
708236
6F8135
708335
708334
708236
6E8034
6E8035
6D7E35
6C7C33
6E7E35
6D7D34
6E7E35
708037
728038
748139
748139
748139
748139
748139
73833C
73833C
73833B
73833A
72823B
73843A
728439
708236
708236
708336
728438
728237
718136
738338
748439
738338
75843A
77833C
77843C
76833B
75823A
77843B
78853C
76833B
77853C
77843C
78863D
79873C
79853B
79853B
7B873D
7B873D
7B873D
7C883E
7D893F
7E8A40
7F8B41
7F8B41
7F8C41
7E8C3F
7F8C3F
7F8D40
7F8C3F
7F8C40
818D41
828E42
818D41
7E8C3F
808C40
818D41
808C40
808C40
808C40
808C40
7D893D
808D3E
839040
839040
869342
859240
84913F
849240
83923F
83923F
849240
83923F
83923F
84923F
83923F
83923F
83923F
83923F
849340
849340
82913E
82913E
82923E
7F923E
7F923D
7F933E
80943F
80933E
80923D
7F913B
80903B
808F3A
808F3A
808F3A
808F3A
808F3A
808F3A
808F3A
81903B
7F903A
7F913D
7F923E
80923E
80923E
81913D
818F3C
83903E
859240
859241
828F40
828F3F
839040
839041
859242
849141
849142
879443
849140
869341
879444
879443
889543
879442
869341
869341
879443
859240
879442
859541
83923F
859441
869542
859440
839241
859443
869544
869343
839040
818E3E
849141
839040
808D3C
818E3C
818E3D
7F8E3D
809040
7F9041
7D8D3E
7C8D3E
7C8C3D
7A8A3B
7A8B3C
798A3B
7B8B3D
7D8D3E
7D8D3E
7E8E3F
7B8C3D
7B893B
7A883A
7C8A3C
7F8C3F
818E40
7F8C3C
7D8A36
7C8937
7E8B39
7F8C3A
808D3D
7F8C3C
7E8B3B
7F8D3C
7F8D3C
808F3E
7F8E3D
7F8E3D
7E8D3C
7D8B3B
7F8C3C
7F8C3C
818D3D
828E3E
828F3F
808E3F
7F8E40
7D8B3D
7E8C3E
7E8C3E
7E8B3E
7D893D
697A33
677831
677831
687932
6B7C35
6C7D36
6B7C35
697A33
6A7B34
6C7D36
6F8039
6C7D36
6D7E37
6E7F38
6D7E37
71833A
6F8138
6F8138
6F8137
708238
718338
718339
6D7F37
6D7E37
6D7E37
6C7D36
6A7B34
6B7C35
6B7C35
6D7E37
6D7E37
6D7E37
6E7F37
6E8035
6E8035
6E8036
6B7D33
697A32
697A33
697A33
6B7C35
6B7C35
6A7B34
697A33
6B7C35
6C7C35
6C7C35
6D7D34
6E7E33
6E7F33
6E8133
6E8034
6F8135
6F8135
6F8135
6F8233
6E8232
6E8034
708236
6E8034
6F8037
6F7F36
6F7F36
6D7D34
6E7E35
708037
728038
748139
748139
738038
727F37
748139
73833C
74843D
74843C
74843B
74843B
74853B
738539
718337
708236
728438
74863A
738338
718136
738338
738338
748439
75843A
75813A
76823B
75813A
758139
76823B
75813A
738038
748139
748139
75813A
76833A
778339
778339
778339
778339
778339
778339
78843A
7A873C
7B873D
7A873D
7B883D
7A883B
7A883B
7A883B
7B893C
7B893C
7F8C3F
808D40
7C893C
7C893D
7F8C3F
7E8B3E
7F8B3F
7F8B3F
808C40
828E42
808C3F
808D3D
818E3E
818E3E
859240
84913E
83903D
859340
849340
83923F
849340
83923F
83923F
849340
83923F
849340
83923F
839340
849340
849340
83923F
82913E
81913D
7F913D
7D903B
7B8F3A
7B8F3A
7E913C
7F913D
7F913B
80903B
808F3A
808F3A
808F3A
7F8E39
7F8E39
7F8E39
7F8E39
7F8E39
7E8F39
7C8F3B
7B8F3A
7C8E3A
7E903C
7F8F3B
818F3C
83903E
84913F
84913F
818E3E
808D3C
7F8C3B
7E8B3C
808D3D
7F8C3B
808D3C
828F3E
818E3B
828F3E
83903F
828F3E
84913F
859240
83903E
859240
869341
859240
869441
849340
82913E
849340
859441
84933F
829140
829140
829140
829040
818E3E
818E3E
828F3F
7F8C3C
7D8A39
7D8A38
7D8A3A
7B8B39
7F903F
7F9041
7C8D3E
7A8B3C
78893A
768738
798A3B
7A8B3C
7A8B3C
7B8C3D
7A8B3C
778839
78893A
7C8B3B
7E8D3D
7F8D3D
818E3F
828F41
818E3D
7F8C39
808D3B
808D3B
7F8C3A
7F8C3C
7E8B3B
7E8B3B
7F8C3C
818F3E
7F8E3D
7B8A39
7B8A39
7E8D3C
7C8B3A
7B8939
7A8837
798736
7B8938
7C8A3A
7B893B
7B893B
798739
7B893B
7A883A
79873A
788437
6B7C35
6C7D36
6C7D36
6B7C35
697A33
6A7B34
6B7C35
6C7D36
6D7E37
6E7F38
70813A
6C7D36
6B7C35
6A7B34
687933
6D7E37
6B7C36
6B7B35
6A7C34
6C7D36
6C7D36
6D7E36
6C7D36
6B7C36
6E7F38
6F8039
6E7F38
6F8039
6F8039
71823B
6E7F38
6B7C35
6B7C34
6A7C31
6A7C31
697B31
697B31
697B33
697A33
687932
6A7B34
6B7C35
6A7B34
687932
6C7C35
6B7B34
6B7B34
6E7E34
6E7D33
6D7E32
6C7F32
6C7E32
6C7E32
6C7E32
6B7D31
697C2E
697B2E
6A7C30
697B2F
697B31
6A7C32
6C7C33
6D7D34
6D7D34
6D7D34
6F7F36
728138
758139
748139
738038
727F37
738039
74843D
73823C
74843C
738339
728137
708136
708237
708136
6F8035
708236
728438
728237
708035
718136
708035
718136
748239
738139
74823A
738139
738139
75823A
738038
717E36
728038
728038
717F37
738038
737F36
758138
758138
768238
768239
768238
768238
768339
768439
77853A
78863A
768438
768437
768437
778538
778538
79873A
7A883B
79873A
768538
79883A
7A883B
7D893D
7D893D
7D893D
7D893E
7F8C3F
7E8B3C
7D8A3A
7E8B3B
83903E
818E3D
818E3C
83913F
82913E
81903D
82913E
81903D
82913E
83923F
83923F
849340
83923F
83923F
83923F
859441
83923F
82913E
81913D
7F913D
7F923E
7F923D
7E913D
7F933E
80923E
81933D
83923D
83923D
84933E
83923D
82913C
82913C
82913C
808F3A
7F8E39
7E8E39
7D8F3A
7D8F3A
7D8F3B
7E903C
808F3C
7F8D3A
808D3B
828F3D
828F3C
818E3B
7F8C3A
808E3B
808D3C
828F3E
808D3A
7F8D3A
82903C
808E3B
83903E
83903E
828F3D
84913F
84913F
818E3C
83903E
828F3D
818E3C
818F3D
7E8E3B
7D8C39
7F8E3B
7F8E3B
7E8D3B
7E8D3B
7C8B3A
7B8A3A
7B8939
798637
798637
7D8A3B
7E8B3B
7C8939
7C8938
7B8838
7A8939
7D8D3D
7B8C3D
7A8B3C
798A3B
798A3B
78893A
78893A
78893A
798A3B
798A3B
78893A
778839
768738
7B8A39
7C8B3A
7D8B3B
7E8B3B
7F8C3C
808D3D
82903C
818E3B
7E8B39
7F8C3A
7F8C3C
7E8B3B
7E8B3B
7F8C3C
7F8E3D
7F8E3D
7D8C3B
7B8A39
7D8C3B
7C8B3A
7B8A39
798837
7A8938
798837
7A8939
798739
7B893B
798739
798739
798739
7B893A
7D8A3B
6A7B34
687932
687932
697A33
697A33
6B7C35
6B7C35
6F8039
70813A
70813A
71823B
6D7E37
6C7D36
6B7C36
677833
6A7B35
687933
677834
687933
687933
697A34
6A7B35
697A33
677831
6A7B34
6B7C35
677831
697A33
6B7C35
6E7F38
6D7E37
6A7B34
6A7B34
6A7B32
6C7E33
6A7C32
6A7B34
6B7C35
6A7B34
687932
6C7D36
6D7E37
6C7D36
6A7B34
6D7E37
6C7C35
6C7C35
6D7D35
6D7D32
6D7D32
6C7E32
6D7F33
6C7E32
6D7F33
6C7E32
687A2F
687A2F
6D7F33
6A7C32
67792F
697B31
6C7C33
6D7D34
6D7D34
6C7C33
6F7F36
738239
75823A
75823A
76833B
748139
748139
76833D
717E38
748139
768439
728035
6E7D32
6E7E33
718136
6D7D32
708035
718136
718136
6F7F34
6F7F34
6E7E33
6F7F33
718137
718138
728239
718138
718138
73833A
728239
708037
728239
708138
6F7F36
718037
707D36
75823A
758139
748038
76823A
758139
748038
748139
74833A
78863D
79883D
768639
768437
758537
758537
758638
778538
778538
778538
738436
758437
768537
788639
758336
768337
798539
7C883C
7A8739
7A8737
7C8939
808D3D
808C3D
7F8D3C
7D8C39
7C8B38
7C8B38
7D8C39
7C8B38
7D8C39
808F3C
808F3C
81903D
81903D
81903D
82913E
879643
849340
83923F
82913E
80903D
829440
829440
7F913D
80923E
81933F
83923D
83923D
83923D
83923D
82913C
81903B
808F3A
7F8E39
7F8E39
7F8E39
7E8D38
7C8E38
7C8E38
7C8E38
808E3B
81903D
7C8A38
7C8937
7F8D3A
808D3A
808D39
7F8D38
82903B
818F3B
84923E
818F3A
808E3A
83903E
818E3C
83903E
828F3D
818E3C
84913F
828F3D
7F8C3A
828F3D
818E3C
808D3B
818F3C
808F3C
7E8D3A
81903D
808F3D
808F3E
7E8D3C
7B8A3A
7A883A
7B883B
7B883A
798638
798638
7C893B
7A8738
7E8B3B
7D8B3A
7B8A3B
7C8C3D
78893A
778839
778839
798A3B
778839
778839
78893A
748536
748536
778839
778839
778838
7C8B3A
7B8A38
7A8938
7A8737
7B8838
7A8736
7D8A38
7A8734
7A8736
7E8B3B
7F8C3C
7D8A3A
7D8A3A
7E8B3B
7E8D3C
7E8D3C
7D8C3B
7A8938
7B8A39
788736
738231
768534
7E8D3C
778635
788736
788638
788638
768436
788638
778536
798737
7B8838
