// 0x00000000
00
00
00
00
00
00
00
00
00
00
00
00
00
00
00
00
// 0x00000010
00
00
00
00
00
00
00
00
00
00
00
00
00
00
00
00
// 0x00000020
00
00
00
00
00
00
00
00
00
00
00
00
00
00
00
00
// 0x00000030
00
00
00
00
00
00
00
00
00
00
00
00
00
00
00
00
// 0x00000040
00
00
00
00
00
00
00
00
00
00
00
00
00
00
00
00
// 0x00000050
00
00
00
00
00
00
00
00
00
00
00
00
00
00
00
00
// 0x00000060
00
00
00
00
00
00
00
00
00
00
00
00
00
00
00
00
// 0x00000070
00
00
00
00
00
00
00
00
00
00
00
00
00
00
00
00
// 0x00000080
00
00
00
00
00
00
00
00
00
00
00
00
00
00
00
00
// 0x00000090
00
00
00
00
00
00
00
00
00
00
00
00
00
00
00
00
// 0x000000a0
00
00
00
00
00
00
00
00
00
00
00
00
00
00
00
00
// 0x000000b0
00
00
00
00
00
00
00
00
00
00
00
00
00
00
00
00
// 0x000000c0
00
00
00
00
00
00
00
00
00
00
00
00
00
00
00
00
// 0x000000d0
00
00
00
00
00
00
00
00
00
00
00
00
00
00
00
00
// 0x000000e0
00
00
00
00
00
00
00
00
00
00
00
00
00
00
00
00
// 0x000000f0
00
00
00
00
00
00
00
00
00
00
00
00
00
00
00
00
// 0x00000100
00
00
00
00
00
00
00
00
00
00
00
00
00
00
00
00
// 0x00000110
00
00
00
00
00
00
00
00
00
00
00
00
00
00
00
00
// 0x00000120
00
00
00
00
00
00
00
00
00
00
00
00
00
00
00
00
// 0x00000130
00
00
00
00
00
00
00
00
00
00
00
00
00
00
00
00
// 0x00000140
00
00
00
00
00
00
00
00
00
00
00
00
00
00
00
00
// 0x00000150
00
00
00
00
00
00
00
00
00
00
00
00
00
00
00
00
// 0x00000160
00
00
00
00
00
00
00
00
00
00
00
00
00
00
00
00
// 0x00000170
00
00
00
00
00
00
00
00
00
00
00
00
00
00
00
00
// 0x00000180
00
00
00
00
00
00
00
00
00
00
00
00
00
00
00
00
// 0x00000190
00
00
00
00
00
00
00
00
00
00
00
00
00
00
00
00
// 0x000001a0
00
00
00
00
00
00
00
00
00
00
00
00
00
00
00
00
// 0x000001b0
00
00
00
00
00
00
00
00
00
00
00
00
00
00
00
00
// 0x000001c0
00
00
00
00
00
00
00
00
00
00
00
00
00
00
00
00
// 0x000001d0
00
00
00
00
00
00
00
00
00
00
00
00
00
00
00
00
// 0x000001e0
00
00
00
00
00
00
00
00
00
00
00
00
00
00
00
00
// 0x000001f0
00
00
00
00
00
00
00
00
00
00
00
00
00
00
00
00
// 0x00000200
00
00
00
00
00
00
00
00
00
00
00
00
00
00
00
00
// 0x00000210
00
00
00
00
00
00
00
00
00
00
00
00
00
00
00
00
// 0x00000220
00
00
00
00
00
00
00
00
00
00
00
00
00
00
00
00
// 0x00000230
00
00
00
00
00
00
00
00
00
00
00
00
00
00
00
00
// 0x00000240
00
00
00
00
00
00
00
00
00
00
00
00
00
00
00
00
// 0x00000250
00
00
00
00
00
00
00
00
00
00
00
00
00
00
00
00
// 0x00000260
00
00
00
00
00
00
00
00
00
00
00
00
00
00
00
00
// 0x00000270
00
00
00
00
00
00
00
00
00
00
00
00
00
00
00
00
// 0x00000280
00
00
00
00
00
00
00
00
00
00
00
00
00
00
00
00
// 0x00000290
00
00
00
00
00
00
00
00
00
00
00
00
00
00
00
00
// 0x000002a0
00
00
00
00
00
00
00
00
00
00
00
00
00
00
00
00
// 0x000002b0
00
00
00
00
00
00
00
00
00
00
00
00
00
00
00
00
// 0x000002c0
00
00
00
00
00
00
00
00
00
00
00
00
00
00
00
00
// 0x000002d0
00
00
00
00
00
00
00
00
00
00
00
00
00
00
00
00
// 0x000002e0
00
00
00
00
00
00
00
00
00
00
00
00
00
00
00
00
// 0x000002f0
00
00
00
00
00
00
00
00
00
00
00
00
00
00
00
00
// 0x00000300
00
00
00
00
00
00
00
00
00
00
00
00
00
00
00
00
// 0x00000310
00
00
00
00
00
00
00
00
00
00
00
00
00
00
00
00
// 0x00000320
00
00
00
00
00
00
00
00
00
00
00
00
00
00
00
00
// 0x00000330
00
00
00
00
00
00
00
00
00
00
00
00
00
00
00
00
// 0x00000340
00
00
00
00
00
00
00
00
00
00
00
00
00
00
00
00
// 0x00000350
00
00
00
00
00
00
00
00
00
00
00
00
00
00
00
00
// 0x00000360
00
00
00
00
00
00
00
00
00
00
00
00
00
00
00
00
// 0x00000370
00
00
00
00
00
00
00
00
00
00
00
00
00
00
00
00
// 0x00000380
00
00
00
00
00
00
00
00
00
00
00
00
00
00
00
00
// 0x00000390
00
00
00
00
00
00
00
00
00
00
00
00
00
00
00
00
// 0x000003a0
00
00
00
00
00
00
00
00
00
00
00
00
00
00
00
00
// 0x000003b0
00
00
00
00
00
00
00
00
00
00
00
00
00
00
00
00
// 0x000003c0
00
00
00
00
00
00
00
00
00
00
00
00
00
00
00
00
// 0x000003d0
00
00
00
00
00
00
00
00
00
00
00
00
00
00
00
00
// 0x000003e0
00
00
00
00
00
00
00
00
00
00
00
00
00
00
00
00
// 0x000003f0
00
00
00
00
00
00
00
00
00
00
00
00
00
00
00
00
// 0x00000400
00
00
00
00
00
00
00
00
00
00
00
00
00
00
00
00
// 0x00000410
00
00
00
00
00
00
00
00
00
00
00
00
00
00
00
00
// 0x00000420
00
00
00
00
00
00
00
00
00
00
00
00
00
00
00
00
// 0x00000430
00
00
00
00
00
00
00
00
00
00
00
00
00
00
00
00
// 0x00000440
00
00
00
00
00
00
00
00
00
00
00
00
00
00
00
00
// 0x00000450
00
00
00
00
00
00
00
00
00
00
00
00
00
00
00
00
// 0x00000460
00
00
00
00
00
00
00
00
00
00
00
00
00
00
00
00
// 0x00000470
00
00
00
00
00
00
00
00
00
00
00
00
00
00
00
00
// 0x00000480
00
00
00
00
00
00
00
00
00
00
00
00
00
00
00
00
// 0x00000490
00
00
00
00
00
00
00
00
00
00
00
00
00
00
00
00
// 0x000004a0
00
00
00
00
00
00
00
00
00
00
00
00
00
00
00
00
// 0x000004b0
00
00
00
00
00
00
00
00
00
00
00
00
00
00
00
00
// 0x000004c0
00
00
00
00
00
00
00
00
00
00
00
00
00
00
00
00
// 0x000004d0
00
00
00
00
00
00
00
00
00
00
00
00
00
00
00
00
// 0x000004e0
00
00
00
00
00
00
00
00
00
00
00
00
00
00
00
00
// 0x000004f0
00
00
00
00
00
00
00
00
00
00
00
00
00
00
00
00
// 0x00000500
00
00
00
00
00
00
00
00
00
00
00
00
00
00
00
00
// 0x00000510
00
00
00
00
00
00
00
00
00
00
00
00
00
00
00
00
// 0x00000520
00
00
00
00
00
00
00
00
00
00
00
00
00
00
00
00
// 0x00000530
00
00
00
00
00
00
00
00
00
00
00
00
00
00
00
00
// 0x00000540
00
00
00
00
00
00
00
00
00
00
00
00
00
00
00
00
// 0x00000550
00
00
00
00
00
00
00
00
00
00
00
00
00
00
00
00
// 0x00000560
00
00
00
00
00
00
00
00
00
00
00
00
00
00
00
00
// 0x00000570
00
00
00
00
00
00
00
00
00
00
00
00
00
00
00
00
// 0x00000580
00
00
00
00
00
00
00
00
00
00
00
00
00
00
00
00
// 0x00000590
00
00
00
00
00
00
00
00
00
00
00
00
00
00
00
00
// 0x000005a0
00
00
00
00
00
00
00
00
00
00
00
00
00
00
00
00
// 0x000005b0
00
00
00
00
00
00
00
00
00
00
00
00
00
00
00
00
// 0x000005c0
00
00
00
00
00
00
00
00
00
00
00
00
00
00
00
00
// 0x000005d0
00
00
00
00
00
00
00
00
00
00
00
00
00
00
00
00
// 0x000005e0
00
00
00
00
00
00
00
00
00
00
00
00
00
00
00
00
// 0x000005f0
00
00
00
00
00
00
00
00
00
00
00
00
00
00
00
00
// 0x00000600
00
00
00
00
00
00
00
00
00
00
00
00
00
00
00
00
// 0x00000610
00
00
00
00
00
00
00
00
00
00
00
00
00
00
00
00
// 0x00000620
00
00
00
00
00
00
00
00
00
00
00
00
00
00
00
00
// 0x00000630
00
00
00
00
00
00
00
00
00
00
00
00
00
00
00
00
// 0x00000640
00
00
00
00
00
00
00
00
00
00
00
00
00
00
00
00
// 0x00000650
00
00
00
00
00
00
00
00
00
00
00
00
00
00
00
00
// 0x00000660
00
00
00
00
00
00
00
00
00
00
00
00
00
00
00
00
// 0x00000670
00
00
00
00
00
00
00
00
00
00
00
00
00
00
00
00
// 0x00000680
00
00
00
00
00
00
00
00
00
00
00
00
00
00
00
00
// 0x00000690
00
00
00
00
00
00
00
00
00
00
00
00
00
00
00
00
// 0x000006a0
00
00
00
00
00
00
00
00
00
00
00
00
00
00
00
00
// 0x000006b0
00
00
00
00
00
00
00
00
00
00
00
00
00
00
00
00
// 0x000006c0
00
00
00
00
00
00
00
00
00
00
00
00
00
00
00
00
// 0x000006d0
00
00
00
00
00
00
00
00
00
00
00
00
00
00
00
00
// 0x000006e0
00
00
00
00
00
00
00
00
00
00
00
00
00
00
00
00
// 0x000006f0
00
00
00
00
00
00
00
00
00
00
00
00
00
00
00
00
// 0x00000700
00
00
00
00
00
00
00
00
00
00
00
00
00
00
00
00
// 0x00000710
00
00
00
00
00
00
00
00
00
00
00
00
00
00
00
00
// 0x00000720
00
00
00
00
00
00
00
00
00
00
00
00
00
00
00
00
// 0x00000730
00
00
00
00
00
00
00
00
00
00
00
00
00
00
00
00
// 0x00000740
00
00
00
00
00
00
00
00
00
00
00
00
00
00
00
00
// 0x00000750
00
00
00
00
00
00
00
00
00
00
00
00
00
00
00
00
// 0x00000760
00
00
00
00
00
00
00
00
00
00
00
00
00
00
00
00
// 0x00000770
00
00
00
00
00
00
00
00
00
00
00
00
00
00
00
00
// 0x00000780
00
00
00
00
00
00
00
00
00
00
00
00
00
00
00
00
// 0x00000790
00
00
00
00
00
00
00
00
00
00
00
00
00
00
00
00
// 0x000007a0
00
00
00
00
00
00
00
00
00
00
00
00
00
00
00
00
// 0x000007b0
00
00
00
00
00
00
00
00
00
00
00
00
00
00
00
00
// 0x000007c0
00
00
00
00
00
00
00
00
00
00
00
00
00
00
00
00
// 0x000007d0
00
00
00
00
00
00
00
00
00
00
00
00
00
00
00
00
// 0x000007e0
00
00
00
00
00
00
00
00
00
00
00
00
00
00
00
00
// 0x000007f0
00
00
00
00
00
00
00
00
00
00
00
00
00
00
00
00
// 0x00000800
00
00
00
00
00
00
00
00
00
00
00
00
00
00
00
00
// 0x00000810
00
00
00
00
00
00
00
00
00
00
00
00
00
00
00
00
// 0x00000820
00
00
00
00
00
00
00
00
00
00
00
00
00
00
00
00
// 0x00000830
00
00
00
00
00
00
00
00
00
00
00
00
00
00
00
00
// 0x00000840
00
00
00
00
00
00
00
00
00
00
00
00
00
00
00
00
// 0x00000850
00
00
00
00
00
00
00
00
00
00
00
00
00
00
00
00
// 0x00000860
00
00
00
00
00
00
00
00
00
00
00
00
00
00
00
00
// 0x00000870
00
00
00
00
00
00
00
00
00
00
00
00
00
00
00
00
// 0x00000880
00
00
00
00
00
00
00
00
00
00
00
00
00
00
00
00
// 0x00000890
00
00
00
00
00
00
00
00
00
00
00
00
00
00
00
00
// 0x000008a0
00
00
00
00
00
00
00
00
00
00
00
00
00
00
00
00
// 0x000008b0
00
00
00
00
00
00
00
00
00
00
00
00
00
00
00
00
// 0x000008c0
00
00
00
00
00
00
00
00
00
00
00
00
00
00
00
00
// 0x000008d0
00
00
00
00
00
00
00
00
00
00
00
00
00
00
00
00
// 0x000008e0
00
00
00
00
00
00
00
00
00
00
00
00
00
00
00
00
// 0x000008f0
00
00
00
00
00
00
00
00
00
00
00
00
00
00
00
00
// 0x00000900
00
00
00
00
00
00
00
00
00
00
00
00
00
00
00
00
// 0x00000910
00
00
00
00
00
00
00
00
00
00
00
00
00
00
00
00
// 0x00000920
00
00
00
00
00
00
00
00
00
00
00
00
00
00
00
00
// 0x00000930
00
00
00
00
00
00
00
00
00
00
00
00
00
00
00
00
// 0x00000940
00
00
00
00
00
00
00
00
00
00
00
00
00
00
00
00
// 0x00000950
00
00
00
00
00
00
00
00
00
00
00
00
00
00
00
00
// 0x00000960
00
00
00
00
00
00
00
00
00
00
00
00
00
00
00
00
// 0x00000970
00
00
00
00
00
00
00
00
00
00
00
00
00
00
00
00
// 0x00000980
00
00
00
00
00
00
00
00
00
00
00
00
00
00
00
00
// 0x00000990
00
00
00
00
00
00
00
00
00
00
00
00
00
00
00
00
// 0x000009a0
00
00
00
00
00
00
00
00
00
00
00
00
00
00
00
00
// 0x000009b0
00
00
00
00
00
00
00
00
00
00
00
00
00
00
00
00
// 0x000009c0
00
00
00
00
00
00
00
00
00
00
00
00
00
00
00
00
// 0x000009d0
00
00
00
00
00
00
00
00
00
00
00
00
00
00
00
00
// 0x000009e0
00
00
00
00
00
00
00
00
00
00
00
00
00
00
00
00
// 0x000009f0
00
00
00
00
00
00
00
00
00
00
00
00
00
00
00
00
// 0x00000a00
00
00
00
00
00
00
00
00
00
00
00
00
00
00
00
00
// 0x00000a10
00
00
00
00
00
00
00
00
00
00
00
00
00
00
00
00
// 0x00000a20
00
00
00
00
00
00
00
00
00
00
00
00
00
00
00
00
// 0x00000a30
00
00
00
00
00
00
00
00
00
00
00
00
00
00
00
00
// 0x00000a40
00
00
00
00
00
00
00
00
00
00
00
00
00
00
00
00
// 0x00000a50
00
00
00
00
00
00
00
00
00
00
00
00
00
00
00
00
// 0x00000a60
00
00
00
00
00
00
00
00
00
00
00
00
00
00
00
00
// 0x00000a70
00
00
00
00
00
00
00
00
00
00
00
00
00
00
00
00
// 0x00000a80
00
00
00
00
00
00
00
00
00
00
00
00
00
00
00
00
// 0x00000a90
00
00
00
00
00
00
00
00
00
00
00
00
00
00
00
00
// 0x00000aa0
00
00
00
00
00
00
00
00
00
00
00
00
00
00
00
00
// 0x00000ab0
00
00
00
00
00
00
00
00
00
00
00
00
00
00
00
00
// 0x00000ac0
00
00
00
00
00
00
00
00
00
00
00
00
00
00
00
00
// 0x00000ad0
00
00
00
00
00
00
00
00
00
00
00
00
00
00
00
00
// 0x00000ae0
00
00
00
00
00
00
00
00
00
00
00
00
00
00
00
00
// 0x00000af0
00
00
00
00
00
00
00
00
00
00
00
00
00
00
00
00
// 0x00000b00
00
00
00
00
00
00
00
00
00
00
00
00
00
00
00
00
// 0x00000b10
00
00
00
00
00
00
00
00
00
00
00
00
00
00
00
00
// 0x00000b20
00
00
00
00
00
00
00
00
00
00
00
00
00
00
00
00
// 0x00000b30
00
00
00
00
00
00
00
00
00
00
00
00
00
00
00
00
// 0x00000b40
00
00
00
00
00
00
00
00
00
00
00
00
00
00
00
00
// 0x00000b50
00
00
00
00
00
00
00
00
00
00
00
00
00
00
00
00
// 0x00000b60
00
00
00
00
00
00
00
00
00
00
00
00
00
00
00
00
// 0x00000b70
00
00
00
00
00
00
00
00
00
00
00
00
00
00
00
00
// 0x00000b80
00
00
00
00
00
00
00
00
00
00
00
00
00
00
00
00
// 0x00000b90
00
00
00
00
00
00
00
00
00
00
00
00
00
00
00
00
// 0x00000ba0
00
00
00
00
00
00
00
00
00
00
00
00
00
00
00
00
// 0x00000bb0
00
00
00
00
00
00
00
00
00
00
00
00
00
00
00
00
// 0x00000bc0
00
00
00
00
00
00
00
00
00
00
00
00
00
00
00
00
// 0x00000bd0
00
00
00
00
00
00
00
00
00
00
00
00
00
00
00
00
// 0x00000be0
00
00
00
00
00
00
00
00
00
00
00
00
00
00
00
00
// 0x00000bf0
00
00
00
00
00
00
00
00
00
00
00
00
00
00
00
00
// 0x00000c00
00
00
00
00
00
00
00
00
00
00
00
00
00
00
00
00
// 0x00000c10
00
00
00
00
00
00
00
00
00
00
00
00
00
00
00
00
// 0x00000c20
00
00
00
00
00
00
00
00
00
00
00
00
00
00
00
00
// 0x00000c30
00
00
00
00
00
00
00
00
00
00
00
00
00
00
00
00
// 0x00000c40
00
00
00
00
00
00
00
00
00
00
00
00
00
00
00
00
// 0x00000c50
00
00
00
00
00
00
00
00
00
00
00
00
00
00
00
00
// 0x00000c60
00
00
00
00
00
00
00
00
00
00
00
00
00
00
00
00
// 0x00000c70
00
00
00
00
00
00
00
00
00
00
00
00
00
00
00
00
// 0x00000c80
00
00
00
00
00
00
00
00
00
00
00
00
00
00
00
00
// 0x00000c90
00
00
00
00
00
00
00
00
00
00
00
00
00
00
00
00
// 0x00000ca0
00
00
00
00
00
00
00
00
00
00
00
00
00
00
00
00
// 0x00000cb0
00
00
00
00
00
00
00
00
00
00
00
00
00
00
00
00
// 0x00000cc0
00
00
00
00
00
00
00
00
00
00
00
00
00
00
00
00
// 0x00000cd0
00
00
00
00
00
00
00
00
00
00
00
00
00
00
00
00
// 0x00000ce0
00
00
00
00
00
00
00
00
00
00
00
00
00
00
00
00
// 0x00000cf0
00
00
00
00
00
00
00
00
00
00
00
00
00
00
00
00
// 0x00000d00
00
00
00
00
00
00
00
00
00
00
00
00
00
00
00
00
// 0x00000d10
00
00
00
00
00
00
00
00
00
00
00
00
00
00
00
00
// 0x00000d20
00
00
00
00
00
00
00
00
00
00
00
00
00
00
00
00
// 0x00000d30
00
00
00
00
00
00
00
00
00
00
00
00
00
00
00
00
// 0x00000d40
00
00
00
00
00
00
00
00
00
00
00
00
00
00
00
00
// 0x00000d50
00
00
00
00
00
00
00
00
00
00
00
00
00
00
00
00
// 0x00000d60
00
00
00
00
00
00
00
00
00
00
00
00
00
00
00
00
// 0x00000d70
00
00
00
00
00
00
00
00
00
00
00
00
00
00
00
00
// 0x00000d80
00
00
00
00
00
00
00
00
00
00
00
00
00
00
00
00
// 0x00000d90
00
00
00
00
00
00
00
00
00
00
00
00
00
00
00
00
// 0x00000da0
00
00
00
00
00
00
00
00
00
00
00
00
00
00
00
00
// 0x00000db0
00
00
00
00
00
00
00
00
00
00
00
00
00
00
00
00
// 0x00000dc0
00
00
00
00
00
00
00
00
00
00
00
00
00
00
00
00
// 0x00000dd0
00
00
00
00
00
00
00
00
00
00
00
00
00
00
00
00
// 0x00000de0
00
00
00
00
00
00
00
00
00
00
00
00
00
00
00
00
// 0x00000df0
00
00
00
00
00
00
00
00
00
00
00
00
00
00
00
00
// 0x00000e00
00
00
00
00
00
00
00
00
00
00
00
00
00
00
00
00
// 0x00000e10
00
00
00
00
00
00
00
00
00
00
00
00
00
00
00
00
// 0x00000e20
00
00
00
00
00
00
00
00
00
00
00
00
00
00
00
00
// 0x00000e30
00
00
00
00
00
00
00
00
00
00
00
00
00
00
00
00
// 0x00000e40
00
00
00
00
00
00
00
00
00
00
00
00
00
00
00
00
// 0x00000e50
00
00
00
00
00
00
00
00
00
00
00
00
00
00
00
00
// 0x00000e60
00
00
00
00
00
00
00
00
00
00
00
00
00
00
00
00
// 0x00000e70
00
00
00
00
00
00
00
00
00
00
00
00
00
00
00
ff
// 0x00000e80
ff
ff
00
00
00
00
00
00
00
00
00
00
00
00
00
00
// 0x00000e90
00
00
00
00
00
00
00
00
00
00
00
00
00
00
00
00
// 0x00000ea0
00
00
00
00
00
00
00
00
00
00
00
00
00
00
00
00
// 0x00000eb0
00
00
00
00
00
00
00
00
00
00
00
00
00
00
00
00
// 0x00000ec0
00
00
00
00
00
00
00
00
00
00
00
00
00
00
00
00
// 0x00000ed0
00
00
00
00
00
00
00
00
00
00
00
00
00
00
00
00
// 0x00000ee0
00
00
00
00
00
00
00
00
00
00
00
00
00
00
00
00
// 0x00000ef0
00
00
00
00
00
00
00
00
00
00
00
00
00
00
00
00
// 0x00000f00
00
00
00
00
00
00
00
00
00
00
00
00
00
00
00
00
// 0x00000f10
00
00
00
00
00
00
00
00
00
00
00
00
00
00
00
00
// 0x00000f20
00
00
00
00
00
00
00
00
00
00
00
00
00
00
00
00
// 0x00000f30
00
00
00
00
00
00
00
00
00
00
00
00
00
00
00
00
// 0x00000f40
00
00
00
00
00
00
00
00
00
00
00
00
00
00
00
00
// 0x00000f50
00
00
00
00
00
00
00
00
00
00
00
00
00
00
00
00
// 0x00000f60
00
00
00
00
00
00
00
00
00
00
00
00
00
00
00
00
// 0x00000f70
00
00
00
00
00
00
00
00
00
00
00
00
00
00
ff
ff
// 0x00000f80
ff
ff
ff
ff
00
00
00
00
00
00
00
00
00
00
00
00
// 0x00000f90
00
00
00
00
00
00
00
00
00
00
00
00
00
00
00
00
// 0x00000fa0
00
00
00
00
00
00
00
00
00
00
00
00
00
00
00
00
// 0x00000fb0
00
00
00
00
00
00
00
00
00
00
00
00
00
00
00
00
// 0x00000fc0
00
00
00
00
00
00
00
00
00
00
00
00
00
00
00
00
// 0x00000fd0
00
00
00
00
00
00
00
00
00
00
00
00
00
00
00
00
// 0x00000fe0
00
00
00
00
00
00
00
00
00
00
00
00
00
00
00
00
// 0x00000ff0
00
00
00
00
00
00
00
00
00
00
00
00
00
00
00
00
// 0x00001000
00
00
00
00
00
00
00
00
00
00
00
00
00
00
00
00
// 0x00001010
00
00
00
00
00
00
00
00
00
00
00
00
00
00
00
00
// 0x00001020
00
00
00
00
00
00
00
00
00
00
00
00
00
00
00
00
// 0x00001030
00
00
00
00
00
00
00
00
00
00
00
00
00
00
00
00
// 0x00001040
00
00
00
00
00
00
00
00
00
00
00
00
00
00
00
00
// 0x00001050
00
00
00
00
00
00
00
00
00
00
00
00
00
00
00
00
// 0x00001060
00
00
00
00
00
00
00
00
00
00
00
00
00
00
00
00
// 0x00001070
00
00
00
00
00
00
00
00
00
00
00
00
00
ff
ff
ff
// 0x00001080
ff
ff
ff
ff
ff
00
00
00
00
00
00
00
00
00
00
00
// 0x00001090
00
00
00
00
00
00
00
00
00
00
00
00
00
00
00
00
// 0x000010a0
00
00
00
00
00
00
00
00
00
00
00
00
00
00
00
00
// 0x000010b0
00
00
00
00
00
00
00
00
00
00
00
00
00
00
00
00
// 0x000010c0
00
00
00
00
00
00
00
00
00
00
00
00
00
00
00
00
// 0x000010d0
00
00
00
00
00
00
00
00
00
00
00
00
00
00
00
00
// 0x000010e0
00
00
00
00
00
00
00
00
00
00
00
00
00
00
00
00
// 0x000010f0
00
00
00
00
00
00
00
00
00
00
00
00
00
00
00
00
// 0x00001100
00
00
00
00
00
00
00
00
00
00
00
00
00
00
00
00
// 0x00001110
00
00
00
00
00
00
00
00
00
00
00
00
00
00
00
00
// 0x00001120
00
00
00
00
00
00
00
00
00
00
00
00
00
00
00
00
// 0x00001130
00
00
00
00
00
00
00
00
00
00
00
00
00
00
00
00
// 0x00001140
00
00
00
00
00
00
00
00
00
00
00
00
00
00
00
00
// 0x00001150
00
00
00
00
00
00
00
00
00
00
00
00
00
00
00
00
// 0x00001160
00
00
00
00
00
00
00
00
00
00
00
00
00
00
00
00
// 0x00001170
00
00
00
00
00
00
00
00
00
00
00
ff
ff
ff
ff
ff
// 0x00001180
00
ff
ff
ff
ff
00
00
00
00
00
00
00
00
00
00
00
// 0x00001190
00
00
00
00
00
00
00
00
00
00
00
00
00
00
00
00
// 0x000011a0
00
00
00
00
00
00
00
00
00
00
00
00
00
00
00
00
// 0x000011b0
00
00
00
00
00
00
00
00
00
00
00
00
00
00
00
00
// 0x000011c0
00
00
00
00
00
00
00
00
00
00
00
00
00
00
00
00
// 0x000011d0
00
00
00
00
00
00
00
00
00
00
00
00
00
00
00
00
// 0x000011e0
00
00
00
00
00
00
00
00
00
00
00
00
00
00
00
00
// 0x000011f0
00
00
00
00
00
00
00
00
00
00
00
00
00
00
00
00
// 0x00001200
00
00
00
00
00
00
00
00
00
00
00
00
00
00
00
00
// 0x00001210
00
00
00
00
00
00
00
00
00
00
00
00
00
00
00
00
// 0x00001220
00
00
00
00
00
00
00
00
00
00
00
00
00
00
00
00
// 0x00001230
00
00
00
00
00
00
00
00
00
00
00
00
00
00
00
00
// 0x00001240
00
00
00
00
00
00
00
00
00
00
00
00
00
00
00
00
// 0x00001250
00
00
00
00
00
00
00
00
00
00
00
00
00
00
00
00
// 0x00001260
00
00
00
00
00
00
00
00
00
00
00
00
00
00
00
00
// 0x00001270
00
00
00
00
00
00
00
00
00
00
ff
ff
ff
ff
ff
ff
// 0x00001280
00
00
ff
ff
ff
ff
00
00
00
00
00
00
00
00
00
00
// 0x00001290
00
00
00
00
00
00
00
00
00
00
00
00
00
00
00
00
// 0x000012a0
00
00
00
00
00
00
00
00
00
00
00
00
00
00
00
00
// 0x000012b0
00
00
00
00
00
00
00
00
00
00
00
00
00
00
00
00
// 0x000012c0
00
00
00
00
00
00
00
00
00
00
00
00
00
00
00
00
// 0x000012d0
00
00
00
00
00
00
00
00
00
00
00
00
00
00
00
00
// 0x000012e0
00
00
00
00
00
00
00
00
00
00
00
00
00
00
00
00
// 0x000012f0
00
00
00
00
00
00
00
00
00
00
00
00
00
00
00
00
// 0x00001300
00
00
00
00
00
00
00
00
00
00
00
00
00
00
00
00
// 0x00001310
00
00
00
00
00
00
00
00
00
00
00
00
00
00
00
00
// 0x00001320
00
00
00
00
00
00
00
00
00
00
00
00
00
00
00
00
// 0x00001330
00
00
00
00
00
00
00
00
00
00
00
00
00
00
00
00
// 0x00001340
00
00
00
00
00
00
00
00
00
00
00
00
00
00
00
00
// 0x00001350
00
00
00
00
00
00
00
00
00
00
00
00
00
00
00
00
// 0x00001360
00
00
00
00
00
00
00
00
00
00
00
00
00
00
00
00
// 0x00001370
00
00
00
00
ff
ff
00
00
00
00
ff
ff
ff
ff
ff
00
// 0x00001380
00
00
00
ff
ff
ff
ff
ff
ff
00
00
00
00
00
00
00
// 0x00001390
00
00
00
00
00
00
00
00
00
00
00
00
00
00
00
00
// 0x000013a0
00
00
00
00
00
00
00
00
00
00
00
00
00
00
00
00
// 0x000013b0
00
00
00
00
00
00
00
00
00
00
00
00
00
00
00
00
// 0x000013c0
00
00
00
00
00
00
00
00
00
00
00
00
00
00
00
00
// 0x000013d0
00
00
00
00
00
00
00
00
00
00
00
00
00
00
00
00
// 0x000013e0
00
00
00
00
00
00
00
00
00
00
00
00
00
00
00
00
// 0x000013f0
00
00
00
00
00
00
00
00
00
00
00
00
00
00
00
00
// 0x00001400
00
00
00
00
00
00
00
00
00
00
00
00
00
00
00
00
// 0x00001410
00
00
00
00
00
00
00
00
00
00
00
00
00
00
00
00
// 0x00001420
00
00
00
00
00
00
00
00
00
00
00
00
00
00
00
00
// 0x00001430
00
00
00
00
00
00
00
00
00
00
00
00
00
00
00
00
// 0x00001440
00
00
00
00
00
00
00
00
00
00
00
00
00
00
00
00
// 0x00001450
00
00
00
00
00
00
00
00
00
00
00
00
00
00
00
00
// 0x00001460
00
00
00
00
00
00
00
00
00
00
00
00
00
00
00
00
// 0x00001470
00
00
ff
ff
ff
ff
ff
00
00
ff
ff
ff
00
00
00
00
// 0x00001480
00
00
00
00
ff
ff
ff
ff
ff
ff
00
00
00
00
00
00
// 0x00001490
00
00
00
00
00
00
00
00
00
00
00
00
00
00
00
00
// 0x000014a0
00
00
00
00
00
00
00
00
00
00
00
00
00
00
00
00
// 0x000014b0
00
00
00
00
00
00
00
00
00
00
00
00
00
00
00
00
// 0x000014c0
00
00
00
00
00
00
00
00
00
00
00
00
00
00
00
00
// 0x000014d0
00
00
00
00
00
00
00
00
00
00
00
00
00
00
00
00
// 0x000014e0
00
00
00
00
00
00
00
00
00
00
00
00
00
00
00
00
// 0x000014f0
00
00
00
00
00
00
00
00
00
00
00
00
00
00
00
00
// 0x00001500
00
00
00
00
00
00
00
00
00
00
00
00
00
00
00
00
// 0x00001510
00
00
00
00
00
00
00
00
00
00
00
00
00
00
00
00
// 0x00001520
00
00
00
00
00
00
00
00
00
00
00
00
00
00
00
00
// 0x00001530
00
00
00
00
00
00
00
00
00
00
00
00
00
00
00
00
// 0x00001540
00
00
00
00
00
00
00
00
00
00
00
00
00
00
00
00
// 0x00001550
00
00
00
00
00
00
00
00
00
00
00
00
00
00
00
00
// 0x00001560
00
00
00
00
00
00
00
00
00
00
00
00
00
00
00
00
// 0x00001570
00
ff
ff
ff
ff
ff
ff
ff
ff
ff
ff
ff
00
00
00
00
// 0x00001580
00
00
00
00
ff
ff
ff
ff
ff
ff
00
00
00
00
00
00
// 0x00001590
00
00
00
00
00
00
00
00
00
00
00
00
00
00
00
00
// 0x000015a0
00
00
00
00
00
00
00
00
00
00
00
00
00
00
00
00
// 0x000015b0
00
00
00
00
00
00
00
00
00
00
00
00
00
00
00
00
// 0x000015c0
00
00
00
00
00
00
00
00
00
00
00
00
00
00
00
00
// 0x000015d0
00
00
00
00
00
00
00
00
00
00
00
00
00
00
00
00
// 0x000015e0
00
00
00
00
00
00
00
00
00
00
00
00
00
00
00
00
// 0x000015f0
00
00
00
00
00
00
00
00
00
00
00
00
00
00
00
00
// 0x00001600
00
00
00
00
00
00
00
00
00
00
00
00
00
00
00
00
// 0x00001610
00
00
00
00
00
00
00
00
00
00
00
00
00
00
00
00
// 0x00001620
00
00
00
00
00
00
00
00
00
00
00
00
00
00
00
00
// 0x00001630
00
00
00
00
00
00
00
00
00
00
00
00
00
00
00
00
// 0x00001640
00
00
00
00
00
00
00
00
00
00
00
00
00
00
00
00
// 0x00001650
00
00
00
00
00
00
00
00
00
00
00
00
00
00
00
00
// 0x00001660
00
00
00
00
00
00
00
00
00
00
00
00
00
00
00
00
// 0x00001670
ff
ff
ff
ff
ff
ff
ff
ff
ff
ff
ff
00
00
00
00
00
// 0x00001680
00
00
00
00
ff
ff
ff
ff
ff
ff
ff
00
00
00
00
00
// 0x00001690
00
00
00
00
00
00
00
00
00
00
00
00
00
00
00
00
// 0x000016a0
00
00
00
00
00
00
00
00
00
00
00
00
00
00
00
00
// 0x000016b0
00
00
00
00
00
00
00
00
00
00
00
00
00
00
00
00
// 0x000016c0
00
00
00
00
00
00
00
00
00
00
00
00
00
00
00
00
// 0x000016d0
00
00
00
00
00
00
00
00
00
00
00
00
00
00
00
00
// 0x000016e0
00
00
00
00
00
00
00
00
00
00
00
00
00
00
00
00
// 0x000016f0
00
00
00
00
00
00
00
00
00
00
00
00
00
00
00
00
// 0x00001700
00
00
00
00
00
00
00
00
00
00
00
00
00
00
00
00
// 0x00001710
00
00
00
00
00
00
00
00
00
00
00
00
00
00
00
00
// 0x00001720
00
00
00
00
00
00
00
00
00
00
00
00
00
00
00
00
// 0x00001730
00
00
00
00
00
00
00
00
00
00
00
00
00
00
00
00
// 0x00001740
00
00
00
00
00
00
00
00
00
00
00
00
00
00
00
00
// 0x00001750
00
00
00
00
00
00
00
00
00
00
00
00
00
00
00
00
// 0x00001760
00
00
00
00
00
00
00
00
00
00
00
00
00
00
00
ff
// 0x00001770
ff
ff
ff
ff
ff
ff
ff
ff
ff
ff
00
00
00
00
00
00
// 0x00001780
00
00
00
00
ff
ff
00
ff
ff
ff
ff
ff
00
00
00
00
// 0x00001790
00
00
00
00
00
00
00
00
00
00
00
00
00
00
00
00
// 0x000017a0
00
00
00
00
00
00
00
00
00
00
00
00
00
00
00
00
// 0x000017b0
00
00
00
00
00
00
00
00
00
00
00
00
00
00
00
00
// 0x000017c0
00
00
00
00
00
00
00
00
00
00
00
00
00
00
00
00
// 0x000017d0
00
00
00
00
00
00
00
00
00
00
00
00
00
00
00
00
// 0x000017e0
00
00
00
00
00
00
00
00
00
00
00
00
00
00
00
00
// 0x000017f0
00
00
00
00
00
00
00
00
00
00
00
00
00
00
00
00
// 0x00001800
00
00
00
00
00
00
00
00
00
00
00
00
00
00
00
00
// 0x00001810
00
00
00
00
00
00
00
00
00
00
00
00
00
00
00
00
// 0x00001820
00
00
00
00
00
00
00
00
00
00
00
00
00
00
00
00
// 0x00001830
00
00
00
00
00
00
00
00
00
00
00
00
00
00
00
00
// 0x00001840
00
00
00
00
00
00
00
00
00
00
00
00
00
00
00
00
// 0x00001850
00
00
00
00
00
00
00
00
00
00
00
00
00
00
00
00
// 0x00001860
00
00
00
00
00
00
00
00
00
00
00
00
ff
ff
ff
ff
// 0x00001870
ff
ff
ff
00
ff
00
00
00
00
00
00
00
00
00
00
00
// 0x00001880
00
00
00
00
ff
00
00
ff
ff
ff
ff
ff
00
00
00
00
// 0x00001890
00
00
00
00
00
00
00
00
00
00
00
00
00
00
00
00
// 0x000018a0
00
00
00
00
00
00
00
00
00
00
00
00
00
00
00
00
// 0x000018b0
00
00
00
00
00
00
00
00
00
00
00
00
00
00
00
00
// 0x000018c0
00
00
00
00
00
00
00
00
00
00
00
00
00
00
00
00
// 0x000018d0
00
00
00
00
00
00
00
00
00
00
00
00
00
00
00
00
// 0x000018e0
00
00
00
00
00
00
00
00
00
00
00
00
00
00
00
00
// 0x000018f0
00
00
00
00
00
00
00
00
00
00
00
00
00
00
00
00
// 0x00001900
00
00
00
00
00
00
00
00
00
00
00
00
00
00
00
00
// 0x00001910
00
00
00
00
00
00
00
00
00
00
00
00
00
00
00
00
// 0x00001920
00
00
00
00
00
00
00
00
00
00
00
00
00
00
00
00
// 0x00001930
00
00
00
00
00
00
00
00
00
00
00
00
00
00
00
00
// 0x00001940
00
00
00
00
00
00
00
00
00
00
00
00
00
00
00
00
// 0x00001950
00
00
00
00
00
00
00
00
00
00
00
00
00
00
00
00
// 0x00001960
00
00
00
00
00
00
00
00
00
00
00
ff
ff
ff
ff
ff
// 0x00001970
ff
ff
00
00
ff
00
00
00
00
00
00
00
00
00
00
00
// 0x00001980
00
00
00
ff
ff
00
00
00
00
ff
ff
ff
ff
00
00
00
// 0x00001990
00
00
00
00
00
00
00
00
00
00
00
00
00
00
00
00
// 0x000019a0
00
00
00
00
00
00
00
00
00
00
00
00
00
00
00
00
// 0x000019b0
00
00
00
00
00
00
00
00
00
00
00
00
00
00
00
00
// 0x000019c0
00
00
00
00
00
00
00
00
00
00
00
00
00
00
00
00
// 0x000019d0
00
00
00
00
00
00
00
00
00
00
00
00
00
00
00
00
// 0x000019e0
00
00
00
00
00
00
00
00
00
00
00
00
00
00
00
00
// 0x000019f0
00
00
00
00
00
00
00
00
00
00
00
00
00
00
00
00
// 0x00001a00
00
00
00
00
00
00
00
00
00
00
00
00
00
00
00
00
// 0x00001a10
00
00
00
00
00
00
00
00
00
00
00
00
00
00
00
00
// 0x00001a20
00
00
00
00
00
00
00
00
00
00
00
00
00
00
00
00
// 0x00001a30
00
00
00
00
00
00
00
00
00
00
00
00
00
00
00
00
// 0x00001a40
00
00
00
00
00
00
00
00
00
00
00
00
00
00
00
00
// 0x00001a50
00
00
00
00
00
00
00
00
00
00
00
00
00
00
00
00
// 0x00001a60
00
00
00
00
00
00
00
00
00
00
00
ff
ff
ff
ff
ff
// 0x00001a70
00
00
00
ff
ff
00
ff
00
00
00
00
00
00
00
00
00
// 0x00001a80
00
00
ff
ff
00
00
00
00
00
00
ff
ff
ff
ff
00
00
// 0x00001a90
00
00
00
00
00
00
00
00
00
00
00
00
00
00
00
00
// 0x00001aa0
00
00
00
00
00
00
00
00
00
00
00
00
00
00
00
00
// 0x00001ab0
00
00
00
00
00
00
00
00
00
00
00
00
00
00
00
00
// 0x00001ac0
00
00
00
00
00
00
00
00
00
00
00
00
00
00
00
00
// 0x00001ad0
00
00
00
00
00
00
00
00
00
00
00
00
00
00
00
00
// 0x00001ae0
00
00
00
00
00
00
00
00
00
00
00
00
00
00
00
00
// 0x00001af0
00
00
00
00
00
00
00
00
00
00
00
00
00
00
00
00
// 0x00001b00
00
00
00
00
00
00
00
00
00
00
00
00
00
00
00
00
// 0x00001b10
00
00
00
00
00
00
00
00
00
00
00
00
00
00
00
00
// 0x00001b20
00
00
00
00
00
00
00
00
00
00
00
00
00
00
00
00
// 0x00001b30
00
00
00
00
00
00
00
00
00
00
00
00
00
00
00
00
// 0x00001b40
00
00
00
00
00
00
00
00
00
00
00
00
00
00
00
00
// 0x00001b50
00
00
00
00
00
00
00
00
00
00
00
00
00
00
00
00
// 0x00001b60
00
00
00
00
00
00
00
00
00
00
ff
ff
ff
ff
00
00
// 0x00001b70
00
00
00
ff
ff
ff
ff
00
00
00
00
00
00
00
00
00
// 0x00001b80
00
00
ff
00
00
00
00
00
ff
00
00
ff
ff
ff
ff
00
// 0x00001b90
00
00
00
00
00
00
00
00
00
00
00
00
00
00
00
00
// 0x00001ba0
00
00
00
00
00
00
00
00
00
00
00
00
00
00
00
00
// 0x00001bb0
00
00
00
00
00
00
00
00
00
00
00
00
00
00
00
00
// 0x00001bc0
00
00
00
00
00
00
00
00
00
00
00
00
00
00
00
00
// 0x00001bd0
00
00
00
00
00
00
00
00
00
00
00
00
00
00
00
00
// 0x00001be0
00
00
00
00
00
00
00
00
00
00
00
00
00
00
00
00
// 0x00001bf0
00
00
00
00
00
00
00
00
00
00
00
00
00
00
00
00
// 0x00001c00
00
00
00
00
00
00
00
00
00
00
00
00
00
00
00
00
// 0x00001c10
00
00
00
00
00
00
00
00
00
00
00
00
00
00
00
00
// 0x00001c20
00
00
00
00
00
00
00
00
00
00
00
00
00
00
00
00
// 0x00001c30
00
00
00
00
00
00
00
00
00
00
00
00
00
00
00
00
// 0x00001c40
00
00
00
00
00
00
00
00
00
00
00
00
00
00
00
00
// 0x00001c50
00
00
00
00
00
00
00
00
00
00
00
00
00
00
00
00
// 0x00001c60
00
00
00
00
00
00
00
00
00
ff
ff
ff
ff
00
00
00
// 0x00001c70
00
00
ff
ff
00
ff
00
00
00
00
00
00
00
00
00
00
// 0x00001c80
00
ff
00
00
00
00
00
00
ff
00
00
ff
ff
ff
ff
00
// 0x00001c90
00
00
00
00
00
00
00
00
00
00
00
00
00
00
00
00
// 0x00001ca0
00
00
00
00
00
00
00
00
00
00
00
00
00
00
00
00
// 0x00001cb0
00
00
00
00
00
00
00
00
00
00
00
00
00
00
00
00
// 0x00001cc0
00
00
00
00
00
00
00
00
00
00
00
00
00
00
00
00
// 0x00001cd0
00
00
00
00
00
00
00
00
00
00
00
00
00
00
00
00
// 0x00001ce0
00
00
00
00
00
00
00
00
00
00
00
00
00
00
00
00
// 0x00001cf0
00
00
00
00
00
00
00
00
00
00
00
00
00
00
00
00
// 0x00001d00
00
00
00
00
00
00
00
00
00
00
00
00
00
00
00
00
// 0x00001d10
00
00
00
00
00
00
00
00
00
00
00
00
00
00
00
00
// 0x00001d20
00
00
00
00
00
00
00
00
00
00
00
00
00
00
00
00
// 0x00001d30
00
00
00
00
00
00
00
00
00
00
00
00
00
00
00
00
// 0x00001d40
00
00
00
00
00
00
00
00
00
00
00
00
00
00
00
00
// 0x00001d50
00
00
00
00
00
00
00
00
00
00
00
00
00
00
00
00
// 0x00001d60
00
00
00
00
00
00
00
00
ff
ff
ff
ff
00
00
00
00
// 0x00001d70
00
00
ff
ff
ff
ff
00
00
00
00
00
00
00
00
ff
00
// 0x00001d80
ff
ff
00
00
ff
00
ff
00
ff
00
00
ff
ff
ff
ff
ff
// 0x00001d90
00
00
00
00
00
00
00
00
00
00
00
00
00
00
00
00
// 0x00001da0
00
00
00
00
00
00
00
00
00
00
00
00
00
00
00
00
// 0x00001db0
00
00
00
00
00
00
00
00
00
00
00
00
00
00
00
00
// 0x00001dc0
00
00
00
00
00
00
00
00
00
00
00
00
00
00
00
00
// 0x00001dd0
00
00
00
00
00
00
00
00
00
00
00
00
00
00
00
00
// 0x00001de0
00
00
00
00
00
00
00
00
00
00
00
00
00
00
00
00
// 0x00001df0
00
00
00
00
00
00
00
00
00
00
00
00
00
00
00
00
// 0x00001e00
00
00
00
00
00
00
00
00
00
00
00
00
00
00
00
00
// 0x00001e10
00
00
00
00
00
00
00
00
00
00
00
00
00
00
00
00
// 0x00001e20
00
00
00
00
00
00
00
00
00
00
00
00
00
00
00
00
// 0x00001e30
00
00
00
00
00
00
00
00
00
00
00
00
00
00
00
00
// 0x00001e40
00
00
00
00
00
00
00
00
00
00
00
00
00
00
00
00
// 0x00001e50
00
00
00
00
00
00
00
00
00
00
00
00
00
00
00
00
// 0x00001e60
00
00
00
00
00
00
00
00
ff
ff
ff
00
00
00
00
00
// 0x00001e70
00
00
ff
00
ff
ff
00
00
00
00
00
00
00
00
ff
00
// 0x00001e80
ff
00
00
ff
ff
ff
ff
00
ff
00
00
00
00
ff
ff
ff
// 0x00001e90
ff
00
00
00
00
00
00
00
00
00
00
00
00
00
00
00
// 0x00001ea0
00
00
00
00
00
00
00
00
00
00
00
00
00
00
00
00
// 0x00001eb0
00
00
00
00
00
00
00
00
00
00
00
00
00
00
00
00
// 0x00001ec0
00
00
00
00
00
00
00
00
00
00
00
00
00
00
00
00
// 0x00001ed0
00
00
00
00
00
00
00
00
00
00
00
00
00
00
00
00
// 0x00001ee0
00
00
00
00
00
00
00
00
00
00
00
00
00
00
00
00
// 0x00001ef0
00
00
00
00
00
00
00
00
00
00
00
00
00
00
00
00
// 0x00001f00
00
00
00
00
00
00
00
00
00
00
00
00
00
00
00
00
// 0x00001f10
00
00
00
00
00
00
00
00
00
00
00
00
00
00
00
00
// 0x00001f20
00
00
00
00
00
00
00
00
00
00
00
00
00
00
00
00
// 0x00001f30
00
00
00
00
00
00
00
00
00
00
00
00
00
00
00
00
// 0x00001f40
00
00
00
00
00
00
00
00
00
00
00
00
00
00
00
00
// 0x00001f50
00
00
00
00
00
00
00
00
00
00
00
00
00
00
00
00
// 0x00001f60
00
00
00
00
00
00
00
ff
ff
ff
ff
00
00
00
00
00
// 0x00001f70
00
ff
ff
ff
ff
00
00
00
00
00
00
00
00
ff
ff
ff
// 0x00001f80
ff
00
ff
ff
00
ff
00
ff
ff
00
00
00
00
00
ff
ff
// 0x00001f90
ff
ff
00
00
00
00
00
00
00
00
00
00
00
00
00
00
// 0x00001fa0
00
00
00
00
00
00
00
00
00
00
00
00
00
00
00
00
// 0x00001fb0
00
00
00
00
00
00
00
00
00
00
00
00
00
00
00
00
// 0x00001fc0
00
00
00
00
00
00
00
00
00
00
00
00
00
00
00
00
// 0x00001fd0
00
00
00
00
00
00
00
00
00
00
00
00
00
00
00
00
// 0x00001fe0
00
00
00
00
00
00
00
00
00
00
00
00
00
00
00
00
// 0x00001ff0
00
00
00
00
00
00
00
00
00
00
00
00
00
00
00
00
// 0x00002000
00
00
00
00
00
00
00
00
00
00
00
00
00
00
00
00
// 0x00002010
00
00
00
00
00
00
00
00
00
00
00
00
00
00
00
00
// 0x00002020
00
00
00
00
00
00
00
00
00
00
00
00
00
00
00
00
// 0x00002030
00
00
00
00
00
00
00
00
00
00
00
00
00
00
00
00
// 0x00002040
00
00
00
00
00
00
00
00
00
00
00
00
00
00
00
00
// 0x00002050
00
00
00
00
00
00
00
00
00
00
00
00
00
00
00
00
// 0x00002060
00
00
00
00
00
00
ff
ff
ff
ff
00
00
00
00
00
00
// 0x00002070
ff
ff
00
ff
ff
00
00
00
00
00
00
00
00
ff
ff
ff
// 0x00002080
ff
00
ff
00
ff
ff
00
ff
ff
00
00
00
00
00
00
ff
// 0x00002090
ff
ff
00
00
00
00
00
00
00
00
00
00
00
00
00
00
// 0x000020a0
00
00
00
00
00
00
00
00
00
00
00
00
00
00
00
00
// 0x000020b0
00
00
00
00
00
00
00
00
00
00
00
00
00
00
00
00
// 0x000020c0
00
00
00
00
00
00
00
00
00
00
00
00
00
00
00
00
// 0x000020d0
00
00
00
00
00
00
00
00
00
00
00
00
00
00
00
00
// 0x000020e0
00
00
00
00
00
00
00
00
00
00
00
00
00
00
00
00
// 0x000020f0
00
00
00
00
00
00
00
00
00
00
00
00
00
00
00
00
// 0x00002100
00
00
00
00
00
00
00
00
00
00
00
00
00
00
00
00
// 0x00002110
00
00
00
00
00
00
00
00
00
00
00
00
00
00
00
00
// 0x00002120
00
00
00
00
00
00
00
00
00
00
00
00
00
00
00
00
// 0x00002130
00
00
00
00
00
00
00
00
00
00
00
00
00
00
00
00
// 0x00002140
00
00
00
00
00
00
00
00
00
00
00
00
00
00
00
00
// 0x00002150
00
00
00
00
00
00
00
00
00
00
00
00
00
00
00
00
// 0x00002160
00
00
00
00
00
ff
ff
ff
ff
00
00
00
ff
00
00
00
// 0x00002170
ff
ff
ff
ff
00
00
00
ff
00
00
ff
00
ff
ff
ff
ff
// 0x00002180
00
ff
ff
00
ff
00
00
ff
ff
ff
ff
00
00
00
00
ff
// 0x00002190
ff
ff
ff
00
00
00
00
00
00
00
00
00
00
00
00
00
// 0x000021a0
00
00
00
00
00
00
00
00
00
00
00
00
00
00
00
00
// 0x000021b0
00
00
00
00
00
00
00
00
00
00
00
00
00
00
00
00
// 0x000021c0
00
00
00
00
00
00
00
00
00
00
00
00
00
00
00
00
// 0x000021d0
00
00
00
00
00
00
00
00
00
00
00
00
00
00
00
00
// 0x000021e0
00
00
00
00
00
00
00
00
00
00
00
00
00
00
00
00
// 0x000021f0
00
00
00
00
00
00
00
00
00
00
00
00
00
00
00
00
// 0x00002200
00
00
00
00
00
00
00
00
00
00
00
00
00
00
00
00
// 0x00002210
00
00
00
00
00
00
00
00
00
00
00
00
00
00
00
00
// 0x00002220
00
00
00
00
00
00
00
00
00
00
00
00
00
00
00
00
// 0x00002230
00
00
00
00
00
00
00
00
00
00
00
00
00
00
00
00
// 0x00002240
00
00
00
00
00
00
00
00
00
00
00
00
00
00
00
00
// 0x00002250
00
00
00
00
00
00
00
00
00
00
00
00
00
00
00
00
// 0x00002260
00
00
00
00
00
ff
ff
ff
ff
00
00
ff
00
00
00
ff
// 0x00002270
ff
00
ff
00
00
00
00
00
00
ff
00
00
ff
ff
ff
ff
// 0x00002280
00
ff
00
ff
ff
00
00
00
00
00
ff
00
00
00
00
ff
// 0x00002290
ff
ff
ff
ff
00
00
00
00
00
00
00
00
00
00
00
00
// 0x000022a0
00
00
00
00
00
00
00
00
00
00
00
00
00
00
00
00
// 0x000022b0
00
00
00
00
00
00
00
00
00
00
00
00
00
00
00
00
// 0x000022c0
00
00
00
00
00
00
00
00
00
00
00
00
00
00
00
00
// 0x000022d0
00
00
00
00
00
00
00
00
00
00
00
00
00
00
00
00
// 0x000022e0
00
00
00
00
00
00
00
00
00
00
00
00
00
00
00
00
// 0x000022f0
00
00
00
00
00
00
00
00
00
00
00
00
00
00
00
00
// 0x00002300
00
00
00
00
00
00
00
00
00
00
00
00
00
00
00
00
// 0x00002310
00
00
00
00
00
00
00
00
00
00
00
00
00
00
00
00
// 0x00002320
00
00
00
00
00
00
00
00
00
00
00
00
00
00
00
00
// 0x00002330
00
00
00
00
00
00
00
00
00
00
00
00
00
00
00
00
// 0x00002340
00
00
00
00
00
00
00
00
00
00
00
00
00
00
00
00
// 0x00002350
00
00
00
00
00
00
00
00
00
00
00
00
00
00
00
00
// 0x00002360
00
00
00
00
ff
ff
ff
ff
00
00
00
00
00
00
00
ff
// 0x00002370
00
ff
ff
00
00
00
00
00
ff
ff
00
ff
ff
ff
ff
00
// 0x00002380
ff
00
ff
ff
00
00
00
00
00
00
00
ff
00
ff
ff
00
// 0x00002390
ff
ff
ff
ff
ff
00
00
00
00
00
00
00
00
00
00
00
// 0x000023a0
00
00
00
00
00
00
00
00
00
00
00
00
00
00
00
00
// 0x000023b0
00
00
00
00
00
00
00
00
00
00
00
00
00
00
00
00
// 0x000023c0
00
00
00
00
00
00
00
00
00
00
00
00
00
00
00
00
// 0x000023d0
00
00
00
00
00
00
00
00
00
00
00
00
00
00
00
00
// 0x000023e0
00
00
00
00
00
00
00
00
00
00
00
00
00
00
00
00
// 0x000023f0
00
00
00
00
00
00
00
00
00
00
00
00
00
00
00
00
// 0x00002400
00
00
00
00
00
00
00
00
00
00
00
00
00
00
00
00
// 0x00002410
00
00
00
00
00
00
00
00
00
00
00
00
00
00
00
00
// 0x00002420
00
00
00
00
00
00
00
00
00
00
00
00
00
00
00
00
// 0x00002430
00
00
00
00
00
00
00
00
00
00
00
00
00
00
00
00
// 0x00002440
00
00
00
00
00
00
00
00
00
00
00
00
00
00
00
00
// 0x00002450
00
00
00
00
00
00
00
00
00
00
00
00
00
00
00
00
// 0x00002460
00
00
00
ff
ff
ff
ff
00
00
00
00
00
00
00
ff
ff
// 0x00002470
ff
ff
00
00
00
00
00
00
00
00
ff
ff
00
ff
ff
ff
// 0x00002480
ff
ff
ff
00
00
00
00
00
00
00
00
00
ff
ff
00
00
// 0x00002490
00
ff
ff
ff
ff
ff
00
00
00
00
00
00
00
00
00
00
// 0x000024a0
00
00
00
00
00
00
00
00
00
00
00
00
00
00
00
00
// 0x000024b0
00
00
00
00
00
00
00
00
00
00
00
00
00
00
00
00
// 0x000024c0
00
00
00
00
00
00
00
00
00
00
00
00
00
00
00
00
// 0x000024d0
00
00
00
00
00
00
00
00
00
00
00
00
00
00
00
00
// 0x000024e0
00
00
00
00
00
00
00
00
00
00
00
00
00
00
00
00
// 0x000024f0
00
00
00
00
00
00
00
00
00
00
00
00
00
00
00
00
// 0x00002500
00
00
00
00
00
00
00
00
00
00
00
00
00
00
00
00
// 0x00002510
00
00
00
00
00
00
00
00
00
00
00
00
00
00
00
00
// 0x00002520
00
00
00
00
00
00
00
00
00
00
00
00
00
00
00
00
// 0x00002530
00
00
00
00
00
00
00
00
00
00
00
00
00
00
00
00
// 0x00002540
00
00
00
00
00
00
00
00
00
00
00
00
00
00
00
00
// 0x00002550
00
00
00
00
00
00
00
00
00
00
00
00
00
00
00
00
// 0x00002560
00
00
00
ff
ff
ff
00
00
00
00
00
00
00
00
00
ff
// 0x00002570
ff
ff
00
00
00
00
00
00
00
00
ff
00
00
ff
00
ff
// 0x00002580
00
ff
00
00
00
00
00
00
00
ff
00
00
00
00
00
00
// 0x00002590
00
00
ff
ff
ff
ff
ff
00
00
00
00
00
00
00
00
00
// 0x000025a0
00
00
00
00
00
00
00
00
00
00
00
00
00
00
00
00
// 0x000025b0
00
00
00
00
00
00
00
00
00
00
00
00
00
00
00
00
// 0x000025c0
00
00
00
00
00
00
00
00
00
00
00
00
00
00
00
00
// 0x000025d0
00
00
00
00
00
00
00
00
00
00
00
00
00
00
00
00
// 0x000025e0
00
00
00
00
00
00
00
00
00
00
00
00
00
00
00
00
// 0x000025f0
00
00
00
00
00
00
00
00
00
00
00
00
00
00
00
00
// 0x00002600
00
00
00
00
00
00
00
00
00
00
00
00
00
00
00
00
// 0x00002610
00
00
00
00
00
00
00
00
00
00
00
00
00
00
00
00
// 0x00002620
00
00
00
00
00
00
00
00
00
00
00
00
00
00
00
00
// 0x00002630
00
00
00
00
00
00
00
00
00
00
00
00
00
00
00
00
// 0x00002640
00
00
00
00
00
00
00
00
00
00
00
00
00
00
00
00
// 0x00002650
00
00
00
00
00
00
00
00
00
00
00
00
00
00
00
00
// 0x00002660
00
00
ff
ff
ff
ff
00
00
00
00
00
00
00
00
00
00
// 0x00002670
00
00
00
00
00
00
00
00
00
ff
00
00
ff
ff
ff
ff
// 0x00002680
ff
ff
00
00
00
00
00
00
00
ff
ff
00
00
00
00
00
// 0x00002690
ff
00
00
ff
ff
ff
ff
ff
00
00
00
00
00
00
00
00
// 0x000026a0
00
00
00
00
00
00
00
00
00
00
00
00
00
00
00
00
// 0x000026b0
00
00
00
00
00
00
00
00
00
00
00
00
00
00
00
00
// 0x000026c0
00
00
00
00
00
00
00
00
00
00
00
00
00
00
00
00
// 0x000026d0
00
00
00
00
00
00
00
00
00
00
00
00
00
00
00
00
// 0x000026e0
00
00
00
00
00
00
00
00
00
00
00
00
00
00
00
00
// 0x000026f0
00
00
00
00
00
00
00
00
00
00
00
00
00
00
00
00
// 0x00002700
00
00
00
00
00
00
00
00
00
00
00
00
00
00
00
00
// 0x00002710
00
00
00
00
00
00
00
00
00
00
00
00
00
00
00
00
// 0x00002720
00
00
00
00
00
00
00
00
00
00
00
00
00
00
00
00
// 0x00002730
00
00
00
00
00
00
00
00
00
00
00
00
00
00
00
00
// 0x00002740
00
00
00
00
00
00
00
00
00
00
00
00
00
00
00
00
// 0x00002750
00
00
00
00
00
00
00
00
00
00
00
00
00
00
00
00
// 0x00002760
00
ff
ff
ff
ff
00
00
00
00
00
00
00
00
00
00
00
// 0x00002770
00
00
00
00
00
00
00
00
00
ff
00
ff
ff
00
ff
00
// 0x00002780
ff
00
00
00
00
00
00
00
00
00
ff
ff
ff
00
00
00
// 0x00002790
ff
ff
00
00
00
ff
ff
ff
ff
00
00
00
00
00
00
00
// 0x000027a0
00
00
00
00
00
00
00
00
00
00
00
00
00
00
00
00
// 0x000027b0
00
00
00
00
00
00
00
00
00
00
00
00
00
00
00
00
// 0x000027c0
00
00
00
00
00
00
00
00
00
00
00
00
00
00
00
00
// 0x000027d0
00
00
00
00
00
00
00
00
00
00
00
00
00
00
00
00
// 0x000027e0
00
00
00
00
00
00
00
00
00
00
00
00
00
00
00
00
// 0x000027f0
00
00
00
00
00
00
00
00
00
00
00
00
00
00
00
00
// 0x00002800
00
00
00
00
00
00
00
00
00
00
00
00
00
00
00
00
// 0x00002810
00
00
00
00
00
00
00
00
00
00
00
00
00
00
00
00
// 0x00002820
00
00
00
00
00
00
00
00
00
00
00
00
00
00
00
00
// 0x00002830
00
00
00
00
00
00
00
00
00
00
00
00
00
00
00
00
// 0x00002840
00
00
00
00
00
00
00
00
00
00
00
00
00
00
00
00
// 0x00002850
00
00
00
00
00
00
00
00
00
00
00
00
00
00
00
00
// 0x00002860
00
ff
ff
ff
00
00
00
00
00
00
00
00
00
00
00
00
// 0x00002870
00
00
00
00
00
00
00
00
ff
ff
00
ff
00
ff
00
ff
// 0x00002880
ff
00
00
00
00
00
00
00
00
00
00
00
ff
ff
00
00
// 0x00002890
00
ff
ff
00
00
00
ff
ff
ff
ff
00
00
00
00
00
00
// 0x000028a0
00
00
00
00
00
00
00
00
00
00
00
00
00
00
00
00
// 0x000028b0
00
00
00
00
00
00
00
00
00
00
00
00
00
00
00
00
// 0x000028c0
00
00
00
00
00
00
00
00
00
00
00
00
00
00
00
00
// 0x000028d0
00
00
00
00
00
00
00
00
00
00
00
00
00
00
00
00
// 0x000028e0
00
00
00
00
00
00
00
00
00
00
00
00
00
00
00
00
// 0x000028f0
00
00
00
00
00
00
00
00
00
00
00
00
00
00
00
00
// 0x00002900
00
00
00
00
00
00
00
00
00
00
00
00
00
00
00
00
// 0x00002910
00
00
00
00
00
00
00
00
00
00
00
00
00
00
00
00
// 0x00002920
00
00
00
00
00
00
00
00
00
00
00
00
00
00
00
00
// 0x00002930
00
00
00
00
00
00
00
00
00
00
00
00
00
00
00
00
// 0x00002940
00
00
00
00
00
00
00
00
00
00
00
00
00
00
00
00
// 0x00002950
00
00
00
00
00
00
00
00
00
00
00
00
00
00
00
00
// 0x00002960
ff
ff
ff
ff
00
00
00
00
00
00
00
00
00
00
00
00
// 0x00002970
00
00
00
00
00
00
00
ff
ff
00
ff
00
00
00
00
ff
// 0x00002980
00
00
00
00
00
00
00
00
00
00
00
00
00
ff
ff
00
// 0x00002990
ff
00
00
00
00
00
00
ff
ff
ff
00
00
00
00
00
00
// 0x000029a0
00
00
00
00
00
00
00
00
00
00
00
00
00
00
00
00
// 0x000029b0
00
00
00
00
00
00
00
00
00
00
00
00
00
00
00
00
// 0x000029c0
00
00
00
00
00
00
00
00
00
00
00
00
00
00
00
00
// 0x000029d0
00
00
00
00
00
00
00
00
00
00
00
00
00
00
00
00
// 0x000029e0
00
00
00
00
00
00
00
00
00
00
00
00
00
00
00
00
// 0x000029f0
00
00
00
00
00
00
00
00
00
00
00
00
00
00
00
00
// 0x00002a00
00
00
00
00
00
00
00
00
00
00
00
00
00
00
00
00
// 0x00002a10
00
00
00
00
00
00
00
00
00
00
00
00
00
00
00
00
// 0x00002a20
00
00
00
00
00
00
00
00
00
00
00
00
00
00
00
00
// 0x00002a30
00
00
00
00
00
00
00
00
00
00
00
00
00
00
00
00
// 0x00002a40
00
00
00
00
00
00
00
00
00
00
00
00
00
00
00
00
// 0x00002a50
00
00
00
00
00
00
00
00
00
00
00
00
00
00
00
ff
// 0x00002a60
ff
ff
ff
00
00
00
00
00
00
00
00
00
00
00
00
00
// 0x00002a70
00
00
00
00
00
00
00
ff
ff
ff
ff
00
00
00
00
00
// 0x00002a80
00
00
00
00
00
00
00
00
00
00
00
ff
00
00
ff
00
// 0x00002a90
00
00
00
00
00
00
00
ff
ff
ff
ff
00
00
00
00
00
// 0x00002aa0
00
00
00
00
00
00
00
00
00
00
00
00
00
00
00
00
// 0x00002ab0
00
00
00
00
00
00
00
00
00
00
00
00
00
00
00
00
// 0x00002ac0
00
00
00
00
00
00
00
00
00
00
00
00
00
00
00
00
// 0x00002ad0
00
00
00
00
00
00
00
00
00
00
00
00
00
00
00
00
// 0x00002ae0
00
00
00
00
00
00
00
00
00
00
00
00
00
00
00
00
// 0x00002af0
00
00
00
00
00
00
00
00
00
00
00
00
00
00
00
00
// 0x00002b00
00
00
00
00
00
00
00
00
00
00
00
00
00
00
00
00
// 0x00002b10
00
00
00
00
00
00
00
00
00
00
00
00
00
00
00
00
// 0x00002b20
00
00
00
00
00
00
00
00
00
00
00
00
00
00
00
00
// 0x00002b30
00
00
00
00
00
00
00
00
00
00
00
00
00
00
00
00
// 0x00002b40
00
00
00
00
00
00
00
00
00
00
00
00
00
00
00
00
// 0x00002b50
00
00
00
00
00
00
00
00
00
00
00
00
00
00
00
ff
// 0x00002b60
ff
ff
00
00
00
00
00
00
00
00
00
00
00
00
00
00
// 0x00002b70
00
00
00
00
00
00
ff
ff
00
ff
00
00
00
00
00
00
// 0x00002b80
00
00
00
00
00
00
00
00
00
00
00
ff
ff
ff
ff
ff
// 0x00002b90
00
00
ff
00
00
00
00
00
ff
ff
ff
00
00
00
00
00
// 0x00002ba0
00
00
00
00
00
00
00
00
00
00
00
00
00
00
00
00
// 0x00002bb0
00
00
00
00
00
00
00
00
00
00
00
00
00
00
00
00
// 0x00002bc0
00
00
00
00
00
00
00
00
00
00
00
00
00
00
00
00
// 0x00002bd0
00
00
00
00
00
00
00
00
00
00
00
00
00
00
00
00
// 0x00002be0
00
00
00
00
00
00
00
00
00
00
00
00
00
00
00
00
// 0x00002bf0
00
00
00
00
00
00
00
00
00
00
00
00
00
00
00
00
// 0x00002c00
00
00
00
00
00
00
00
00
00
00
00
00
00
00
00
00
// 0x00002c10
00
00
00
00
00
00
00
00
00
00
00
00
00
00
00
00
// 0x00002c20
00
00
00
00
00
00
00
00
00
00
00
00
00
00
00
00
// 0x00002c30
00
00
00
00
00
00
00
00
00
00
00
00
00
00
00
00
// 0x00002c40
00
00
00
00
00
00
00
00
00
00
00
00
00
00
00
00
// 0x00002c50
00
00
00
00
00
00
00
00
00
00
00
00
00
00
ff
ff
// 0x00002c60
ff
ff
00
00
00
00
00
00
00
00
00
00
00
00
00
00
// 0x00002c70
00
00
00
00
00
00
ff
ff
ff
ff
00
00
00
00
00
00
// 0x00002c80
00
00
00
00
00
00
00
00
00
00
ff
ff
ff
00
00
ff
// 0x00002c90
ff
ff
00
ff
00
00
00
00
ff
ff
ff
ff
00
00
00
00
// 0x00002ca0
00
00
00
00
00
00
00
00
00
00
00
00
00
00
00
00
// 0x00002cb0
00
00
00
00
00
00
00
00
00
00
00
00
00
00
00
00
// 0x00002cc0
00
00
00
00
00
00
00
00
00
00
00
00
00
00
00
00
// 0x00002cd0
00
00
00
00
00
00
00
00
00
00
00
00
00
00
00
00
// 0x00002ce0
00
00
00
00
00
00
00
00
00
00
00
00
00
00
00
00
// 0x00002cf0
00
00
00
00
00
00
00
00
00
00
00
00
00
00
00
00
// 0x00002d00
00
00
00
00
00
00
00
00
00
00
00
00
00
00
00
00
// 0x00002d10
00
00
00
00
00
00
00
00
00
00
00
00
00
00
00
00
// 0x00002d20
00
00
00
00
00
00
00
00
00
00
00
00
00
00
00
00
// 0x00002d30
00
00
00
00
00
00
00
00
00
00
00
00
00
00
00
00
// 0x00002d40
00
00
00
00
00
00
00
00
00
00
00
00
00
00
00
00
// 0x00002d50
00
00
00
00
00
00
00
00
00
00
00
00
00
ff
ff
ff
// 0x00002d60
ff
00
00
00
00
00
00
00
00
00
00
00
00
00
00
00
// 0x00002d70
00
00
00
00
00
ff
ff
ff
ff
00
00
00
00
00
00
00
// 0x00002d80
00
00
00
00
00
00
00
00
00
00
ff
ff
00
00
00
00
// 0x00002d90
00
ff
ff
00
00
00
00
00
00
ff
ff
ff
00
00
00
00
// 0x00002da0
00
00
00
00
00
00
00
00
00
00
00
00
00
00
00
00
// 0x00002db0
00
00
00
00
00
00
00
00
00
00
00
00
00
00
00
00
// 0x00002dc0
00
00
00
00
00
00
00
00
00
00
00
00
00
00
00
00
// 0x00002dd0
00
00
00
00
00
00
00
00
00
00
00
00
00
00
00
00
// 0x00002de0
00
00
00
00
00
00
00
00
00
00
00
00
00
00
00
00
// 0x00002df0
00
00
00
00
00
00
00
00
00
00
00
00
00
00
00
00
// 0x00002e00
00
00
00
00
00
00
00
00
00
00
00
00
00
00
00
00
// 0x00002e10
00
00
00
00
00
00
00
00
00
00
00
00
00
00
00
00
// 0x00002e20
00
00
00
00
00
00
00
00
00
00
00
00
00
00
00
00
// 0x00002e30
00
00
00
00
00
00
00
00
00
00
00
00
00
00
00
00
// 0x00002e40
00
00
00
00
00
00
00
00
00
00
00
00
00
00
00
00
// 0x00002e50
00
00
00
00
00
00
00
00
00
00
00
00
ff
ff
ff
ff
// 0x00002e60
00
00
00
00
00
00
00
00
00
00
ff
00
ff
00
00
00
// 0x00002e70
00
00
00
00
ff
ff
00
ff
00
ff
00
00
00
00
00
00
// 0x00002e80
00
00
00
00
00
00
00
00
00
00
ff
ff
00
00
ff
00
// 0x00002e90
00
00
ff
00
00
00
00
00
00
00
ff
ff
ff
00
00
00
// 0x00002ea0
00
00
00
00
00
00
00
00
00
00
00
00
00
00
00
00
// 0x00002eb0
00
00
00
00
00
00
00
00
00
00
00
00
00
00
00
00
// 0x00002ec0
00
00
00
00
00
00
00
00
00
00
00
00
00
00
00
00
// 0x00002ed0
00
00
00
00
00
00
00
00
00
00
00
00
00
00
00
00
// 0x00002ee0
00
00
00
00
00
00
00
00
00
00
00
00
00
00
00
00
// 0x00002ef0
00
00
00
00
00
00
00
00
00
00
00
00
00
00
00
00
// 0x00002f00
00
00
00
00
00
00
00
00
00
00
00
00
00
00
00
00
// 0x00002f10
00
00
00
00
00
00
00
00
00
00
00
00
00
00
00
00
// 0x00002f20
00
00
00
00
00
00
00
00
00
00
00
00
00
00
00
00
// 0x00002f30
00
00
00
00
00
00
00
00
00
00
00
00
00
00
00
00
// 0x00002f40
00
00
00
00
00
00
00
00
00
00
00
00
00
00
00
00
// 0x00002f50
00
00
00
00
00
00
00
00
00
00
00
00
ff
ff
ff
ff
// 0x00002f60
00
00
00
00
00
00
00
00
00
00
ff
00
ff
00
00
00
// 0x00002f70
00
00
00
00
ff
ff
ff
00
00
ff
00
00
00
00
00
00
// 0x00002f80
00
00
00
00
00
00
00
00
00
00
ff
ff
ff
ff
00
ff
// 0x00002f90
00
00
00
ff
00
ff
00
00
00
00
ff
ff
ff
ff
00
00
// 0x00002fa0
00
00
00
00
00
00
00
00
00
00
00
00
00
00
00
00
// 0x00002fb0
00
00
00
00
00
00
00
00
00
00
00
00
00
00
00
00
// 0x00002fc0
00
00
00
00
00
00
00
00
00
00
00
00
00
00
00
00
// 0x00002fd0
00
00
00
00
00
00
00
00
00
00
00
00
00
00
00
00
// 0x00002fe0
00
00
00
00
00
00
00
00
00
00
00
00
00
00
00
00
// 0x00002ff0
00
00
00
00
00
00
00
00
00
00
00
00
00
00
00
00
// 0x00003000
00
00
00
00
00
00
00
00
00
00
00
00
00
00
00
00
// 0x00003010
00
00
00
00
00
00
00
00
00
00
00
00
00
00
00
00
// 0x00003020
00
00
00
00
00
00
00
00
00
00
00
00
00
00
00
00
// 0x00003030
00
00
00
00
00
00
00
00
00
00
00
00
00
00
00
00
// 0x00003040
00
00
00
00
00
00
00
00
00
00
00
00
00
00
00
00
// 0x00003050
00
00
00
00
00
00
00
00
00
00
00
ff
ff
ff
ff
00
// 0x00003060
00
00
00
00
00
00
00
00
00
00
00
ff
00
00
00
00
// 0x00003070
00
00
00
ff
ff
ff
00
00
ff
00
00
00
00
00
00
00
// 0x00003080
00
00
00
00
00
00
00
00
00
00
ff
ff
ff
ff
00
00
// 0x00003090
ff
00
00
ff
ff
ff
ff
00
00
00
00
ff
ff
ff
ff
00
// 0x000030a0
00
00
00
00
00
00
00
00
00
00
00
00
00
00
00
00
// 0x000030b0
00
00
00
00
00
00
00
00
00
00
00
00
00
00
00
00
// 0x000030c0
00
00
00
00
00
00
00
00
00
00
00
00
00
00
00
00
// 0x000030d0
00
00
00
00
00
00
00
00
00
00
00
00
00
00
00
00
// 0x000030e0
00
00
00
00
00
00
00
00
00
00
00
00
00
00
00
00
// 0x000030f0
00
00
00
00
00
00
00
00
00
00
00
00
00
00
00
00
// 0x00003100
00
00
00
00
00
00
00
00
00
00
00
00
00
00
00
00
// 0x00003110
00
00
00
00
00
00
00
00
00
00
00
00
00
00
00
00
// 0x00003120
00
00
00
00
00
00
00
00
00
00
00
00
00
00
00
00
// 0x00003130
00
00
00
00
00
00
00
00
00
00
00
00
00
00
00
00
// 0x00003140
00
00
00
00
00
00
00
00
00
00
00
00
00
00
00
00
// 0x00003150
00
00
00
00
00
00
00
00
00
00
00
ff
ff
ff
00
00
// 0x00003160
00
00
00
00
00
00
00
00
00
00
00
00
00
00
00
00
// 0x00003170
ff
ff
00
ff
ff
00
ff
ff
ff
00
00
00
00
00
00
00
// 0x00003180
00
00
00
00
00
00
00
00
00
ff
ff
ff
00
ff
ff
00
// 0x00003190
00
ff
00
00
ff
00
ff
00
00
00
00
00
ff
ff
ff
ff
// 0x000031a0
00
00
00
00
00
00
00
00
00
00
00
00
00
00
00
00
// 0x000031b0
00
00
00
00
00
00
00
00
00
00
00
00
00
00
00
00
// 0x000031c0
00
00
00
00
00
00
00
00
00
00
00
00
00
00
00
00
// 0x000031d0
00
00
00
00
00
00
00
00
00
00
00
00
00
00
00
00
// 0x000031e0
00
00
00
00
00
00
00
00
00
00
00
00
00
00
00
00
// 0x000031f0
00
00
00
00
00
00
00
00
00
00
00
00
00
00
00
00
// 0x00003200
00
00
00
00
00
00
00
00
00
00
00
00
00
00
00
00
// 0x00003210
00
00
00
00
00
00
00
00
00
00
00
00
00
00
00
00
// 0x00003220
00
00
00
00
00
00
00
00
00
00
00
00
00
00
00
00
// 0x00003230
00
00
00
00
00
00
00
00
00
00
00
00
00
00
00
00
// 0x00003240
00
00
00
00
00
00
00
00
00
00
00
00
00
00
00
00
// 0x00003250
00
00
00
00
00
00
00
00
00
00
ff
ff
ff
ff
00
00
// 0x00003260
00
00
00
00
00
00
00
00
00
00
00
00
00
00
00
00
// 0x00003270
ff
00
00
ff
ff
ff
ff
ff
ff
00
00
00
00
00
00
00
// 0x00003280
00
00
ff
00
ff
00
00
00
00
ff
ff
00
ff
00
ff
ff
// 0x00003290
00
ff
00
00
ff
ff
ff
ff
00
00
00
00
ff
ff
ff
ff
// 0x000032a0
ff
00
00
00
00
00
00
00
00
00
00
00
00
00
00
00
// 0x000032b0
00
00
00
00
00
00
00
00
00
00
00
00
00
00
00
00
// 0x000032c0
00
00
00
00
00
00
00
00
00
00
00
00
00
00
00
00
// 0x000032d0
00
00
00
00
00
00
00
00
00
00
00
00
00
00
00
00
// 0x000032e0
00
00
00
00
00
00
00
00
00
00
00
00
00
00
00
00
// 0x000032f0
00
00
00
00
00
00
00
00
00
00
00
00
00
00
00
00
// 0x00003300
00
00
00
00
00
00
00
00
00
00
00
00
00
00
00
00
// 0x00003310
00
00
00
00
00
00
00
00
00
00
00
00
00
00
00
00
// 0x00003320
00
00
00
00
00
00
00
00
00
00
00
00
00
00
00
00
// 0x00003330
00
00
00
00
00
00
00
00
00
00
00
00
00
00
00
00
// 0x00003340
00
00
00
00
00
00
00
00
00
00
00
00
00
00
00
00
// 0x00003350
00
00
00
00
00
00
00
00
00
ff
ff
ff
ff
00
00
00
// 0x00003360
00
00
00
00
00
00
00
00
00
00
00
00
00
00
00
ff
// 0x00003370
ff
ff
00
ff
ff
ff
ff
ff
00
00
00
00
00
00
00
00
// 0x00003380
00
00
00
00
00
00
00
00
00
ff
ff
ff
00
ff
00
ff
// 0x00003390
ff
00
ff
00
00
ff
ff
ff
ff
ff
00
00
00
ff
ff
ff
// 0x000033a0
ff
00
00
00
00
00
00
00
00
00
00
00
00
00
00
00
// 0x000033b0
00
00
00
00
00
00
00
00
00
00
00
00
00
00
00
00
// 0x000033c0
00
00
00
00
00
00
00
00
00
00
00
00
00
00
00
00
// 0x000033d0
00
00
00
00
00
00
00
00
00
00
00
00
00
00
00
00
// 0x000033e0
00
00
00
00
00
00
00
00
00
00
00
00
00
00
00
00
// 0x000033f0
00
00
00
00
00
00
00
00
00
00
00
00
00
00
00
00
// 0x00003400
00
00
00
00
00
00
00
00
00
00
00
00
00
00
00
00
// 0x00003410
00
00
00
00
00
00
00
00
00
00
00
00
00
00
00
00
// 0x00003420
00
00
00
00
00
00
00
00
00
00
00
00
00
00
00
00
// 0x00003430
00
00
00
00
00
00
00
00
00
00
00
00
00
00
00
00
// 0x00003440
00
00
00
00
00
00
00
00
00
00
00
00
00
00
00
00
// 0x00003450
00
00
00
00
00
00
00
00
00
ff
ff
ff
00
00
00
00
// 0x00003460
00
00
00
00
00
00
00
ff
00
ff
00
00
00
00
ff
ff
// 0x00003470
00
ff
ff
ff
00
ff
ff
ff
00
00
00
00
00
00
00
00
// 0x00003480
00
00
00
00
00
00
00
00
ff
ff
ff
00
00
00
00
00
// 0x00003490
ff
ff
00
ff
ff
00
ff
00
ff
ff
ff
00
00
00
ff
ff
// 0x000034a0
ff
ff
00
00
00
00
00
00
00
00
00
00
00
00
00
00
// 0x000034b0
00
00
00
00
00
00
00
00
00
00
00
00
00
00
00
00
// 0x000034c0
00
00
00
00
00
00
00
00
00
00
00
00
00
00
00
00
// 0x000034d0
00
00
00
00
00
00
00
00
00
00
00
00
00
00
00
00
// 0x000034e0
00
00
00
00
00
00
00
00
00
00
00
00
00
00
00
00
// 0x000034f0
00
00
00
00
00
00
00
00
00
00
00
00
00
00
00
00
// 0x00003500
00
00
00
00
00
00
00
00
00
00
00
00
00
00
00
00
// 0x00003510
00
00
00
00
00
00
00
00
00
00
00
00
00
00
00
00
// 0x00003520
00
00
00
00
00
00
00
00
00
00
00
00
00
00
00
00
// 0x00003530
00
00
00
00
00
00
00
00
00
00
00
00
00
00
00
00
// 0x00003540
00
00
00
00
00
00
00
00
00
00
00
00
00
00
00
00
// 0x00003550
00
00
00
00
00
00
00
00
ff
ff
ff
ff
00
00
00
00
// 0x00003560
00
00
00
00
00
00
00
00
ff
ff
00
00
00
00
ff
ff
// 0x00003570
ff
ff
ff
ff
ff
ff
ff
00
00
00
00
00
00
00
00
00
// 0x00003580
ff
00
00
00
00
00
00
00
ff
00
ff
ff
00
00
ff
00
// 0x00003590
00
ff
00
00
ff
ff
00
ff
00
ff
ff
ff
00
00
00
ff
// 0x000035a0
ff
ff
ff
00
00
00
00
00
00
00
00
00
00
00
00
00
// 0x000035b0
00
00
00
00
00
00
00
00
00
00
00
00
00
00
00
00
// 0x000035c0
00
00
00
00
00
00
00
00
00
00
00
00
00
00
00
00
// 0x000035d0
00
00
00
00
00
00
00
00
00
00
00
00
00
00
00
00
// 0x000035e0
00
00
00
00
00
00
00
00
00
00
00
00
00
00
00
00
// 0x000035f0
00
00
00
00
00
00
00
00
00
00
00
00
00
00
00
00
// 0x00003600
00
00
00
00
00
00
00
00
00
00
00
00
00
00
00
00
// 0x00003610
00
00
00
00
00
00
00
00
00
00
00
00
00
00
00
00
// 0x00003620
00
00
00
00
00
00
00
00
00
00
00
00
00
00
00
00
// 0x00003630
00
00
00
00
00
00
00
00
00
00
00
00
00
00
00
00
// 0x00003640
00
00
00
00
00
00
00
00
00
00
00
00
00
00
00
00
// 0x00003650
00
00
00
00
00
00
00
ff
ff
ff
ff
00
00
00
00
00
// 0x00003660
00
00
00
00
00
00
00
00
ff
00
00
00
00
ff
ff
ff
// 0x00003670
00
ff
ff
ff
ff
ff
00
00
00
00
00
00
00
00
00
ff
// 0x00003680
00
00
00
00
00
00
00
00
ff
00
00
ff
00
00
00
ff
// 0x00003690
00
ff
ff
00
00
00
00
ff
ff
00
00
ff
ff
00
00
00
// 0x000036a0
ff
ff
ff
ff
00
00
00
00
00
00
00
00
00
00
00
00
// 0x000036b0
00
00
00
00
00
00
00
00
00
00
00
00
00
00
00
00
// 0x000036c0
00
00
00
00
00
00
00
00
00
00
00
00
00
00
00
00
// 0x000036d0
00
00
00
00
00
00
00
00
00
00
00
00
00
00
00
00
// 0x000036e0
00
00
00
00
00
00
00
00
00
00
00
00
00
00
00
00
// 0x000036f0
00
00
00
00
00
00
00
00
00
00
00
00
00
00
00
00
// 0x00003700
00
00
00
00
00
00
00
00
00
00
00
00
00
00
00
00
// 0x00003710
00
00
00
00
00
00
00
00
00
00
00
00
00
00
00
00
// 0x00003720
00
00
00
00
00
00
00
00
00
00
00
00
00
00
00
00
// 0x00003730
00
00
00
00
00
00
00
00
00
00
00
00
00
00
00
00
// 0x00003740
00
00
00
00
00
00
00
00
00
00
00
00
00
00
00
00
// 0x00003750
00
00
00
00
00
00
00
ff
ff
ff
00
00
00
00
00
00
// 0x00003760
00
00
00
00
00
00
00
ff
ff
00
00
00
ff
ff
00
ff
// 0x00003770
ff
ff
ff
ff
ff
ff
00
00
00
00
00
00
00
00
ff
00
// 0x00003780
ff
00
00
00
00
00
00
00
ff
ff
ff
00
ff
00
00
ff
// 0x00003790
ff
00
ff
ff
00
00
ff
00
ff
ff
00
ff
ff
00
00
00
// 0x000037a0
00
ff
ff
ff
ff
00
00
00
00
00
00
00
00
00
00
00
// 0x000037b0
00
00
00
00
00
00
00
00
00
00
00
00
00
00
00
00
// 0x000037c0
00
00
00
00
00
00
00
00
00
00
00
00
00
00
00
00
// 0x000037d0
00
00
00
00
00
00
00
00
00
00
00
00
00
00
00
00
// 0x000037e0
00
00
00
00
00
00
00
00
00
00
00
00
00
00
00
00
// 0x000037f0
00
00
00
00
00
00
00
00
00
00
00
00
00
00
00
00
// 0x00003800
00
00
00
00
00
00
00
00
00
00
00
00
00
00
00
00
// 0x00003810
00
00
00
00
00
00
00
00
00
00
00
00
00
00
00
00
// 0x00003820
00
00
00
00
00
00
00
00
00
00
00
00
00
00
00
00
// 0x00003830
00
00
00
00
00
00
00
00
00
00
00
00
00
00
00
00
// 0x00003840
00
00
00
00
00
00
00
00
00
00
00
00
00
00
00
00
// 0x00003850
00
00
00
00
00
00
ff
ff
ff
00
00
00
00
00
00
00
// 0x00003860
00
00
00
00
00
00
00
00
00
00
00
ff
ff
00
ff
ff
// 0x00003870
ff
ff
ff
ff
ff
00
00
00
00
00
00
00
00
00
00
00
// 0x00003880
00
00
00
00
00
00
00
00
ff
ff
ff
ff
ff
ff
00
00
// 0x00003890
ff
ff
ff
ff
00
00
ff
ff
00
ff
ff
00
ff
ff
00
00
// 0x000038a0
00
00
ff
ff
ff
ff
00
00
00
00
00
00
00
00
00
00
// 0x000038b0
00
00
00
00
00
00
00
00
00
00
00
00
00
00
00
00
// 0x000038c0
00
00
00
00
00
00
00
00
00
00
00
00
00
00
00
00
// 0x000038d0
00
00
00
00
00
00
00
00
00
00
00
00
00
00
00
00
// 0x000038e0
00
00
00
00
00
00
00
00
00
00
00
00
00
00
00
00
// 0x000038f0
00
00
00
00
00
00
00
00
00
00
00
00
00
00
00
00
// 0x00003900
00
00
00
00
00
00
00
00
00
00
00
00
00
00
00
00
// 0x00003910
00
00
00
00
00
00
00
00
00
00
00
00
00
00
00
00
// 0x00003920
00
00
00
00
00
00
00
00
00
00
00
00
00
00
00
00
// 0x00003930
00
00
00
00
00
00
00
00
00
00
00
00
00
00
00
00
// 0x00003940
00
00
00
00
00
00
00
00
00
00
00
00
00
00
00
00
// 0x00003950
00
00
00
00
00
ff
ff
ff
ff
00
00
00
00
00
00
00
// 0x00003960
00
00
00
00
00
00
00
00
00
00
00
ff
ff
ff
ff
00
// 0x00003970
00
00
00
00
00
00
00
00
00
00
00
00
00
ff
00
ff
// 0x00003980
00
00
00
00
00
00
00
00
ff
ff
ff
ff
00
ff
ff
00
// 0x00003990
ff
ff
00
ff
ff
ff
ff
ff
ff
ff
00
00
00
ff
ff
00
// 0x000039a0
00
00
00
ff
ff
ff
ff
00
00
00
00
00
00
00
00
00
// 0x000039b0
00
00
00
00
00
00
00
00
00
00
00
00
00
00
00
00
// 0x000039c0
00
00
00
00
00
00
00
00
00
00
00
00
00
00
00
00
// 0x000039d0
00
00
00
00
00
00
00
00
00
00
00
00
00
00
00
00
// 0x000039e0
00
00
00
00
00
00
00
00
00
00
00
00
00
00
00
00
// 0x000039f0
00
00
00
00
00
00
00
00
00
00
00
00
00
00
00
00
// 0x00003a00
00
00
00
00
00
00
00
00
00
00
00
00
00
00
00
00
// 0x00003a10
00
00
00
00
00
00
00
00
00
00
00
00
00
00
00
00
// 0x00003a20
00
00
00
00
00
00
00
00
00
00
00
00
00
00
00
00
// 0x00003a30
00
00
00
00
00
00
00
00
00
00
00
00
00
00
00
00
// 0x00003a40
00
00
00
00
00
00
00
00
00
00
00
00
00
00
00
00
// 0x00003a50
00
00
00
00
00
ff
ff
ff
00
00
00
00
00
00
00
00
// 0x00003a60
00
00
00
00
00
00
00
00
00
00
ff
ff
ff
ff
00
00
// 0x00003a70
00
00
00
00
00
00
00
00
00
00
00
00
ff
00
ff
00
// 0x00003a80
00
00
00
00
00
00
00
00
ff
ff
00
ff
ff
00
ff
00
// 0x00003a90
00
ff
ff
00
ff
ff
00
ff
ff
00
ff
00
ff
ff
00
ff
// 0x00003aa0
00
00
00
00
ff
ff
ff
00
00
00
00
00
00
00
00
00
// 0x00003ab0
00
00
00
00
00
00
00
00
00
00
00
00
00
00
00
00
// 0x00003ac0
00
00
00
00
00
00
00
00
00
00
00
00
00
00
00
00
// 0x00003ad0
00
00
00
00
00
00
00
00
00
00
00
00
00
00
00
00
// 0x00003ae0
00
00
00
00
00
00
00
00
00
00
00
00
00
00
00
00
// 0x00003af0
00
00
00
00
00
00
00
00
00
00
00
00
00
00
00
00
// 0x00003b00
00
00
00
00
00
00
00
00
00
00
00
00
00
00
00
00
// 0x00003b10
00
00
00
00
00
00
00
00
00
00
00
00
00
00
00
00
// 0x00003b20
00
00
00
00
00
00
00
00
00
00
00
00
00
00
00
00
// 0x00003b30
00
00
00
00
00
00
00
00
00
00
00
00
00
00
00
00
// 0x00003b40
00
00
00
00
00
00
00
00
00
00
00
00
00
00
00
00
// 0x00003b50
00
00
00
00
ff
ff
ff
00
00
00
00
00
00
00
00
00
// 0x00003b60
00
00
00
00
00
00
00
ff
00
ff
ff
ff
ff
00
ff
ff
// 0x00003b70
00
00
00
00
00
00
00
00
00
00
00
ff
00
ff
00
00
// 0x00003b80
00
00
00
00
ff
00
00
00
ff
ff
ff
ff
ff
ff
ff
00
// 0x00003b90
00
00
ff
ff
ff
ff
00
ff
ff
00
ff
00
ff
00
00
ff
// 0x00003ba0
00
00
00
00
00
ff
ff
ff
00
00
00
00
00
00
00
00
// 0x00003bb0
00
00
00
00
00
00
00
00
00
00
00
00
00
00
00
00
// 0x00003bc0
00
00
00
00
00
00
00
00
00
00
00
00
00
00
00
00
// 0x00003bd0
00
00
00
00
00
00
00
00
00
00
00
00
00
00
00
00
// 0x00003be0
00
00
00
00
00
00
00
00
00
00
00
00
00
00
00
00
// 0x00003bf0
00
00
00
00
00
00
00
00
00
00
00
00
00
00
00
00
// 0x00003c00
00
00
00
00
00
00
00
00
00
00
00
00
00
00
00
00
// 0x00003c10
00
00
00
00
00
00
00
00
00
00
00
00
00
00
00
00
// 0x00003c20
00
00
00
00
00
00
00
00
00
00
00
00
00
00
00
00
// 0x00003c30
00
00
00
00
00
00
00
00
00
00
00
00
00
00
00
00
// 0x00003c40
00
00
00
00
00
00
00
00
00
00
00
00
00
00
00
00
// 0x00003c50
00
00
00
ff
ff
ff
ff
00
00
00
00
00
00
00
00
00
// 0x00003c60
00
00
00
00
00
00
00
ff
ff
ff
ff
ff
ff
ff
00
ff
// 0x00003c70
00
00
00
00
00
00
00
00
00
00
ff
00
ff
00
00
00
// 0x00003c80
00
00
00
ff
00
ff
ff
00
00
ff
ff
ff
ff
00
ff
ff
// 0x00003c90
00
00
00
ff
00
ff
ff
00
ff
ff
00
00
00
ff
00
ff
// 0x00003ca0
ff
00
00
00
00
ff
ff
ff
ff
00
00
00
00
00
00
00
// 0x00003cb0
00
00
00
00
00
00
00
00
00
00
00
00
00
00
00
00
// 0x00003cc0
00
00
00
00
00
00
00
00
00
00
00
00
00
00
00
00
// 0x00003cd0
00
00
00
00
00
00
00
00
00
00
00
00
00
00
00
00
// 0x00003ce0
00
00
00
00
00
00
00
00
00
00
00
00
00
00
00
00
// 0x00003cf0
00
00
00
00
00
00
00
00
00
00
00
00
00
00
00
00
// 0x00003d00
00
00
00
00
00
00
00
00
00
00
00
00
00
00
00
00
// 0x00003d10
00
00
00
00
00
00
00
00
00
00
00
00
00
00
00
00
// 0x00003d20
00
00
00
00
00
00
00
00
00
00
00
00
00
00
00
00
// 0x00003d30
00
00
00
00
00
00
00
00
00
00
00
00
00
00
00
00
// 0x00003d40
00
00
00
00
00
00
00
00
00
00
00
00
00
00
00
00
// 0x00003d50
00
00
00
ff
ff
ff
00
00
00
00
00
00
00
00
00
00
// 0x00003d60
ff
00
00
00
00
00
00
00
ff
ff
ff
ff
00
ff
ff
ff
// 0x00003d70
00
00
00
00
00
00
00
00
00
00
00
ff
ff
00
ff
00
// 0x00003d80
00
00
00
00
00
ff
00
00
00
ff
ff
00
ff
00
00
00
// 0x00003d90
00
ff
ff
ff
ff
ff
ff
00
ff
ff
00
00
00
00
00
00
// 0x00003da0
ff
00
00
00
00
00
ff
ff
ff
ff
00
00
00
00
00
00
// 0x00003db0
00
00
00
00
00
00
00
00
00
00
00
00
00
00
00
00
// 0x00003dc0
00
00
00
00
00
00
00
00
00
00
00
00
00
00
00
00
// 0x00003dd0
00
00
00
00
00
00
00
00
00
00
00
00
00
00
00
00
// 0x00003de0
00
00
00
00
00
00
00
00
00
00
00
00
00
00
00
00
// 0x00003df0
00
00
00
00
00
00
00
00
00
00
00
00
00
00
00
00
// 0x00003e00
00
00
00
00
00
00
00
00
00
00
00
00
00
00
00
00
// 0x00003e10
00
00
00
00
00
00
00
00
00
00
00
00
00
00
00
00
// 0x00003e20
00
00
00
00
00
00
00
00
00
00
00
00
00
00
00
00
// 0x00003e30
00
00
00
00
00
00
00
00
00
00
00
00
00
00
00
00
// 0x00003e40
00
00
00
00
00
00
00
00
00
00
00
00
00
00
00
00
// 0x00003e50
00
00
ff
ff
ff
00
00
00
00
00
00
00
00
00
00
00
// 0x00003e60
00
00
00
00
00
00
00
ff
ff
00
ff
ff
00
00
00
00
// 0x00003e70
00
00
00
00
00
00
00
00
00
00
00
ff
00
ff
00
ff
// 0x00003e80
ff
00
ff
00
00
00
00
00
00
ff
ff
ff
ff
ff
00
ff
// 0x00003e90
ff
00
ff
00
ff
00
ff
ff
00
ff
00
00
00
ff
00
00
// 0x00003ea0
ff
ff
00
00
00
00
00
ff
ff
ff
ff
ff
00
00
00
00
// 0x00003eb0
00
00
00
00
00
00
00
00
00
00
00
00
00
00
00
00
// 0x00003ec0
00
00
00
00
00
00
00
00
00
00
00
00
00
00
00
00
// 0x00003ed0
00
00
00
00
00
00
00
00
00
00
00
00
00
00
00
00
// 0x00003ee0
00
00
00
00
00
00
00
00
00
00
00
00
00
00
00
00
// 0x00003ef0
00
00
00
00
00
00
00
00
00
00
00
00
00
00
00
00
// 0x00003f00
00
00
00
00
00
00
00
00
00
00
00
00
00
00
00
00
// 0x00003f10
00
00
00
00
00
00
00
00
00
00
00
00
00
00
00
00
// 0x00003f20
00
00
00
00
00
00
00
00
00
00
00
00
00
00
00
00
// 0x00003f30
00
00
00
00
00
00
00
00
00
00
00
00
00
00
00
00
// 0x00003f40
00
00
00
00
00
00
00
00
00
00
00
00
00
00
00
00
// 0x00003f50
00
ff
ff
ff
ff
00
00
00
00
00
00
00
00
00
00
ff
// 0x00003f60
00
00
00
00
00
00
00
ff
ff
ff
ff
00
00
00
00
00
// 0x00003f70
00
00
00
00
00
00
00
00
ff
00
ff
00
ff
00
00
ff
// 0x00003f80
00
ff
00
00
00
00
00
00
00
00
ff
ff
00
ff
ff
00
// 0x00003f90
00
ff
ff
ff
00
ff
00
ff
00
ff
00
00
00
ff
00
ff
// 0x00003fa0
00
ff
ff
00
00
00
ff
00
ff
ff
ff
ff
ff
00
00
00
// 0x00003fb0
00
00
00
00
00
00
00
00
00
00
00
00
00
00
00
00
// 0x00003fc0
00
00
00
00
00
00
00
00
00
00
00
00
00
00
00
00
// 0x00003fd0
00
00
00
00
00
00
00
00
00
00
00
00
00
00
00
00
// 0x00003fe0
00
00
00
00
00
00
00
00
00
00
00
00
00
00
00
00
// 0x00003ff0
00
00
00
00
00
00
00
00
00
00
00
00
00
00
00
00
// 0x00004000
00
00
00
00
00
00
00
00
00
00
00
00
00
00
00
00
// 0x00004010
00
00
00
00
00
00
00
00
00
00
00
00
00
00
00
00
// 0x00004020
00
00
00
00
00
00
00
00
00
00
00
00
00
00
00
00
// 0x00004030
00
00
00
00
00
00
00
00
00
00
00
00
00
00
00
00
// 0x00004040
00
00
00
00
00
00
00
00
00
00
00
00
00
00
00
00
// 0x00004050
00
ff
ff
ff
00
00
00
00
00
00
00
00
00
00
ff
00
// 0x00004060
00
00
00
00
00
00
ff
ff
ff
ff
00
00
00
00
00
00
// 0x00004070
00
00
00
00
00
00
00
ff
00
ff
ff
00
00
00
ff
00
// 0x00004080
ff
ff
00
ff
ff
00
00
00
00
00
ff
ff
00
ff
ff
ff
// 0x00004090
00
ff
00
00
ff
ff
ff
ff
ff
00
00
00
00
ff
00
ff
// 0x000040a0
00
ff
ff
00
00
00
00
ff
00
ff
ff
ff
ff
ff
00
00
// 0x000040b0
00
00
00
00
00
00
00
00
00
00
00
00
00
00
00
00
// 0x000040c0
00
00
00
00
00
00
00
00
00
00
00
00
00
00
00
00
// 0x000040d0
00
00
00
00
00
00
00
00
00
00
00
00
00
00
00
00
// 0x000040e0
00
00
00
00
00
00
00
00
00
00
00
00
00
00
00
00
// 0x000040f0
00
00
00
00
00
00
00
00
00
00
00
00
00
00
00
00
// 0x00004100
00
00
00
00
00
00
00
00
00
00
00
00
00
00
00
00
// 0x00004110
00
00
00
00
00
00
00
00
00
00
00
00
00
00
00
00
// 0x00004120
00
00
00
00
00
00
00
00
00
00
00
00
00
00
00
00
// 0x00004130
00
00
00
00
00
00
00
00
00
00
00
00
00
00
00
00
// 0x00004140
00
00
00
00
00
00
00
00
00
00
00
00
00
00
00
00
// 0x00004150
ff
ff
ff
00
00
00
00
00
00
00
00
00
00
ff
00
00
// 0x00004160
00
00
00
00
00
ff
ff
00
ff
ff
00
00
00
00
00
00
// 0x00004170
00
00
00
00
00
00
ff
00
ff
ff
00
ff
00
ff
00
00
// 0x00004180
ff
00
ff
ff
00
00
00
00
00
00
ff
ff
ff
00
ff
00
// 0x00004190
ff
ff
00
00
ff
ff
ff
ff
ff
ff
00
00
00
ff
ff
00
// 0x000041a0
ff
00
ff
ff
00
00
00
00
00
00
ff
ff
ff
ff
ff
00
// 0x000041b0
00
00
00
00
00
00
00
00
00
00
00
00
00
00
00
00
// 0x000041c0
00
00
00
00
00
00
00
00
00
00
00
00
00
00
00
00
// 0x000041d0
00
00
00
00
00
00
00
00
00
00
00
00
00
00
00
00
// 0x000041e0
00
00
00
00
00
00
00
00
00
00
00
00
00
00
00
00
// 0x000041f0
00
00
00
00
00
00
00
00
00
00
00
00
00
00
00
00
// 0x00004200
00
00
00
00
00
00
00
00
00
00
00
00
00
00
00
00
// 0x00004210
00
00
00
00
00
00
00
00
00
00
00
00
00
00
00
00
// 0x00004220
00
00
00
00
00
00
00
00
00
00
00
00
00
00
00
00
// 0x00004230
00
00
00
00
00
00
00
00
00
00
00
00
00
00
00
00
// 0x00004240
00
00
00
00
00
00
00
00
00
00
00
00
00
00
00
ff
// 0x00004250
ff
ff
ff
00
00
00
00
00
00
00
00
00
00
ff
00
00
// 0x00004260
00
00
00
00
00
ff
ff
ff
ff
00
00
00
00
00
00
00
// 0x00004270
00
00
00
00
00
00
00
00
ff
00
ff
00
ff
ff
00
ff
// 0x00004280
00
00
ff
00
00
00
00
00
00
00
00
ff
ff
ff
00
ff
// 0x00004290
ff
00
ff
00
ff
ff
00
ff
00
ff
ff
00
00
00
ff
ff
// 0x000042a0
00
00
00
ff
ff
00
00
00
00
ff
ff
ff
ff
ff
ff
ff
// 0x000042b0
00
00
00
00
00
00
00
00
00
00
00
00
00
00
00
00
// 0x000042c0
00
00
00
00
00
00
00
00
00
00
00
00
00
00
00
00
// 0x000042d0
00
00
00
00
00
00
00
00
00
00
00
00
00
00
00
00
// 0x000042e0
00
00
00
00
00
00
00
00
00
00
00
00
00
00
00
00
// 0x000042f0
00
00
00
00
00
00
00
00
00
00
00
00
00
00
00
00
// 0x00004300
00
00
00
00
00
00
00
00
00
00
00
00
00
00
00
00
// 0x00004310
00
00
00
00
00
00
00
00
00
00
00
00
00
00
00
00
// 0x00004320
00
00
00
00
00
00
00
00
00
00
00
00
00
00
00
00
// 0x00004330
00
00
00
00
00
00
00
00
00
00
00
00
00
00
00
00
// 0x00004340
00
00
00
00
00
00
00
00
00
00
00
00
00
00
ff
ff
// 0x00004350
ff
ff
00
00
00
00
00
00
00
00
00
00
ff
00
00
00
// 0x00004360
00
00
00
00
ff
ff
ff
ff
ff
00
00
00
00
00
00
00
// 0x00004370
00
00
00
00
00
00
00
ff
ff
00
ff
00
ff
00
ff
00
// 0x00004380
00
ff
00
00
00
00
00
00
00
00
00
00
ff
ff
ff
ff
// 0x00004390
ff
00
00
00
ff
ff
ff
ff
ff
00
ff
00
00
00
00
ff
// 0x000043a0
00
ff
00
00
ff
00
00
00
00
ff
ff
ff
ff
ff
ff
ff
// 0x000043b0
ff
00
00
00
00
00
00
00
00
00
00
00
00
00
00
00
// 0x000043c0
00
00
00
00
00
00
00
00
00
00
00
00
00
00
00
00
// 0x000043d0
00
00
00
00
00
00
00
00
00
00
00
00
00
00
00
00
// 0x000043e0
00
00
00
00
00
00
00
00
00
00
00
00
00
00
00
00
// 0x000043f0
00
00
00
00
00
00
00
00
00
00
00
00
00
00
00
00
// 0x00004400
00
00
00
00
00
00
00
00
00
00
00
00
00
00
00
00
// 0x00004410
00
00
00
00
00
00
00
00
00
00
00
00
00
00
00
00
// 0x00004420
00
00
00
00
00
00
00
00
00
00
00
00
00
00
00
00
// 0x00004430
00
00
00
00
00
00
00
00
00
00
00
00
00
00
00
00
// 0x00004440
00
00
00
00
00
00
00
00
00
00
00
00
00
00
ff
ff
// 0x00004450
ff
00
00
00
00
00
00
00
00
00
00
ff
00
00
00
00
// 0x00004460
00
00
00
ff
ff
00
ff
ff
00
00
00
00
00
00
00
00
// 0x00004470
00
00
00
00
00
00
ff
ff
00
ff
00
ff
00
ff
ff
00
// 0x00004480
00
00
00
00
00
00
00
00
00
00
00
00
ff
ff
ff
00
// 0x00004490
ff
ff
00
00
ff
00
ff
ff
ff
ff
ff
ff
00
00
00
00
// 0x000044a0
ff
00
ff
00
ff
ff
00
00
ff
00
ff
ff
00
ff
ff
ff
// 0x000044b0
ff
00
00
00
00
00
00
00
00
00
00
00
00
00
00
00
// 0x000044c0
00
00
00
00
00
00
00
00
00
00
00
00
00
00
00
00
// 0x000044d0
00
00
00
00
00
00
00
00
00
00
00
00
00
00
00
00
// 0x000044e0
00
00
00
00
00
00
00
00
00
00
00
00
00
00
00
00
// 0x000044f0
00
00
00
00
00
00
00
00
00
00
00
00
00
00
00
00
// 0x00004500
00
00
00
00
00
00
00
00
00
00
00
00
00
00
00
00
// 0x00004510
00
00
00
00
00
00
00
00
00
00
00
00
00
00
00
00
// 0x00004520
00
00
00
00
00
00
00
00
00
00
00
00
00
00
00
00
// 0x00004530
00
00
00
00
00
00
00
00
00
00
00
00
00
00
00
00
// 0x00004540
00
00
00
00
00
00
00
00
00
00
00
00
00
ff
ff
ff
// 0x00004550
ff
00
00
00
00
00
00
00
00
00
00
00
00
00
00
00
// 0x00004560
00
00
ff
ff
00
ff
ff
00
00
00
00
00
00
00
00
00
// 0x00004570
00
00
00
00
00
00
ff
00
ff
00
00
ff
00
ff
00
00
// 0x00004580
00
00
00
00
00
00
00
00
00
00
00
00
ff
ff
00
00
// 0x00004590
ff
ff
ff
ff
00
ff
ff
ff
ff
ff
00
ff
ff
ff
00
00
// 0x000045a0
ff
ff
00
00
00
ff
ff
00
00
ff
00
ff
ff
00
ff
ff
// 0x000045b0
ff
ff
00
00
00
00
00
00
00
00
00
00
00
00
00
00
// 0x000045c0
00
00
00
00
00
00
00
00
00
00
00
00
00
00
00
00
// 0x000045d0
00
00
00
00
00
00
00
00
00
00
00
00
00
00
00
00
// 0x000045e0
00
00
00
00
00
00
00
00
00
00
00
00
00
00
00
00
// 0x000045f0
00
00
00
00
00
00
00
00
00
00
00
00
00
00
00
00
// 0x00004600
00
00
00
00
00
00
00
00
00
00
00
00
00
00
00
00
// 0x00004610
00
00
00
00
00
00
00
00
00
00
00
00
00
00
00
00
// 0x00004620
00
00
00
00
00
00
00
00
00
00
00
00
00
00
00
00
// 0x00004630
00
00
00
00
00
00
00
00
00
00
00
00
00
00
00
00
// 0x00004640
00
00
00
00
00
00
00
00
00
00
00
00
ff
ff
ff
ff
// 0x00004650
00
00
00
00
00
00
00
00
00
00
00
00
00
00
00
00
// 0x00004660
00
00
ff
ff
ff
ff
ff
00
00
00
00
00
00
00
00
00
// 0x00004670
00
00
00
00
00
ff
ff
00
ff
00
ff
00
ff
00
ff
00
// 0x00004680
00
00
00
00
00
00
00
00
00
00
00
00
ff
ff
ff
00
// 0x00004690
00
ff
ff
ff
00
00
ff
00
ff
00
ff
00
ff
00
ff
00
// 0x000046a0
00
00
ff
00
00
00
ff
00
00
00
00
00
ff
ff
00
ff
// 0x000046b0
ff
ff
00
00
00
00
00
00
00
00
00
00
00
00
00
00
// 0x000046c0
00
00
00
00
00
00
00
00
00
00
00
00
00
00
00
00
// 0x000046d0
00
00
00
00
00
00
00
00
00
00
00
00
00
00
00
00
// 0x000046e0
00
00
00
00
00
00
00
00
00
00
00
00
00
00
00
00
// 0x000046f0
00
00
00
00
00
00
00
00
00
00
00
00
00
00
00
00
// 0x00004700
00
00
00
00
00
00
00
00
00
00
00
00
00
00
00
00
// 0x00004710
00
00
00
00
00
00
00
00
00
00
00
00
00
00
00
00
// 0x00004720
00
00
00
00
00
00
00
00
00
00
00
00
00
00
00
00
// 0x00004730
00
00
00
00
00
00
00
00
00
00
00
00
00
00
00
00
// 0x00004740
00
00
00
00
00
00
00
00
00
00
00
00
ff
ff
ff
00
// 0x00004750
00
00
00
00
00
00
00
00
00
00
00
00
00
00
00
00
// 0x00004760
00
ff
ff
00
ff
00
ff
00
00
00
00
00
00
00
00
00
// 0x00004770
00
00
00
00
ff
ff
00
ff
00
00
00
ff
00
ff
ff
00
// 0x00004780
00
00
00
00
00
00
00
00
00
00
00
00
00
ff
ff
ff
// 0x00004790
ff
00
ff
ff
00
ff
00
00
00
ff
ff
ff
ff
ff
00
ff
// 0x000047a0
00
00
ff
00
00
00
ff
ff
00
00
ff
00
ff
ff
00
ff
// 0x000047b0
ff
ff
ff
00
00
00
00
00
00
00
00
00
00
00
00
00
// 0x000047c0
00
00
00
00
00
00
00
00
00
00
00
00
00
00
00
00
// 0x000047d0
00
00
00
00
00
00
00
00
00
00
00
00
00
00
00
00
// 0x000047e0
00
00
00
00
00
00
00
00
00
00
00
00
00
00
00
00
// 0x000047f0
00
00
00
00
00
00
00
00
00
00
00
00
00
00
00
00
// 0x00004800
00
00
00
00
00
00
00
00
00
00
00
00
00
00
00
00
// 0x00004810
00
00
00
00
00
00
00
00
00
00
00
00
00
00
00
00
// 0x00004820
00
00
00
00
00
00
00
00
00
00
00
00
00
00
00
00
// 0x00004830
00
00
00
00
00
00
00
00
00
00
00
00
00
00
00
00
// 0x00004840
00
00
00
00
00
00
00
00
00
00
00
ff
ff
ff
ff
00
// 0x00004850
00
00
00
00
00
00
00
00
ff
00
00
00
00
00
00
00
// 0x00004860
00
ff
ff
ff
ff
ff
00
00
00
00
00
00
00
00
00
00
// 0x00004870
00
00
00
ff
ff
00
00
00
00
00
00
00
ff
ff
00
00
// 0x00004880
00
00
00
00
00
00
00
00
00
00
00
00
00
00
ff
ff
// 0x00004890
ff
00
ff
ff
00
00
00
00
00
ff
ff
ff
00
ff
ff
00
// 0x000048a0
00
00
00
00
00
00
00
ff
00
ff
ff
ff
00
ff
ff
00
// 0x000048b0
ff
ff
ff
ff
00
00
00
00
00
00
00
00
00
00
00
00
// 0x000048c0
00
00
00
00
00
00
00
00
00
00
00
00
00
00
00
00
// 0x000048d0
00
00
00
00
00
00
00
00
00
00
00
00
00
00
00
00
// 0x000048e0
00
00
00
00
00
00
00
00
00
00
00
00
00
00
00
00
// 0x000048f0
00
00
00
00
00
00
00
00
00
00
00
00
00
00
00
00
// 0x00004900
00
00
00
00
00
00
00
00
00
00
00
00
00
00
00
00
// 0x00004910
00
00
00
00
00
00
00
00
00
00
00
00
00
00
00
00
// 0x00004920
00
00
00
00
00
00
00
00
00
00
00
00
00
00
00
00
// 0x00004930
00
00
00
00
00
00
00
00
00
00
00
00
00
00
00
00
// 0x00004940
00
00
00
00
00
00
00
00
00
00
00
ff
ff
ff
00
00
// 0x00004950
00
00
00
00
00
00
00
ff
00
00
00
00
00
00
00
00
// 0x00004960
ff
ff
ff
ff
00
ff
00
00
00
00
00
00
00
00
00
00
// 0x00004970
00
00
00
ff
00
00
00
00
00
00
00
00
ff
00
00
00
// 0x00004980
00
00
00
00
00
00
00
00
00
00
00
00
00
00
00
ff
// 0x00004990
ff
00
00
ff
ff
00
00
ff
ff
ff
00
00
00
ff
ff
00
// 0x000049a0
00
00
00
00
ff
ff
ff
00
ff
00
00
ff
ff
00
ff
ff
// 0x000049b0
ff
ff
ff
ff
00
00
00
00
00
00
00
00
00
00
00
00
// 0x000049c0
00
00
00
00
00
00
00
00
00
00
00
00
00
00
00
00
// 0x000049d0
00
00
00
00
00
00
00
00
00
00
00
00
00
00
00
00
// 0x000049e0
00
00
00
00
00
00
00
00
00
00
00
00
00
00
00
00
// 0x000049f0
00
00
00
00
00
00
00
00
00
00
00
00
00
00
00
00
// 0x00004a00
00
00
00
00
00
00
00
00
00
00
00
00
00
00
00
00
// 0x00004a10
00
00
00
00
00
00
00
00
00
00
00
00
00
00
00
00
// 0x00004a20
00
00
00
00
00
00
00
00
00
00
00
00
00
00
00
00
// 0x00004a30
00
00
00
00
00
00
00
00
00
00
00
00
00
00
00
00
// 0x00004a40
00
00
00
00
00
00
00
00
00
00
ff
ff
ff
ff
00
00
// 0x00004a50
00
00
00
00
00
00
00
00
00
00
00
00
00
00
00
ff
// 0x00004a60
ff
00
ff
00
ff
00
00
00
00
00
00
00
00
00
00
00
// 0x00004a70
ff
00
ff
00
00
00
00
00
00
00
00
ff
00
00
00
00
// 0x00004a80
00
00
00
00
00
00
00
00
00
00
00
00
00
00
00
ff
// 0x00004a90
ff
ff
00
00
ff
ff
00
ff
ff
00
00
00
00
00
ff
ff
// 0x00004aa0
00
00
00
00
ff
ff
ff
ff
00
00
ff
00
ff
ff
00
ff
// 0x00004ab0
00
ff
ff
ff
ff
00
00
00
00
00
00
00
00
00
00
00
// 0x00004ac0
00
00
00
00
00
00
00
00
00
00
00
00
00
00
00
00
// 0x00004ad0
00
00
00
00
00
00
00
00
00
00
00
00
00
00
00
00
// 0x00004ae0
00
00
00
00
00
00
00
00
00
00
00
00
00
00
00
00
// 0x00004af0
00
00
00
00
00
00
00
00
00
00
00
00
00
00
00
00
// 0x00004b00
00
00
00
00
00
00
00
00
00
00
00
00
00
00
00
00
// 0x00004b10
00
00
00
00
00
00
00
00
00
00
00
00
00
00
00
00
// 0x00004b20
00
00
00
00
00
00
00
00
00
00
00
00
00
00
00
00
// 0x00004b30
00
00
00
00
00
00
00
00
00
00
00
00
00
00
00
00
// 0x00004b40
00
00
00
00
00
00
00
00
00
ff
ff
ff
ff
00
00
00
// 0x00004b50
00
00
00
00
00
00
00
00
00
00
00
00
00
00
00
ff
// 0x00004b60
ff
ff
ff
00
ff
00
00
00
00
00
00
00
00
00
00
ff
// 0x00004b70
00
ff
00
00
00
00
00
00
00
00
ff
ff
00
00
00
00
// 0x00004b80
00
00
00
00
00
00
00
00
00
00
00
00
00
00
00
ff
// 0x00004b90
ff
ff
ff
00
00
00
ff
00
ff
ff
ff
00
ff
00
ff
ff
// 0x00004ba0
ff
00
00
00
ff
ff
00
ff
ff
ff
ff
ff
00
ff
ff
00
// 0x00004bb0
ff
00
ff
ff
ff
ff
00
00
00
00
00
00
00
00
00
00
// 0x00004bc0
00
00
00
00
00
00
00
00
00
00
00
00
00
00
00
00
// 0x00004bd0
00
00
00
00
00
00
00
00
00
00
00
00
00
00
00
00
// 0x00004be0
00
00
00
00
00
00
00
00
00
00
00
00
00
00
00
00
// 0x00004bf0
00
00
00
00
00
00
00
00
00
00
00
00
00
00
00
00
// 0x00004c00
00
00
00
00
00
00
00
00
00
00
00
00
00
00
00
00
// 0x00004c10
00
00
00
00
00
00
00
00
00
00
00
00
00
00
00
00
// 0x00004c20
00
00
00
00
00
00
00
00
00
00
00
00
00
00
00
00
// 0x00004c30
00
00
00
00
00
00
00
00
00
00
00
00
00
00
00
00
// 0x00004c40
00
00
00
00
00
00
00
00
ff
ff
ff
ff
00
00
00
00
// 0x00004c50
00
00
ff
00
00
00
00
00
00
00
00
00
ff
00
ff
ff
// 0x00004c60
ff
ff
00
ff
00
00
00
00
00
00
00
00
00
00
ff
ff
// 0x00004c70
00
ff
00
ff
00
00
00
00
00
ff
ff
00
00
00
00
00
// 0x00004c80
00
00
00
00
00
00
00
00
00
00
00
00
00
00
00
00
// 0x00004c90
ff
ff
ff
00
00
00
ff
ff
00
00
ff
ff
00
ff
ff
ff
// 0x00004ca0
ff
00
ff
ff
00
ff
ff
00
ff
00
ff
ff
00
ff
ff
ff
// 0x00004cb0
ff
ff
ff
ff
ff
ff
ff
00
00
00
00
00
00
00
00
00
// 0x00004cc0
00
00
00
00
00
00
00
00
00
00
00
00
00
00
00
00
// 0x00004cd0
00
00
00
00
00
00
00
00
00
00
00
00
00
00
00
00
// 0x00004ce0
00
00
00
00
00
00
00
00
00
00
00
00
00
00
00
00
// 0x00004cf0
00
00
00
00
00
00
00
00
00
00
00
00
00
00
00
00
// 0x00004d00
00
00
00
00
00
00
00
00
00
00
00
00
00
00
00
00
// 0x00004d10
00
00
00
00
00
00
00
00
00
00
00
00
00
00
00
00
// 0x00004d20
00
00
00
00
00
00
00
00
00
00
00
00
00
00
00
00
// 0x00004d30
00
00
00
00
00
00
00
00
00
00
00
00
00
00
00
00
// 0x00004d40
00
00
00
00
00
00
00
00
ff
ff
ff
00
00
00
00
00
// 0x00004d50
00
00
00
00
00
00
00
00
00
00
00
ff
ff
00
ff
00
// 0x00004d60
ff
00
00
00
00
00
00
00
00
00
00
00
00
00
ff
00
// 0x00004d70
ff
00
00
00
00
00
00
00
ff
ff
00
00
00
00
00
00
// 0x00004d80
ff
00
00
00
00
00
00
00
00
00
00
00
00
ff
00
00
// 0x00004d90
00
ff
ff
ff
00
00
00
ff
ff
00
ff
ff
00
ff
ff
00
// 0x00004da0
ff
ff
ff
00
00
00
00
00
00
00
00
ff
ff
ff
ff
ff
// 0x00004db0
00
ff
00
ff
ff
ff
ff
ff
00
00
00
00
00
00
00
00
// 0x00004dc0
00
00
00
00
00
00
00
00
00
00
00
00
00
00
00
00
// 0x00004dd0
00
00
00
00
00
00
00
00
00
00
00
00
00
00
00
00
// 0x00004de0
00
00
00
00
00
00
00
00
00
00
00
00
00
00
00
00
// 0x00004df0
00
00
00
00
00
00
00
00
00
00
00
00
00
00
00
00
// 0x00004e00
00
00
00
00
00
00
00
00
00
00
00
00
00
00
00
00
// 0x00004e10
00
00
00
00
00
00
00
00
00
00
00
00
00
00
00
00
// 0x00004e20
00
00
00
00
00
00
00
00
00
00
00
00
00
00
00
00
// 0x00004e30
00
00
00
00
00
00
00
00
00
00
00
00
00
00
00
00
// 0x00004e40
00
00
00
00
00
00
00
ff
ff
ff
ff
00
00
00
00
00
// 0x00004e50
00
00
00
00
00
00
00
00
00
00
00
00
00
00
00
ff
// 0x00004e60
ff
00
00
00
00
00
00
00
00
00
00
00
00
ff
00
ff
// 0x00004e70
00
00
00
00
00
00
00
ff
ff
ff
00
00
00
00
00
ff
// 0x00004e80
00
00
00
00
00
ff
00
00
00
00
ff
00
ff
ff
00
00
// 0x00004e90
00
00
ff
ff
ff
ff
00
00
ff
00
00
ff
ff
00
ff
ff
// 0x00004ea0
ff
ff
ff
00
00
ff
ff
00
00
00
00
00
ff
ff
00
ff
// 0x00004eb0
ff
00
ff
00
ff
ff
ff
ff
ff
00
00
00
00
00
00
00
// 0x00004ec0
00
00
00
00
00
00
00
00
00
00
00
00
00
00
00
00
// 0x00004ed0
00
00
00
00
00
00
00
00
00
00
00
00
00
00
00
00
// 0x00004ee0
00
00
00
00
00
00
00
00
00
00
00
00
00
00
00
00
// 0x00004ef0
00
00
00
00
00
00
00
00
00
00
00
00
00
00
00
00
// 0x00004f00
00
00
00
00
00
00
00
00
00
00
00
00
00
00
00
00
// 0x00004f10
00
00
00
00
00
00
00
00
00
00
00
00
00
00
00
00
// 0x00004f20
00
00
00
00
00
00
00
00
00
00
00
00
00
00
00
00
// 0x00004f30
00
00
00
00
00
00
00
00
00
00
00
00
00
00
00
00
// 0x00004f40
00
00
00
00
00
00
ff
ff
ff
ff
00
00
00
00
00
ff
// 0x00004f50
00
00
00
00
00
00
00
00
00
00
00
00
00
ff
00
ff
// 0x00004f60
00
00
00
00
00
00
00
00
00
00
00
00
ff
00
00
00
// 0x00004f70
00
00
00
00
00
00
00
ff
ff
00
00
00
00
00
00
00
// 0x00004f80
00
00
00
00
00
00
00
00
00
00
00
00
ff
00
00
00
// 0x00004f90
00
00
00
ff
ff
ff
00
ff
00
ff
00
00
ff
ff
00
ff
// 0x00004fa0
00
ff
ff
ff
00
00
00
00
00
00
00
00
00
ff
ff
ff
// 0x00004fb0
ff
ff
00
ff
00
ff
ff
ff
ff
ff
00
00
00
00
00
00
// 0x00004fc0
00
00
00
00
00
00
00
00
00
00
00
00
00
00
00
00
// 0x00004fd0
00
00
00
00
00
00
00
00
00
00
00
00
00
00
00
00
// 0x00004fe0
00
00
00
00
00
00
00
00
00
00
00
00
00
00
00
00
// 0x00004ff0
00
00
00
00
00
00
00
00
00
00
00
00
00
00
00
00
// 0x00005000
00
00
00
00
00
00
00
00
00
00
00
00
00
00
00
00
// 0x00005010
00
00
00
00
00
00
00
00
00
00
00
00
00
00
00
00
// 0x00005020
00
00
00
00
00
00
00
00
00
00
00
00
00
00
00
00
// 0x00005030
00
00
00
00
00
00
00
00
00
00
00
00
00
00
00
00
// 0x00005040
00
00
00
00
00
00
ff
ff
ff
00
00
00
00
00
00
00
// 0x00005050
00
00
00
00
00
00
00
00
00
00
00
00
ff
00
ff
00
// 0x00005060
00
00
00
00
00
00
00
00
00
00
00
00
ff
00
ff
00
// 0x00005070
00
00
00
00
00
00
ff
ff
00
00
00
00
00
00
00
00
// 0x00005080
00
00
00
00
00
00
00
00
00
00
00
ff
ff
00
ff
00
// 0x00005090
00
00
00
ff
ff
ff
00
00
00
00
00
00
00
ff
ff
00
// 0x000050a0
ff
00
ff
ff
ff
00
00
00
00
00
ff
00
00
ff
ff
ff
// 0x000050b0
ff
ff
ff
00
ff
00
ff
ff
ff
ff
ff
00
00
00
00
00
// 0x000050c0
00
00
00
00
00
00
00
00
00
00
00
00
00
00
00
00
// 0x000050d0
00
00
00
00
00
00
00
00
00
00
00
00
00
00
00
00
// 0x000050e0
00
00
00
00
00
00
00
00
00
00
00
00
00
00
00
00
// 0x000050f0
00
00
00
00
00
00
00
00
00
00
00
00
00
00
00
00
// 0x00005100
00
00
00
00
00
00
00
00
00
00
00
00
00
00
00
00
// 0x00005110
00
00
00
00
00
00
00
00
00
00
00
00
00
00
00
00
// 0x00005120
00
00
00
00
00
00
00
00
00
00
00
00
00
00
00
00
// 0x00005130
00
00
00
00
00
00
00
00
00
00
00
00
00
00
00
00
// 0x00005140
00
00
00
00
00
ff
ff
ff
ff
00
00
00
00
00
00
00
// 0x00005150
00
00
00
00
00
00
00
00
00
00
00
ff
ff
ff
ff
00
// 0x00005160
00
00
00
00
00
00
00
00
00
00
00
ff
00
ff
00
00
// 0x00005170
00
00
00
00
00
ff
ff
00
00
00
00
00
00
00
00
00
// 0x00005180
00
00
00
00
00
00
00
00
00
00
00
ff
00
ff
ff
00
// 0x00005190
00
00
00
ff
ff
ff
00
00
00
00
00
00
00
00
ff
ff
// 0x000051a0
00
ff
00
ff
ff
ff
00
00
00
00
00
ff
00
00
ff
ff
// 0x000051b0
00
ff
ff
00
00
00
00
ff
ff
ff
ff
00
00
00
00
00
// 0x000051c0
00
00
00
00
00
00
00
00
00
00
00
00
00
00
00
00
// 0x000051d0
00
00
00
00
00
00
00
00
00
00
00
00
00
00
00
00
// 0x000051e0
00
00
00
00
00
00
00
00
00
00
00
00
00
00
00
00
// 0x000051f0
00
00
00
00
00
00
00
00
00
00
00
00
00
00
00
00
// 0x00005200
00
00
00
00
00
00
00
00
00
00
00
00
00
00
00
00
// 0x00005210
00
00
00
00
00
00
00
00
00
00
00
00
00
00
00
00
// 0x00005220
00
00
00
00
00
00
00
00
00
00
00
00
00
00
00
00
// 0x00005230
00
00
00
00
00
00
00
00
00
00
00
00
00
00
00
00
// 0x00005240
00
00
00
00
00
ff
ff
ff
00
00
00
00
00
00
00
00
// 0x00005250
00
00
00
00
00
00
00
00
00
00
ff
ff
ff
ff
00
00
// 0x00005260
00
00
00
00
00
00
00
00
00
00
ff
00
ff
ff
00
ff
// 0x00005270
00
00
00
00
ff
ff
00
00
00
00
00
00
00
00
00
00
// 0x00005280
00
00
00
00
00
00
00
ff
00
00
ff
ff
00
ff
00
00
// 0x00005290
00
00
00
ff
ff
ff
ff
00
00
00
00
00
00
00
00
00
// 0x000052a0
00
00
00
00
ff
ff
00
00
00
00
00
00
ff
00
00
ff
// 0x000052b0
ff
00
ff
ff
00
ff
00
00
ff
ff
ff
ff
00
00
00
00
// 0x000052c0
00
00
00
00
00
00
00
00
00
00
00
00
00
00
00
00
// 0x000052d0
00
00
00
00
00
00
00
00
00
00
00
00
00
00
00
00
// 0x000052e0
00
00
00
00
00
00
00
00
00
00
00
00
00
00
00
00
// 0x000052f0
00
00
00
00
00
00
00
00
00
00
00
00
00
00
00
00
// 0x00005300
00
00
00
00
00
00
00
00
00
00
00
00
00
00
00
00
// 0x00005310
00
00
00
00
00
00
00
00
00
00
00
00
00
00
00
00
// 0x00005320
00
00
00
00
00
00
00
00
00
00
00
00
00
00
00
00
// 0x00005330
00
00
00
00
00
00
00
00
00
00
00
00
00
00
00
00
// 0x00005340
00
00
00
00
ff
ff
ff
00
00
00
00
00
00
00
00
00
// 0x00005350
00
00
00
00
00
00
00
00
00
00
ff
00
ff
00
00
00
// 0x00005360
00
00
00
00
00
00
00
00
00
ff
00
ff
ff
00
ff
00
// 0x00005370
00
00
00
ff
ff
00
00
00
00
00
00
00
00
00
00
00
// 0x00005380
00
00
00
00
00
00
00
00
00
ff
ff
00
ff
00
00
00
// 0x00005390
00
00
00
00
ff
ff
ff
ff
00
00
00
00
00
ff
00
00
// 0x000053a0
00
00
00
00
00
ff
ff
00
00
ff
00
00
ff
ff
00
00
// 0x000053b0
ff
ff
00
ff
ff
00
00
00
00
ff
ff
ff
ff
00
00
00
// 0x000053c0
00
00
00
00
00
00
00
00
00
00
00
00
00
00
00
00
// 0x000053d0
00
00
00
00
00
00
00
00
00
00
00
00
00
00
00
00
// 0x000053e0
00
00
00
00
00
00
00
00
00
00
00
00
00
00
00
00
// 0x000053f0
00
00
00
00
00
00
00
00
00
00
00
00
00
00
00
00
// 0x00005400
00
00
00
00
00
00
00
00
00
00
00
00
00
00
00
00
// 0x00005410
00
00
00
00
00
00
00
00
00
00
00
00
00
00
00
00
// 0x00005420
00
00
00
00
00
00
00
00
00
00
00
00
00
00
00
00
// 0x00005430
00
00
00
00
00
00
00
00
00
00
00
00
00
00
00
00
// 0x00005440
00
00
00
ff
ff
ff
ff
00
00
00
00
00
00
00
00
00
// 0x00005450
00
00
00
00
00
00
00
00
00
ff
00
ff
00
00
00
00
// 0x00005460
00
00
00
00
00
00
00
00
00
00
00
ff
00
00
ff
00
// 0x00005470
00
00
00
ff
00
00
00
00
00
00
ff
00
ff
00
00
00
// 0x00005480
00
00
00
00
00
00
00
00
00
ff
00
ff
ff
00
00
00
// 0x00005490
00
00
00
ff
00
ff
ff
ff
00
00
00
00
00
00
ff
00
// 0x000054a0
00
00
00
00
00
00
ff
ff
00
00
ff
00
00
ff
ff
00
// 0x000054b0
00
ff
ff
ff
ff
00
ff
00
00
00
ff
ff
ff
ff
00
00
// 0x000054c0
00
00
00
00
00
00
00
00
00
00
00
00
00
00
00
00
// 0x000054d0
00
00
00
00
00
00
00
00
00
00
00
00
00
00
00
00
// 0x000054e0
00
00
00
00
00
00
00
00
00
00
00
00
00
00
00
00
// 0x000054f0
00
00
00
00
00
00
00
00
00
00
00
00
00
00
00
00
// 0x00005500
00
00
00
00
00
00
00
00
00
00
00
00
00
00
00
00
// 0x00005510
00
00
00
00
00
00
00
00
00
00
00
00
00
00
00
00
// 0x00005520
00
00
00
00
00
00
00
00
00
00
00
00
00
00
00
00
// 0x00005530
00
00
00
00
00
00
00
00
00
00
00
00
00
00
00
00
// 0x00005540
00
00
00
ff
ff
ff
00
00
ff
00
00
00
00
00
00
00
// 0x00005550
00
00
00
00
00
00
00
00
ff
ff
ff
ff
00
00
00
00
// 0x00005560
00
00
00
00
00
00
00
00
ff
00
ff
ff
00
ff
00
00
// 0x00005570
00
00
ff
ff
00
00
00
00
00
ff
00
ff
00
00
00
00
// 0x00005580
00
00
00
00
00
00
00
00
ff
00
00
ff
00
00
00
00
// 0x00005590
00
00
00
00
ff
ff
ff
ff
00
00
00
ff
00
ff
00
ff
// 0x000055a0
00
00
00
00
00
00
00
ff
ff
00
ff
00
00
ff
ff
ff
// 0x000055b0
00
ff
ff
00
ff
ff
00
00
00
ff
00
ff
ff
ff
ff
00
// 0x000055c0
00
00
00
00
00
00
00
00
00
00
00
00
00
00
00
00
// 0x000055d0
00
00
00
00
00
00
00
00
00
00
00
00
00
00
00
00
// 0x000055e0
00
00
00
00
00
00
00
00
00
00
00
00
00
00
00
00
// 0x000055f0
00
00
00
00
00
00
00
00
00
00
00
00
00
00
00
00
// 0x00005600
00
00
00
00
00
00
00
00
00
00
00
00
00
00
00
00
// 0x00005610
00
00
00
00
00
00
00
00
00
00
00
00
00
00
00
00
// 0x00005620
00
00
00
00
00
00
00
00
00
00
00
00
00
00
00
00
// 0x00005630
00
00
00
00
00
00
00
00
00
00
00
00
00
00
00
00
// 0x00005640
00
00
ff
ff
ff
ff
00
00
00
00
00
00
00
00
00
00
// 0x00005650
00
00
00
00
00
00
00
ff
ff
00
ff
00
00
00
00
00
// 0x00005660
00
00
00
00
00
00
00
00
00
ff
ff
00
ff
ff
00
00
// 0x00005670
00
ff
ff
00
00
00
00
00
00
00
ff
ff
00
00
00
00
// 0x00005680
00
00
00
00
00
00
00
00
ff
00
00
00
00
00
00
00
// 0x00005690
00
00
ff
ff
ff
ff
ff
ff
00
00
00
00
ff
00
00
00
// 0x000056a0
00
00
00
00
00
ff
00
ff
ff
ff
00
ff
00
ff
ff
ff
// 0x000056b0
ff
00
00
ff
00
ff
00
00
00
ff
ff
ff
ff
ff
ff
00
// 0x000056c0
00
00
00
00
00
00
00
00
00
00
00
00
00
00
00
00
// 0x000056d0
00
00
00
00
00
00
00
00
00
00
00
00
00
00
00
00
// 0x000056e0
00
00
00
00
00
00
00
00
00
00
00
00
00
00
00
00
// 0x000056f0
00
00
00
00
00
00
00
00
00
00
00
00
00
00
00
00
// 0x00005700
00
00
00
00
00
00
00
00
00
00
00
00
00
00
00
00
// 0x00005710
00
00
00
00
00
00
00
00
00
00
00
00
00
00
00
00
// 0x00005720
00
00
00
00
00
00
00
00
00
00
00
00
00
00
00
00
// 0x00005730
00
00
00
00
00
00
00
00
00
00
00
00
00
00
00
00
// 0x00005740
00
ff
ff
ff
ff
ff
ff
00
00
00
00
00
00
00
00
00
// 0x00005750
00
00
00
00
00
00
00
ff
00
ff
00
00
00
00
00
00
// 0x00005760
00
00
00
00
00
00
00
00
ff
ff
ff
ff
ff
00
00
00
// 0x00005770
ff
ff
00
00
00
00
00
00
ff
00
ff
00
00
00
00
00
// 0x00005780
00
00
00
00
00
00
00
ff
00
00
00
00
00
00
00
00
// 0x00005790
00
00
ff
ff
ff
ff
ff
ff
00
00
00
00
00
ff
00
00
// 0x000057a0
00
00
00
00
00
ff
ff
00
ff
ff
ff
00
00
ff
00
ff
// 0x000057b0
ff
ff
00
00
00
00
00
00
ff
00
00
ff
ff
ff
ff
ff
// 0x000057c0
00
00
00
00
00
00
00
00
00
00
00
00
00
00
00
00
// 0x000057d0
00
00
00
00
00
00
00
00
00
00
00
00
00
00
00
00
// 0x000057e0
00
00
00
00
00
00
00
00
00
00
00
00
00
00
00
00
// 0x000057f0
00
00
00
00
00
00
00
00
00
00
00
00
00
00
00
00
// 0x00005800
00
00
00
00
00
00
00
00
00
00
00
00
00
00
00
00
// 0x00005810
00
00
00
00
00
00
00
00
00
00
00
00
00
00
00
00
// 0x00005820
00
00
00
00
00
00
00
00
00
00
00
00
00
00
00
00
// 0x00005830
00
00
00
00
00
00
00
00
00
00
00
00
00
00
00
00
// 0x00005840
00
ff
ff
ff
ff
ff
00
00
00
00
00
00
00
00
00
00
// 0x00005850
00
00
00
00
00
00
ff
ff
00
00
00
00
00
00
00
00
// 0x00005860
00
00
00
00
00
00
00
00
ff
ff
00
ff
00
00
00
00
// 0x00005870
ff
ff
00
00
00
00
00
ff
00
ff
00
00
00
00
00
00
// 0x00005880
00
00
00
00
00
00
ff
00
00
00
00
00
00
00
00
00
// 0x00005890
00
ff
ff
ff
00
ff
ff
ff
ff
00
00
00
00
00
ff
00
// 0x000058a0
00
00
00
00
ff
00
ff
ff
00
ff
ff
ff
00
00
ff
00
// 0x000058b0
ff
ff
00
00
00
00
00
00
ff
ff
00
ff
ff
ff
ff
ff
// 0x000058c0
ff
00
00
00
00
00
00
00
00
00
00
00
00
00
00
00
// 0x000058d0
00
00
00
00
00
00
00
00
00
00
00
00
00
00
00
00
// 0x000058e0
00
00
00
00
00
00
00
00
00
00
00
00
00
00
00
00
// 0x000058f0
00
00
00
00
00
00
00
00
00
00
00
00
00
00
00
00
// 0x00005900
00
00
00
00
00
00
00
00
00
00
00
00
00
00
00
00
// 0x00005910
00
00
00
00
00
00
00
00
00
00
00
00
00
00
00
00
// 0x00005920
00
00
00
00
00
00
00
00
00
00
00
00
00
00
00
00
// 0x00005930
00
00
00
00
00
00
00
00
00
00
00
00
00
00
00
00
// 0x00005940
ff
ff
ff
ff
ff
00
00
00
00
00
00
00
00
00
00
00
// 0x00005950
00
ff
00
ff
00
ff
ff
00
ff
00
00
00
00
00
00
00
// 0x00005960
00
00
00
00
00
00
00
ff
ff
00
ff
ff
00
00
00
ff
// 0x00005970
ff
00
00
00
00
00
ff
ff
ff
00
00
00
00
00
00
00
// 0x00005980
00
00
00
00
00
ff
ff
00
ff
00
00
00
00
00
00
00
// 0x00005990
ff
ff
ff
00
ff
ff
ff
ff
ff
00
00
00
00
00
00
ff
// 0x000059a0
00
00
00
00
00
ff
00
ff
00
ff
ff
ff
00
00
ff
ff
// 0x000059b0
00
ff
ff
00
00
00
00
00
00
ff
ff
00
ff
ff
ff
ff
// 0x000059c0
ff
00
00
00
00
00
00
00
00
00
00
00
00
00
00
00
// 0x000059d0
00
00
00
00
00
00
00
00
00
00
00
00
00
00
00
00
// 0x000059e0
00
00
00
00
00
00
00
00
00
00
00
00
00
00
00
00
// 0x000059f0
00
00
00
00
00
00
00
00
00
00
00
00
00
00
00
00
// 0x00005a00
00
00
00
00
00
00
00
00
00
00
00
00
00
00
00
00
// 0x00005a10
00
00
00
00
00
00
00
00
00
00
00
00
00
00
00
00
// 0x00005a20
00
00
00
00
00
00
00
00
00
00
00
00
00
00
00
00
// 0x00005a30
00
00
00
00
00
00
00
00
00
00
00
00
00
00
00
ff
// 0x00005a40
ff
ff
ff
ff
00
00
00
00
00
00
00
00
00
00
00
00
// 0x00005a50
ff
00
ff
ff
00
ff
ff
ff
ff
00
00
00
00
00
00
00
// 0x00005a60
00
00
00
00
00
00
ff
ff
00
ff
ff
00
00
00
ff
ff
// 0x00005a70
00
00
00
00
00
ff
ff
00
ff
00
ff
ff
00
00
00
00
// 0x00005a80
00
00
00
00
00
ff
ff
00
ff
00
00
00
00
00
00
ff
// 0x00005a90
ff
ff
00
ff
ff
ff
ff
ff
ff
ff
ff
00
00
00
00
00
// 0x00005aa0
ff
00
00
00
00
00
ff
00
ff
00
ff
ff
00
00
ff
ff
// 0x00005ab0
00
ff
ff
ff
00
00
ff
00
00
00
ff
ff
00
00
ff
ff
// 0x00005ac0
ff
ff
00
00
00
00
00
00
00
00
00
00
00
00
00
00
// 0x00005ad0
00
00
00
00
00
00
00
00
00
00
00
00
00
00
00
00
// 0x00005ae0
00
00
00
00
00
00
00
00
00
00
00
00
00
00
00
00
// 0x00005af0
00
00
00
00
00
00
00
00
00
00
00
00
00
00
00
00
// 0x00005b00
00
00
00
00
00
00
00
00
00
00
00
00
00
00
00
00
// 0x00005b10
00
00
00
00
00
00
00
00
00
00
00
00
00
00
00
00
// 0x00005b20
00
00
00
00
00
00
00
00
00
00
00
00
00
00
00
00
// 0x00005b30
00
00
00
00
00
00
00
00
00
00
00
00
00
00
ff
ff
// 0x00005b40
ff
ff
ff
ff
00
00
00
00
00
00
00
00
00
00
00
00
// 0x00005b50
00
ff
ff
00
ff
ff
ff
ff
00
00
00
00
00
00
00
00
// 0x00005b60
00
ff
00
00
00
ff
ff
ff
00
ff
ff
00
00
ff
ff
00
// 0x00005b70
00
00
00
00
00
ff
00
ff
00
00
ff
00
00
00
00
00
// 0x00005b80
00
00
00
00
ff
ff
00
ff
00
00
00
00
00
00
00
ff
// 0x00005b90
ff
00
ff
ff
ff
00
00
ff
ff
ff
ff
ff
00
00
00
00
// 0x00005ba0
00
ff
00
00
00
00
ff
00
ff
ff
00
ff
00
00
00
ff
// 0x00005bb0
ff
00
ff
ff
ff
00
00
ff
00
00
00
00
ff
00
00
ff
// 0x00005bc0
ff
ff
ff
00
00
00
00
00
00
00
00
00
00
00
00
00
// 0x00005bd0
00
00
00
00
00
00
00
00
00
00
00
00
00
00
00
00
// 0x00005be0
00
00
00
00
00
00
00
00
00
00
00
00
00
00
00
00
// 0x00005bf0
00
00
00
00
00
00
00
00
00
00
00
00
00
00
00
00
// 0x00005c00
00
00
00
00
00
00
00
00
00
00
00
00
00
00
00
00
// 0x00005c10
00
00
00
00
00
00
00
00
00
00
00
00
00
00
00
00
// 0x00005c20
00
00
00
00
00
00
00
00
00
00
00
00
00
00
00
00
// 0x00005c30
00
00
00
00
00
00
00
00
00
00
00
00
00
00
ff
ff
// 0x00005c40
ff
ff
ff
00
00
00
ff
00
00
00
00
00
00
00
00
ff
// 0x00005c50
00
ff
ff
ff
ff
ff
ff
00
00
00
00
00
00
00
00
00
// 0x00005c60
00
00
00
00
00
ff
ff
00
ff
ff
00
00
00
ff
ff
00
// 0x00005c70
00
00
00
00
ff
ff
00
00
00
ff
00
00
00
00
00
00
// 0x00005c80
00
00
00
00
00
00
00
00
00
00
00
00
00
00
ff
ff
// 0x00005c90
ff
00
ff
ff
00
ff
00
00
ff
ff
ff
ff
ff
00
00
00
// 0x00005ca0
00
00
ff
00
00
00
00
ff
00
ff
ff
ff
ff
ff
ff
00
// 0x00005cb0
ff
ff
00
ff
ff
ff
ff
00
ff
00
00
00
00
ff
00
ff
// 0x00005cc0
ff
ff
ff
00
00
00
00
00
00
00
00
00
00
00
00
00
// 0x00005cd0
00
00
00
00
00
00
00
00
00
00
00
00
00
00
00
00
// 0x00005ce0
00
00
00
00
00
00
00
00
00
00
00
00
00
00
00
00
// 0x00005cf0
00
00
00
00
00
00
00
00
00
00
00
00
00
00
00
00
// 0x00005d00
00
00
00
00
00
00
00
00
00
00
00
00
00
00
00
00
// 0x00005d10
00
00
00
00
00
00
00
00
00
00
00
00
00
00
00
00
// 0x00005d20
00
00
00
00
00
00
00
00
00
00
00
00
00
00
00
00
// 0x00005d30
00
00
00
00
00
00
00
00
00
00
00
00
00
ff
ff
ff
// 0x00005d40
ff
ff
ff
00
00
ff
00
ff
00
00
00
00
00
00
ff
00
// 0x00005d50
ff
ff
00
ff
ff
ff
ff
00
00
00
00
00
00
00
00
00
// 0x00005d60
00
00
00
00
ff
ff
00
ff
ff
ff
00
00
ff
ff
00
00
// 0x00005d70
00
00
00
ff
ff
00
00
00
ff
00
ff
00
00
00
00
00
// 0x00005d80
00
00
00
00
00
00
00
00
00
00
00
00
00
00
ff
ff
// 0x00005d90
00
ff
ff
00
00
00
00
00
00
ff
ff
ff
ff
ff
00
00
// 0x00005da0
00
00
00
00
00
00
00
00
ff
00
ff
00
ff
ff
00
ff
// 0x00005db0
00
ff
00
ff
ff
ff
00
ff
ff
ff
00
00
00
00
00
00
// 0x00005dc0
ff
ff
ff
ff
00
00
00
00
00
00
00
00
00
00
00
00
// 0x00005dd0
00
00
00
00
00
00
00
00
00
00
00
00
00
00
00
00
// 0x00005de0
00
00
00
00
00
00
00
00
00
00
00
00
00
00
00
00
// 0x00005df0
00
00
00
00
00
00
00
00
00
00
00
00
00
00
00
00
// 0x00005e00
00
00
00
00
00
00
00
00
00
00
00
00
00
00
00
00
// 0x00005e10
00
00
00
00
00
00
00
00
00
00
00
00
00
00
00
00
// 0x00005e20
00
00
00
00
00
00
00
00
00
00
00
00
00
00
00
00
// 0x00005e30
00
00
00
00
00
00
00
00
00
00
00
00
ff
ff
ff
ff
// 0x00005e40
ff
ff
00
00
ff
ff
00
ff
00
00
00
00
00
00
ff
00
// 0x00005e50
ff
ff
ff
ff
ff
ff
00
00
00
00
00
00
00
00
00
00
// 0x00005e60
00
00
00
ff
ff
ff
00
ff
ff
ff
00
ff
ff
00
00
00
// 0x00005e70
00
00
00
ff
00
ff
ff
ff
ff
00
ff
00
00
00
00
00
// 0x00005e80
00
00
00
00
00
00
00
00
00
00
00
00
00
ff
ff
00
// 0x00005e90
ff
ff
ff
00
00
00
ff
ff
ff
ff
ff
ff
ff
ff
00
00
// 0x00005ea0
00
00
00
00
00
00
00
00
ff
ff
00
ff
00
ff
ff
00
// 0x00005eb0
00
ff
ff
00
00
ff
ff
00
00
ff
00
00
00
00
00
00
// 0x00005ec0
00
ff
ff
ff
ff
00
00
00
00
00
00
00
00
00
00
00
// 0x00005ed0
00
00
00
00
00
00
00
00
00
00
00
00
00
00
00
00
// 0x00005ee0
00
00
00
00
00
00
00
00
00
00
00
00
00
00
00
00
// 0x00005ef0
00
00
00
00
00
00
00
00
00
00
00
00
00
00
00
00
// 0x00005f00
00
00
00
00
00
00
00
00
00
00
00
00
00
00
00
00
// 0x00005f10
00
00
00
00
00
00
00
00
00
00
00
00
00
00
00
00
// 0x00005f20
00
00
00
00
00
00
00
00
00
00
00
00
00
00
00
00
// 0x00005f30
00
00
00
00
00
00
00
00
00
00
00
ff
ff
ff
ff
ff
// 0x00005f40
00
00
00
ff
ff
00
ff
00
00
00
ff
00
00
ff
00
ff
// 0x00005f50
ff
00
ff
ff
ff
ff
00
00
00
00
00
00
00
00
00
00
// 0x00005f60
00
00
00
ff
ff
00
ff
ff
ff
00
00
ff
ff
00
00
00
// 0x00005f70
00
00
ff
ff
ff
ff
ff
ff
00
ff
00
00
00
00
00
00
// 0x00005f80
00
00
00
00
00
00
00
00
00
00
00
00
00
ff
ff
ff
// 0x00005f90
ff
00
00
00
00
00
ff
00
00
00
ff
ff
ff
ff
00
00
// 0x00005fa0
00
00
00
00
00
ff
00
00
00
ff
ff
ff
ff
ff
ff
ff
// 0x00005fb0
00
00
ff
00
00
00
ff
ff
ff
00
ff
00
00
00
00
00
// 0x00005fc0
00
00
ff
ff
ff
ff
00
00
00
00
00
00
00
00
00
00
// 0x00005fd0
00
00
00
00
00
00
00
00
00
00
00
00
00
00
00
00
// 0x00005fe0
00
00
00
00
00
00
00
00
00
00
00
00
00
00
00
00
// 0x00005ff0
00
00
00
00
00
00
00
00
00
00
00
00
00
00
00
00
// 0x00006000
00
00
00
00
00
00
00
00
00
00
00
00
00
00
00
00
// 0x00006010
00
00
00
00
00
00
00
00
00
00
00
00
00
00
00
00
// 0x00006020
00
00
00
00
00
00
00
00
00
00
00
00
00
00
00
00
// 0x00006030
00
00
00
00
00
00
00
00
00
00
ff
ff
ff
ff
ff
ff
// 0x00006040
00
00
00
ff
00
ff
00
00
00
00
00
00
00
00
00
00
// 0x00006050
ff
ff
ff
ff
ff
00
00
00
00
00
ff
00
00
00
00
00
// 0x00006060
00
00
ff
ff
00
ff
ff
ff
ff
00
ff
ff
00
00
00
00
// 0x00006070
00
00
ff
00
ff
ff
ff
00
ff
00
00
00
00
00
00
00
// 0x00006080
00
00
00
00
00
ff
ff
00
00
00
00
00
ff
ff
ff
ff
// 0x00006090
00
00
00
00
00
00
00
00
ff
ff
ff
ff
ff
ff
ff
00
// 0x000060a0
00
00
00
00
00
00
ff
00
ff
00
ff
ff
ff
ff
ff
ff
// 0x000060b0
ff
00
00
ff
00
00
ff
ff
00
ff
00
00
00
00
00
00
// 0x000060c0
00
00
00
ff
ff
ff
ff
00
00
00
00
00
00
00
00
00
// 0x000060d0
00
00
00
00
00
00
00
00
00
00
00
00
00
00
00
00
// 0x000060e0
00
00
00
00
00
00
00
00
00
00
00
00
00
00
00
00
// 0x000060f0
00
00
00
00
00
00
00
00
00
00
00
00
00
00
00
00
// 0x00006100
00
00
00
00
00
00
00
00
00
00
00
00
00
00
00
00
// 0x00006110
00
00
00
00
00
00
00
00
00
00
00
00
00
00
00
00
// 0x00006120
00
00
00
00
00
00
00
00
00
00
00
00
00
00
00
00
// 0x00006130
00
00
00
00
00
00
00
00
00
ff
ff
ff
ff
ff
ff
00
// 0x00006140
00
00
ff
00
00
ff
00
00
00
ff
00
00
00
00
00
00
// 0x00006150
ff
ff
00
ff
00
00
00
00
00
00
00
00
00
00
00
00
// 0x00006160
00
00
ff
ff
00
ff
ff
ff
00
ff
ff
00
00
00
00
00
// 0x00006170
00
ff
00
ff
ff
ff
00
ff
00
00
00
00
00
00
00
00
// 0x00006180
00
00
00
00
00
ff
00
00
00
00
00
ff
ff
00
ff
ff
// 0x00006190
00
00
00
ff
00
00
00
ff
ff
ff
00
00
ff
ff
ff
00
// 0x000061a0
00
00
00
00
00
00
00
00
00
00
00
ff
00
ff
00
ff
// 0x000061b0
ff
00
00
ff
ff
00
00
ff
ff
00
ff
00
00
00
00
00
// 0x000061c0
ff
00
00
ff
ff
ff
ff
00
00
00
00
00
00
00
00
00
// 0x000061d0
00
00
00
00
00
00
00
00
00
00
00
00
00
00
00
00
// 0x000061e0
00
00
00
00
00
00
00
00
00
00
00
00
00
00
00
00
// 0x000061f0
00
00
00
00
00
00
00
00
00
00
00
00
00
00
00
00
// 0x00006200
00
00
00
00
00
00
00
00
00
00
00
00
00
00
00
00
// 0x00006210
00
00
00
00
00
00
00
00
00
00
00
00
00
00
00
00
// 0x00006220
00
00
00
00
00
00
00
00
00
00
00
00
00
00
00
00
// 0x00006230
00
00
00
00
00
00
00
00
00
ff
ff
ff
ff
ff
00
00
// 0x00006240
00
00
ff
00
ff
00
00
00
00
00
00
00
00
00
00
ff
// 0x00006250
ff
ff
ff
00
00
00
00
00
00
00
00
00
00
00
00
00
// 0x00006260
00
ff
ff
00
ff
ff
ff
00
00
ff
ff
00
00
00
00
00
// 0x00006270
ff
ff
00
ff
ff
00
ff
ff
00
00
00
00
00
00
00
00
// 0x00006280
00
00
00
00
00
ff
00
00
00
00
00
ff
00
ff
ff
00
// 0x00006290
00
00
00
00
00
00
00
ff
ff
00
00
ff
00
ff
ff
ff
// 0x000062a0
00
00
00
00
00
00
00
ff
00
00
00
00
ff
00
ff
00
// 0x000062b0
ff
ff
ff
ff
ff
ff
00
00
ff
ff
00
00
00
00
00
00
// 0x000062c0
00
00
00
00
ff
ff
ff
ff
00
00
00
00
00
00
00
00
// 0x000062d0
00
00
00
00
00
00
00
00
00
00
00
00
00
00
00
00
// 0x000062e0
00
00
00
00
00
00
00
00
00
00
00
00
00
00
00
00
// 0x000062f0
00
00
00
00
00
00
00
00
00
00
00
00
00
00
00
00
// 0x00006300
00
00
00
00
00
00
00
00
00
00
00
00
00
00
00
00
// 0x00006310
00
00
00
00
00
00
00
00
00
00
00
00
00
00
00
00
// 0x00006320
00
00
00
00
00
00
00
00
00
00
00
00
00
00
00
00
// 0x00006330
00
00
00
00
00
00
00
00
ff
ff
ff
ff
ff
00
00
00
// 0x00006340
00
ff
00
ff
ff
00
00
00
00
00
00
00
00
00
00
ff
// 0x00006350
ff
ff
ff
00
00
00
00
00
00
00
00
00
00
00
00
00
// 0x00006360
ff
ff
00
ff
ff
ff
00
00
ff
ff
00
00
00
00
00
ff
// 0x00006370
ff
00
ff
ff
ff
ff
ff
00
00
00
00
00
00
00
00
00
// 0x00006380
00
00
00
00
ff
ff
00
00
00
00
ff
00
ff
ff
00
00
// 0x00006390
00
00
00
00
00
00
00
00
00
00
ff
00
00
ff
ff
ff
// 0x000063a0
ff
00
00
00
00
00
00
00
ff
00
00
00
ff
ff
00
ff
// 0x000063b0
00
ff
ff
ff
ff
ff
ff
00
ff
ff
ff
00
ff
00
00
ff
// 0x000063c0
ff
00
00
00
00
ff
ff
ff
ff
00
00
00
00
00
00
00
// 0x000063d0
00
00
00
00
00
00
00
00
00
00
00
00
00
00
00
00
// 0x000063e0
00
00
00
00
00
00
00
00
00
00
00
00
00
00
00
00
// 0x000063f0
00
00
00
00
00
00
00
00
00
00
00
00
00
00
00
00
// 0x00006400
00
00
00
00
00
00
00
00
00
00
00
00
00
00
00
00
// 0x00006410
00
00
00
00
00
00
00
00
00
00
00
00
00
00
00
00
// 0x00006420
00
00
00
00
00
00
00
00
00
00
00
00
00
00
00
00
// 0x00006430
00
00
00
00
00
00
00
ff
ff
ff
ff
ff
00
00
00
00
// 0x00006440
ff
ff
00
ff
00
00
00
00
00
00
00
00
00
00
ff
ff
// 0x00006450
ff
ff
00
00
00
00
00
00
00
00
00
00
00
00
00
00
// 0x00006460
ff
ff
ff
ff
ff
ff
00
ff
ff
00
00
00
00
00
00
ff
// 0x00006470
00
ff
ff
ff
00
ff
00
00
00
00
00
00
00
00
00
00
// 0x00006480
00
00
00
00
ff
00
ff
00
00
ff
ff
ff
ff
00
00
00
// 0x00006490
00
00
00
00
00
00
00
00
00
ff
ff
ff
00
ff
ff
ff
// 0x000064a0
ff
00
00
00
00
00
00
00
00
ff
00
00
00
ff
00
00
// 0x000064b0
ff
00
ff
ff
00
ff
ff
ff
00
00
ff
ff
00
ff
ff
ff
// 0x000064c0
ff
ff
ff
00
00
ff
ff
ff
ff
ff
00
00
00
00
00
00
// 0x000064d0
00
00
00
00
00
00
00
00
00
00
00
00
00
00
00
00
// 0x000064e0
00
00
00
00
00
00
00
00
00
00
00
00
00
00
00
00
// 0x000064f0
00
00
00
00
00
00
00
00
00
00
00
00
00
00
00
00
// 0x00006500
00
00
00
00
00
00
00
00
00
00
00
00
00
00
00
00
// 0x00006510
00
00
00
00
00
00
00
00
00
00
00
00
00
00
00
00
// 0x00006520
00
00
00
00
00
00
00
00
00
00
00
00
00
00
00
00
// 0x00006530
00
00
00
00
00
00
ff
ff
ff
ff
ff
00
00
00
00
ff
// 0x00006540
ff
00
ff
ff
00
00
00
00
00
00
ff
00
00
00
00
ff
// 0x00006550
ff
00
00
00
00
00
00
00
00
00
00
00
00
00
00
ff
// 0x00006560
ff
00
ff
ff
ff
00
00
ff
00
00
00
00
00
00
ff
00
// 0x00006570
00
ff
ff
00
ff
00
00
00
00
00
00
00
00
00
00
00
// 0x00006580
00
00
00
00
00
00
00
00
ff
ff
00
ff
00
00
00
00
// 0x00006590
00
00
00
ff
00
00
00
00
ff
ff
00
00
ff
ff
ff
ff
// 0x000065a0
ff
ff
00
00
00
00
00
00
00
00
00
00
00
00
00
00
// 0x000065b0
ff
00
00
ff
ff
ff
ff
ff
ff
00
00
ff
ff
ff
00
ff
// 0x000065c0
00
ff
ff
00
ff
ff
ff
ff
ff
ff
ff
00
00
00
00
00
// 0x000065d0
00
00
00
00
00
00
00
00
00
00
00
00
00
00
00
00
// 0x000065e0
00
00
00
00
00
00
00
00
00
00
00
00
00
00
00
00
// 0x000065f0
00
00
00
00
00
00
00
00
00
00
00
00
00
00
00
00
// 0x00006600
00
00
00
00
00
00
00
00
00
00
00
00
00
00
00
00
// 0x00006610
00
00
00
00
00
00
00
00
00
00
00
00
00
00
00
00
// 0x00006620
00
00
00
00
00
00
00
00
00
00
00
00
00
00
00
00
// 0x00006630
00
00
00
00
00
ff
ff
ff
ff
ff
ff
00
00
00
ff
ff
// 0x00006640
00
00
ff
00
00
00
00
00
00
00
00
00
00
00
00
00
// 0x00006650
00
00
00
00
00
00
00
00
00
00
00
00
00
00
00
ff
// 0x00006660
00
00
00
ff
00
00
ff
ff
00
00
00
00
00
ff
ff
00
// 0x00006670
ff
ff
ff
ff
ff
00
00
00
00
00
00
00
00
00
00
00
// 0x00006680
00
00
00
00
00
ff
00
00
ff
00
ff
00
00
00
00
00
// 0x00006690
00
00
ff
00
00
00
00
00
ff
00
00
00
00
00
00
00
// 0x000066a0
ff
ff
ff
ff
ff
00
00
00
00
00
00
00
00
00
00
ff
// 0x000066b0
00
ff
00
00
00
00
ff
ff
ff
ff
00
00
ff
ff
ff
00
// 0x000066c0
ff
00
ff
ff
00
00
00
ff
ff
ff
ff
ff
00
00
00
00
// 0x000066d0
00
00
00
00
00
00
00
00
00
00
00
00
00
00
00
00
// 0x000066e0
00
00
00
00
00
00
00
00
00
00
00
00
00
00
00
00
// 0x000066f0
00
00
00
00
00
00
00
00
00
00
00
00
00
00
00
00
// 0x00006700
00
00
00
00
00
00
00
00
00
00
00
00
00
00
00
00
// 0x00006710
00
00
00
00
00
00
00
00
00
00
00
00
00
00
00
00
// 0x00006720
00
00
00
00
00
00
00
00
00
00
00
00
00
00
00
00
// 0x00006730
00
00
00
00
ff
ff
ff
ff
ff
ff
00
00
00
00
ff
00
// 0x00006740
00
ff
ff
00
00
00
00
00
ff
00
00
00
00
00
00
00
// 0x00006750
00
00
00
00
00
00
00
00
00
00
00
00
00
00
ff
00
// 0x00006760
ff
00
00
ff
00
ff
ff
00
00
00
00
00
ff
ff
00
ff
// 0x00006770
ff
ff
ff
ff
00
00
00
00
00
00
00
00
00
00
00
00
// 0x00006780
00
00
00
00
ff
00
00
ff
00
ff
00
00
00
00
00
00
// 0x00006790
00
ff
ff
00
00
00
00
00
00
00
00
00
00
00
00
00
// 0x000067a0
00
00
ff
ff
ff
ff
00
00
00
00
00
00
ff
00
00
00
// 0x000067b0
00
00
ff
00
00
00
00
ff
ff
ff
ff
ff
ff
ff
00
ff
// 0x000067c0
ff
ff
00
ff
ff
ff
00
00
ff
ff
ff
ff
ff
00
00
00
// 0x000067d0
00
00
00
00
00
00
00
00
00
00
00
00
00
00
00
00
// 0x000067e0
00
00
00
00
00
00
00
00
00
00
00
00
00
00
00
00
// 0x000067f0
00
00
00
00
00
00
00
00
00
00
00
00
00
00
00
00
// 0x00006800
00
00
00
00
00
00
00
00
00
00
00
00
00
00
00
00
// 0x00006810
00
00
00
00
00
00
00
00
00
00
00
00
00
00
00
00
// 0x00006820
00
00
00
00
00
00
00
00
00
00
00
00
00
00
00
00
// 0x00006830
00
00
00
ff
ff
ff
ff
ff
ff
ff
00
00
00
ff
00
00
// 0x00006840
ff
ff
00
00
00
00
ff
00
ff
00
ff
00
00
00
00
00
// 0x00006850
00
00
00
00
00
00
00
00
00
00
00
00
00
ff
00
ff
// 0x00006860
00
00
ff
00
00
ff
ff
00
00
00
00
00
ff
00
00
ff
// 0x00006870
ff
00
ff
00
00
00
00
00
00
00
00
00
00
00
00
00
// 0x00006880
00
00
00
00
00
00
ff
00
ff
00
00
00
00
00
00
00
// 0x00006890
ff
ff
00
00
00
00
00
00
ff
00
00
00
00
00
00
00
// 0x000068a0
00
ff
ff
00
ff
ff
ff
00
ff
00
00
00
00
ff
00
00
// 0x000068b0
00
00
00
00
00
00
00
00
ff
ff
ff
00
00
ff
00
ff
// 0x000068c0
ff
ff
ff
ff
ff
00
00
00
ff
ff
ff
ff
ff
ff
00
00
// 0x000068d0
00
00
00
00
00
00
00
00
00
00
00
00
00
00
00
00
// 0x000068e0
00
00
00
00
00
00
00
00
00
00
00
00
00
00
00
00
// 0x000068f0
00
00
00
00
00
00
00
00
00
00
00
00
00
00
00
00
// 0x00006900
00
00
00
00
00
00
00
00
00
00
00
00
00
00
00
00
// 0x00006910
00
00
00
00
00
00
00
00
00
00
00
00
00
00
00
00
// 0x00006920
00
00
00
00
00
00
00
00
00
00
00
00
00
00
00
00
// 0x00006930
00
00
00
ff
ff
ff
ff
ff
ff
00
00
00
ff
ff
00
00
// 0x00006940
ff
00
00
00
00
00
00
ff
ff
00
ff
00
00
00
00
00
// 0x00006950
00
00
00
00
00
00
00
00
00
00
00
00
ff
ff
00
00
// 0x00006960
00
00
00
00
ff
ff
00
00
00
00
00
ff
00
00
ff
ff
// 0x00006970
00
ff
ff
00
00
00
00
00
00
00
00
00
00
00
00
00
// 0x00006980
00
00
00
00
00
00
ff
ff
ff
ff
00
00
00
00
00
ff
// 0x00006990
ff
00
00
00
00
00
00
ff
ff
00
00
00
00
00
00
00
// 0x000069a0
ff
00
ff
ff
00
ff
ff
ff
00
00
00
00
00
00
00
00
// 0x000069b0
00
00
00
00
00
00
00
00
00
ff
00
00
00
00
ff
00
// 0x000069c0
ff
00
ff
00
ff
ff
00
ff
ff
ff
00
ff
ff
ff
00
00
// 0x000069d0
00
00
00
00
00
00
00
00
00
00
00
00
00
00
00
00
// 0x000069e0
00
00
00
00
00
00
00
00
00
00
00
00
00
00
00
00
// 0x000069f0
00
00
00
00
00
00
00
00
00
00
00
00
00
00
00
00
// 0x00006a00
00
00
00
00
00
00
00
00
00
00
00
00
00
00
00
00
// 0x00006a10
00
00
00
00
00
00
00
00
00
00
00
00
00
00
00
00
// 0x00006a20
00
00
00
00
00
00
00
00
00
00
00
00
00
00
00
00
// 0x00006a30
00
00
ff
ff
ff
ff
ff
ff
00
00
00
00
ff
00
00
ff
// 0x00006a40
ff
00
00
00
00
ff
00
ff
00
ff
00
00
00
00
00
00
// 0x00006a50
00
00
00
00
00
00
00
00
00
00
00
00
ff
00
ff
00
// 0x00006a60
00
ff
00
ff
ff
00
00
00
00
00
ff
00
00
00
ff
ff
// 0x00006a70
ff
ff
00
00
00
00
00
00
00
00
00
00
00
00
00
00
// 0x00006a80
ff
00
00
00
00
ff
00
ff
00
ff
00
00
00
00
00
00
// 0x00006a90
00
00
00
00
00
ff
ff
ff
ff
00
00
00
00
00
00
00
// 0x00006aa0
00
00
00
00
ff
00
ff
ff
ff
00
00
00
00
00
00
00
// 0x00006ab0
00
00
00
00
00
00
00
00
00
ff
00
00
00
00
00
ff
// 0x00006ac0
00
ff
00
ff
00
ff
ff
00
ff
ff
00
00
ff
ff
ff
00
// 0x00006ad0
00
00
00
00
00
00
00
00
00
00
00
00
00
00
00
00
// 0x00006ae0
00
00
00
00
00
00
00
00
00
00
00
00
00
00
00
00
// 0x00006af0
00
00
00
00
00
00
00
00
00
00
00
00
00
00
00
00
// 0x00006b00
00
00
00
00
00
00
00
00
00
00
00
00
00
00
00
00
// 0x00006b10
00
00
00
00
00
00
00
00
00
00
00
00
00
00
00
00
// 0x00006b20
00
00
00
00
00
00
00
00
00
00
00
00
00
00
00
00
// 0x00006b30
00
ff
ff
ff
ff
ff
ff
00
00
00
00
ff
00
00
ff
ff
// 0x00006b40
00
00
00
00
00
ff
00
ff
00
00
00
00
00
00
00
00
// 0x00006b50
00
00
00
00
00
00
00
00
00
00
00
ff
ff
00
ff
00
// 0x00006b60
ff
00
00
ff
ff
00
00
00
00
00
ff
00
00
00
ff
00
// 0x00006b70
ff
00
ff
00
00
00
00
00
00
00
00
00
00
00
00
ff
// 0x00006b80
00
00
00
00
ff
ff
00
ff
ff
00
ff
00
00
00
00
00
// 0x00006b90
00
00
00
00
ff
ff
ff
ff
ff
ff
00
00
00
ff
ff
ff
// 0x00006ba0
00
00
00
00
00
ff
00
ff
ff
ff
00
00
00
00
00
00
// 0x00006bb0
00
00
00
00
00
00
00
00
00
00
00
00
00
00
00
00
// 0x00006bc0
ff
00
ff
00
ff
00
ff
ff
00
ff
ff
00
00
ff
ff
ff
// 0x00006bd0
00
00
00
00
00
00
00
00
00
00
00
00
00
00
00
00
// 0x00006be0
00
00
00
00
00
00
00
00
00
00
00
00
00
00
00
00
// 0x00006bf0
00
00
00
00
00
00
00
00
00
00
00
00
00
00
00
00
// 0x00006c00
00
00
00
00
00
00
00
00
00
00
00
00
00
00
00
00
// 0x00006c10
00
00
00
00
00
00
00
00
00
00
00
00
00
00
00
00
// 0x00006c20
00
00
00
00
00
00
00
00
00
00
00
00
00
00
00
00
// 0x00006c30
ff
ff
ff
ff
00
ff
ff
00
00
00
ff
00
00
ff
ff
00
// 0x00006c40
00
00
00
00
ff
00
00
00
00
00
00
00
00
00
00
00
// 0x00006c50
00
00
00
00
00
00
00
00
00
00
ff
ff
00
ff
ff
00
// 0x00006c60
00
00
ff
ff
00
00
00
00
00
ff
00
00
00
ff
00
ff
// 0x00006c70
ff
00
ff
00
00
00
00
00
00
00
00
00
00
00
00
ff
// 0x00006c80
00
ff
00
ff
ff
00
00
00
00
ff
00
00
00
00
00
00
// 0x00006c90
00
ff
ff
ff
ff
ff
00
ff
ff
00
00
00
00
ff
ff
00
// 0x00006ca0
00
00
00
00
00
ff
ff
ff
ff
ff
ff
00
00
00
00
00
// 0x00006cb0
00
00
00
00
00
00
00
00
00
00
ff
00
00
00
00
00
// 0x00006cc0
00
ff
00
ff
00
ff
00
ff
ff
00
ff
ff
ff
00
ff
ff
// 0x00006cd0
ff
00
00
00
00
00
00
00
00
00
00
00
00
00
00
00
// 0x00006ce0
00
00
00
00
00
00
00
00
00
00
00
00
00
00
00
00
// 0x00006cf0
00
00
00
00
00
00
00
00
00
00
00
00
00
00
00
00
// 0x00006d00
00
00
00
00
00
00
00
00
00
00
00
00
00
00
00
00
// 0x00006d10
00
00
00
00
00
00
00
00
00
00
00
00
00
00
00
00
// 0x00006d20
00
00
00
00
00
00
00
00
00
00
00
00
00
00
00
00
// 0x00006d30
ff
ff
ff
00
ff
ff
00
00
00
ff
ff
00
ff
00
00
00
// 0x00006d40
00
00
00
ff
00
00
ff
00
00
00
00
00
00
00
00
00
// 0x00006d50
00
00
00
00
00
00
00
00
00
00
ff
00
ff
ff
ff
00
// 0x00006d60
00
ff
ff
00
00
00
00
00
ff
ff
00
00
ff
ff
ff
ff
// 0x00006d70
00
ff
00
00
00
00
00
00
00
00
00
00
00
00
ff
00
// 0x00006d80
00
00
ff
ff
00
00
00
00
ff
ff
00
00
00
00
00
00
// 0x00006d90
ff
ff
ff
00
00
00
ff
ff
00
00
00
00
00
ff
ff
ff
// 0x00006da0
00
00
00
00
00
00
ff
ff
00
ff
ff
ff
00
00
00
00
// 0x00006db0
00
ff
ff
00
ff
00
00
00
00
00
ff
ff
00
00
00
00
// 0x00006dc0
00
00
ff
00
ff
00
ff
00
ff
ff
ff
ff
ff
00
ff
ff
// 0x00006dd0
ff
ff
00
00
00
00
00
00
00
00
00
00
00
00
00
00
// 0x00006de0
00
00
00
00
00
00
00
00
00
00
00
00
00
00
00
00
// 0x00006df0
00
00
00
00
00
00
00
00
00
00
00
00
00
00
00
00
// 0x00006e00
00
00
00
00
00
00
00
00
00
00
00
00
00
00
00
00
// 0x00006e10
00
00
00
00
00
00
00
00
00
00
00
00
00
00
00
00
// 0x00006e20
00
00
00
00
00
00
00
00
00
00
00
00
00
00
00
ff
// 0x00006e30
ff
ff
ff
00
ff
00
00
00
ff
ff
00
ff
00
00
00
00
// 0x00006e40
00
00
00
00
00
ff
00
00
00
00
00
00
00
00
00
00
// 0x00006e50
00
00
00
00
00
00
00
00
00
ff
ff
00
ff
ff
00
00
// 0x00006e60
00
ff
ff
00
00
00
00
00
ff
00
00
00
ff
00
ff
00
// 0x00006e70
ff
ff
00
00
00
00
00
00
00
00
00
00
00
00
ff
00
// 0x00006e80
00
00
ff
00
00
00
00
ff
ff
00
00
00
00
00
00
00
// 0x00006e90
ff
ff
00
00
00
00
ff
00
00
00
00
00
00
ff
ff
ff
// 0x00006ea0
ff
00
00
00
00
00
00
ff
ff
00
ff
ff
ff
00
00
00
// 0x00006eb0
00
00
ff
ff
00
ff
ff
00
00
00
00
ff
ff
00
ff
ff
// 0x00006ec0
00
00
00
ff
00
ff
ff
ff
00
ff
ff
00
ff
ff
00
ff
// 0x00006ed0
ff
ff
ff
00
00
00
00
00
00
00
00
00
00
00
00
00
// 0x00006ee0
00
00
00
00
00
00
00
00
00
00
00
00
00
00
00
00
// 0x00006ef0
00
00
00
00
00
00
00
00
00
00
00
00
00
00
00
00
// 0x00006f00
00
00
00
00
00
00
00
00
00
00
00
00
00
00
00
00
// 0x00006f10
00
00
00
00
00
00
00
00
00
00
00
00
00
00
00
00
// 0x00006f20
00
00
00
00
00
00
00
00
00
00
00
00
00
00
ff
ff
// 0x00006f30
ff
ff
00
ff
ff
00
00
ff
ff
00
ff
00
00
00
00
00
// 0x00006f40
00
00
00
00
00
00
00
00
00
00
00
00
00
00
00
00
// 0x00006f50
00
00
00
00
00
00
00
ff
00
ff
00
ff
ff
00
00
00
// 0x00006f60
ff
ff
00
00
00
00
00
00
00
00
00
ff
00
ff
00
ff
// 0x00006f70
ff
00
00
00
00
00
00
00
00
00
00
00
00
00
00
00
// 0x00006f80
00
ff
00
00
00
ff
ff
ff
00
00
00
ff
00
00
00
ff
// 0x00006f90
ff
00
00
00
00
ff
00
00
00
00
00
00
ff
00
ff
ff
// 0x00006fa0
ff
ff
00
00
00
00
00
ff
ff
ff
00
ff
ff
ff
00
00
// 0x00006fb0
00
00
00
ff
ff
00
ff
00
00
00
00
00
ff
ff
00
ff
// 0x00006fc0
ff
ff
00
00
00
ff
ff
ff
ff
00
ff
ff
00
ff
ff
00
// 0x00006fd0
ff
ff
ff
ff
00
00
00
00
00
00
00
00
00
00
00
00
// 0x00006fe0
00
00
00
00
00
00
00
00
00
00
00
00
00
00
00
00
// 0x00006ff0
00
00
00
00
00
00
00
00
00
00
00
00
00
00
00
00
// 0x00007000
00
00
00
00
00
00
00
00
00
00
00
00
00
00
00
00
// 0x00007010
00
00
00
00
00
00
00
00
00
00
00
00
00
00
00
00
// 0x00007020
00
00
00
00
00
00
00
00
00
00
00
00
00
ff
ff
ff
// 0x00007030
ff
00
ff
ff
00
00
ff
ff
00
ff
00
00
ff
ff
00
ff
// 0x00007040
00
00
ff
00
ff
00
00
00
00
00
00
00
00
00
00
00
// 0x00007050
00
00
00
00
00
00
00
00
ff
ff
00
ff
00
00
00
00
// 0x00007060
ff
00
00
00
00
00
00
00
00
00
ff
ff
ff
ff
ff
ff
// 0x00007070
ff
00
00
00
00
00
00
00
00
00
00
00
00
00
00
00
// 0x00007080
00
ff
00
00
00
00
ff
ff
00
00
00
00
ff
00
00
00
// 0x00007090
00
00
00
00
ff
ff
00
00
00
00
00
00
00
ff
ff
00
// 0x000070a0
00
ff
ff
00
00
ff
ff
00
ff
ff
ff
00
ff
ff
ff
00
// 0x000070b0
00
00
00
00
ff
ff
ff
00
00
00
00
00
ff
ff
ff
00
// 0x000070c0
ff
ff
ff
00
00
00
ff
00
ff
ff
00
ff
ff
00
ff
00
// 0x000070d0
00
ff
ff
ff
ff
00
00
00
00
00
00
00
00
00
00
00
// 0x000070e0
00
00
00
00
00
00
00
00
00
00
00
00
00
00
00
00
// 0x000070f0
00
00
00
00
00
00
00
00
00
00
00
00
00
00
00
00
// 0x00007100
00
00
00
00
00
00
00
00
00
00
00
00
00
00
00
00
// 0x00007110
00
00
00
00
00
00
00
00
00
00
00
00
00
00
00
00
// 0x00007120
00
00
00
00
00
00
00
00
00
00
00
00
00
ff
ff
ff
// 0x00007130
00
00
00
00
00
ff
ff
00
00
00
00
ff
ff
ff
00
00
// 0x00007140
00
00
00
00
00
00
00
00
00
00
00
00
00
00
00
00
// 0x00007150
00
00
00
00
00
00
00
ff
ff
00
ff
ff
00
00
00
ff
// 0x00007160
ff
00
00
00
00
00
00
00
00
ff
ff
ff
ff
ff
ff
ff
// 0x00007170
00
00
00
00
00
00
00
00
00
00
00
00
00
00
00
00
// 0x00007180
ff
00
ff
00
ff
ff
ff
00
00
00
00
00
00
00
00
00
// 0x00007190
00
00
ff
ff
ff
00
00
00
00
00
00
00
00
ff
ff
ff
// 0x000071a0
ff
ff
00
00
00
00
ff
ff
00
ff
ff
ff
00
ff
ff
ff
// 0x000071b0
00
00
00
00
00
ff
00
00
00
00
00
00
00
ff
ff
ff
// 0x000071c0
00
ff
ff
ff
ff
00
ff
ff
00
ff
ff
00
00
00
00
00
// 0x000071d0
00
00
ff
ff
ff
ff
00
00
00
00
00
00
00
00
00
00
// 0x000071e0
00
00
00
00
00
00
00
00
00
00
00
00
00
00
00
00
// 0x000071f0
00
00
00
00
00
00
00
00
00
00
00
00
00
00
00
00
// 0x00007200
00
00
00
00
00
00
00
00
00
00
00
00
00
00
00
00
// 0x00007210
00
00
00
00
00
00
00
00
00
00
00
00
00
00
00
00
// 0x00007220
00
00
00
00
00
00
00
00
00
00
00
00
ff
ff
ff
ff
// 0x00007230
00
00
00
00
00
ff
ff
00
00
00
ff
ff
ff
00
00
00
// 0x00007240
00
00
00
00
00
00
00
00
00
00
00
00
00
00
00
00
// 0x00007250
00
00
00
ff
00
00
ff
ff
00
ff
ff
00
00
00
ff
ff
// 0x00007260
00
00
00
00
00
00
00
ff
00
ff
00
ff
00
ff
ff
00
// 0x00007270
00
00
00
00
00
00
00
00
00
00
00
00
00
00
00
ff
// 0x00007280
ff
00
ff
00
ff
ff
00
00
00
00
00
00
00
00
00
00
// 0x00007290
00
ff
ff
00
00
00
00
00
00
00
00
00
00
ff
ff
ff
// 0x000072a0
ff
00
00
00
00
00
00
00
ff
ff
ff
ff
ff
00
ff
ff
// 0x000072b0
ff
00
00
00
00
00
00
00
00
00
00
00
00
00
ff
ff
// 0x000072c0
ff
00
ff
ff
ff
ff
00
ff
ff
ff
ff
00
00
00
00
00
// 0x000072d0
ff
00
00
ff
ff
ff
ff
00
00
00
00
00
00
00
00
00
// 0x000072e0
00
00
00
00
00
00
00
00
00
00
00
00
00
00
00
00
// 0x000072f0
00
00
00
00
00
00
00
00
00
00
00
00
00
00
00
00
// 0x00007300
00
00
00
00
00
00
00
00
00
00
00
00
00
00
00
00
// 0x00007310
00
00
00
00
00
00
00
00
00
00
00
00
00
00
00
00
// 0x00007320
00
00
00
00
00
00
00
00
00
00
00
ff
ff
ff
ff
00
// 0x00007330
00
00
00
00
ff
ff
00
ff
00
00
ff
ff
00
00
00
00
// 0x00007340
00
00
00
00
00
00
00
00
00
00
00
00
00
00
00
00
// 0x00007350
00
00
ff
00
00
00
ff
00
ff
ff
00
00
00
00
ff
00
// 0x00007360
00
00
00
00
00
00
00
00
ff
00
ff
00
ff
ff
00
00
// 0x00007370
00
00
00
00
00
00
00
00
00
00
00
00
00
00
00
ff
// 0x00007380
00
ff
ff
00
00
00
00
00
00
00
00
00
ff
ff
00
00
// 0x00007390
00
00
00
00
00
00
00
00
00
00
00
00
ff
ff
ff
ff
// 0x000073a0
00
00
00
00
00
00
00
00
00
ff
ff
00
ff
ff
00
ff
// 0x000073b0
ff
ff
00
00
00
00
00
00
00
00
00
00
00
00
00
ff
// 0x000073c0
ff
ff
00
ff
ff
ff
ff
ff
00
00
ff
ff
00
00
00
00
// 0x000073d0
00
00
00
00
ff
ff
ff
ff
00
00
00
00
00
00
00
00
// 0x000073e0
00
00
00
00
00
00
00
00
00
00
00
00
00
00
00
00
// 0x000073f0
00
00
00
00
00
00
00
00
00
00
00
00
00
00
00
00
// 0x00007400
00
00
00
00
00
00
00
00
00
00
00
00
00
00
00
00
// 0x00007410
00
00
00
00
00
00
00
00
00
00
00
00
00
00
00
00
// 0x00007420
00
00
00
00
00
00
00
00
00
00
ff
ff
ff
ff
00
00
// 0x00007430
00
00
00
ff
ff
00
ff
00
00
ff
ff
00
00
00
00
00
// 0x00007440
00
00
00
00
00
00
00
00
00
00
00
00
00
00
00
00
// 0x00007450
00
00
ff
00
00
ff
ff
ff
ff
00
00
00
00
ff
ff
00
// 0x00007460
00
00
00
ff
00
00
00
00
00
ff
ff
ff
ff
00
00
00
// 0x00007470
00
00
00
00
00
00
00
00
00
00
00
00
00
00
00
00
// 0x00007480
ff
ff
00
ff
00
00
00
00
00
00
ff
00
00
00
00
00
// 0x00007490
00
00
00
00
00
00
00
00
00
00
00
ff
ff
ff
ff
ff
// 0x000074a0
ff
00
00
00
00
00
00
00
00
00
00
ff
00
00
ff
ff
// 0x000074b0
ff
ff
ff
00
00
00
00
00
00
00
00
00
00
00
00
ff
// 0x000074c0
ff
ff
ff
00
ff
ff
ff
ff
ff
00
00
ff
ff
00
00
00
// 0x000074d0
00
00
00
00
00
ff
ff
ff
ff
00
00
00
00
00
00
00
// 0x000074e0
00
00
00
00
00
00
00
00
00
00
00
00
00
00
00
00
// 0x000074f0
00
00
00
00
00
00
00
00
00
00
00
00
00
00
00
00
// 0x00007500
00
00
00
00
00
00
00
00
00
00
00
00
00
00
00
00
// 0x00007510
00
00
00
00
00
00
00
00
00
00
00
00
00
00
00
00
// 0x00007520
00
00
00
00
00
00
00
00
00
ff
ff
ff
ff
00
00
00
// 0x00007530
00
00
00
ff
00
00
00
00
ff
ff
00
00
00
00
00
00
// 0x00007540
00
00
00
00
00
00
00
00
00
00
00
ff
00
00
00
00
// 0x00007550
00
ff
00
ff
ff
ff
00
ff
00
00
00
00
00
ff
00
00
// 0x00007560
00
00
ff
00
00
00
00
ff
00
00
ff
ff
00
00
00
00
// 0x00007570
00
00
00
00
00
00
00
00
00
00
00
00
00
00
00
00
// 0x00007580
ff
00
ff
00
00
00
00
00
00
00
00
ff
ff
ff
00
00
// 0x00007590
00
00
00
00
00
00
00
00
00
00
00
00
00
ff
ff
ff
// 0x000075a0
ff
ff
ff
00
00
00
00
00
00
00
00
00
00
00
00
ff
// 0x000075b0
ff
ff
ff
ff
00
00
00
00
00
00
00
00
00
00
00
00
// 0x000075c0
ff
ff
ff
ff
00
ff
ff
ff
ff
ff
ff
00
ff
ff
00
00
// 0x000075d0
00
00
00
00
00
00
ff
ff
ff
ff
00
00
00
00
00
00
// 0x000075e0
00
00
00
00
00
00
00
00
00
00
00
00
00
00
00
00
// 0x000075f0
00
00
00
00
00
00
00
00
00
00
00
00
00
00
00
00
// 0x00007600
00
00
00
00
00
00
00
00
00
00
00
00
00
00
00
00
// 0x00007610
00
00
00
00
00
00
00
00
00
00
00
00
00
00
00
00
// 0x00007620
00
00
00
00
00
00
00
00
ff
ff
ff
ff
00
00
00
00
// 0x00007630
00
00
ff
ff
00
00
00
ff
ff
00
00
00
00
00
00
00
// 0x00007640
00
00
00
00
00
00
00
00
00
00
ff
00
00
00
00
00
// 0x00007650
ff
00
ff
00
ff
00
ff
00
00
00
ff
00
ff
00
00
00
// 0x00007660
00
00
00
00
00
00
ff
00
00
ff
ff
00
00
00
00
00
// 0x00007670
00
00
00
00
00
00
00
00
00
00
00
00
00
00
00
ff
// 0x00007680
00
00
ff
00
ff
00
00
00
00
ff
ff
ff
ff
00
00
00
// 0x00007690
00
00
00
00
00
00
00
00
00
00
00
00
ff
ff
ff
ff
// 0x000076a0
ff
ff
ff
ff
ff
00
00
00
00
00
00
00
00
00
00
ff
// 0x000076b0
ff
ff
ff
ff
00
00
00
00
00
00
00
00
00
00
00
00
// 0x000076c0
00
ff
ff
ff
ff
00
00
00
00
ff
ff
ff
ff
ff
ff
00
// 0x000076d0
00
00
00
00
00
00
00
ff
ff
ff
ff
00
00
00
00
00
// 0x000076e0
00
00
00
00
00
00
00
00
00
00
00
00
00
00
00
00
// 0x000076f0
00
00
00
00
00
00
00
00
00
00
00
00
00
00
00
00
// 0x00007700
00
00
00
00
00
00
00
00
00
00
00
00
00
00
00
00
// 0x00007710
00
00
00
00
00
00
00
00
00
00
00
00
00
00
00
00
// 0x00007720
00
00
00
00
00
00
ff
ff
ff
ff
ff
00
00
00
00
00
// 0x00007730
00
ff
ff
00
ff
00
00
ff
ff
00
00
00
00
00
00
00
// 0x00007740
00
00
00
00
00
00
00
00
00
00
00
00
00
00
00
00
// 0x00007750
00
00
00
ff
00
ff
00
00
00
00
ff
00
ff
00
00
00
// 0x00007760
00
00
00
00
00
ff
00
00
00
ff
00
00
00
ff
00
00
// 0x00007770
00
00
00
00
00
00
00
00
00
00
00
00
00
00
ff
ff
// 0x00007780
00
ff
00
00
00
ff
00
00
00
00
00
ff
00
ff
ff
ff
// 0x00007790
00
00
00
00
00
00
00
00
00
ff
00
ff
ff
ff
ff
00
// 0x000077a0
ff
ff
ff
ff
00
00
00
00
00
00
00
00
00
00
00
00
// 0x000077b0
ff
ff
ff
ff
ff
00
00
00
00
00
00
00
00
00
00
00
// 0x000077c0
00
ff
ff
ff
ff
ff
00
00
00
00
ff
ff
ff
ff
ff
ff
// 0x000077d0
ff
00
00
00
00
00
00
00
ff
ff
ff
ff
00
00
00
00
// 0x000077e0
00
00
00
00
00
00
00
00
00
00
00
00
00
00
00
00
// 0x000077f0
00
00
00
00
00
00
00
00
00
00
00
00
00
00
00
00
// 0x00007800
00
00
00
00
00
00
00
00
00
00
00
00
00
00
00
00
// 0x00007810
00
00
00
00
00
00
00
00
00
00
00
00
00
00
00
00
// 0x00007820
00
00
00
00
00
ff
ff
ff
ff
ff
00
00
00
00
00
00
// 0x00007830
00
ff
00
00
00
00
ff
ff
00
00
00
00
00
00
00
00
// 0x00007840
00
00
00
00
00
00
00
00
00
00
00
00
00
00
00
ff
// 0x00007850
00
00
ff
00
00
00
00
ff
00
ff
00
ff
00
00
00
00
// 0x00007860
00
00
00
00
00
ff
00
00
ff
ff
00
ff
00
00
00
00
// 0x00007870
00
00
00
00
00
00
00
00
00
00
00
00
00
00
00
00
// 0x00007880
ff
00
00
00
00
00
00
00
00
00
00
00
ff
ff
00
00
// 0x00007890
00
00
00
00
00
00
00
00
ff
00
ff
ff
ff
00
00
ff
// 0x000078a0
00
ff
ff
ff
ff
00
00
00
00
00
00
00
00
00
00
00
// 0x000078b0
00
ff
ff
ff
ff
ff
00
00
00
ff
00
00
00
00
00
00
// 0x000078c0
00
00
ff
ff
ff
ff
ff
00
00
00
00
00
ff
ff
ff
ff
// 0x000078d0
ff
ff
ff
00
00
00
00
00
00
ff
ff
ff
ff
00
00
00
// 0x000078e0
00
00
00
00
00
00
00
00
00
00
00
00
00
00
00
00
// 0x000078f0
00
00
00
00
00
00
00
00
00
00
00
00
00
00
00
00
// 0x00007900
00
00
00
00
00
00
00
00
00
00
00
00
00
00
00
00
// 0x00007910
00
00
00
00
00
00
00
00
00
00
00
00
00
00
00
00
// 0x00007920
00
00
00
00
ff
ff
ff
ff
ff
00
00
00
00
00
00
00
// 0x00007930
00
00
00
00
00
ff
ff
00
00
00
00
00
00
00
00
00
// 0x00007940
00
00
00
00
00
00
00
00
00
00
00
00
00
00
ff
00
// 0x00007950
00
ff
ff
00
00
00
ff
00
ff
00
ff
ff
00
00
00
00
// 0x00007960
00
00
00
00
ff
00
00
ff
ff
ff
00
ff
ff
00
00
00
// 0x00007970
00
00
00
00
00
00
00
00
00
00
00
00
00
00
00
ff
// 0x00007980
ff
ff
ff
ff
00
00
00
00
00
00
00
00
ff
00
00
00
// 0x00007990
00
00
00
00
00
00
00
ff
00
ff
ff
ff
00
00
ff
ff
// 0x000079a0
00
00
ff
ff
ff
00
00
00
00
00
00
00
00
00
00
00
// 0x000079b0
00
00
ff
ff
ff
ff
ff
00
00
00
ff
ff
00
00
00
00
// 0x000079c0
00
00
00
00
ff
ff
ff
ff
00
00
00
00
00
00
00
ff
// 0x000079d0
ff
ff
ff
ff
00
00
00
ff
00
00
ff
ff
ff
ff
00
00
// 0x000079e0
00
00
00
00
00
00
00
00
00
00
00
00
00
00
00
00
// 0x000079f0
00
00
00
00
00
00
00
00
00
00
00
00
00
00
00
00
// 0x00007a00
00
00
00
00
00
00
00
00
00
00
00
00
00
00
00
00
// 0x00007a10
00
00
00
00
00
00
00
00
00
00
00
00
00
00
00
00
// 0x00007a20
00
00
00
ff
ff
ff
ff
ff
00
00
00
00
00
00
00
00
// 0x00007a30
00
00
00
00
ff
ff
00
00
00
00
00
00
00
00
00
00
// 0x00007a40
00
00
00
00
00
ff
00
00
00
00
00
00
00
ff
00
ff
// 0x00007a50
00
ff
00
00
00
00
00
ff
ff
00
ff
00
00
00
00
00
// 0x00007a60
00
00
00
ff
00
00
ff
ff
00
00
00
ff
00
00
00
00
// 0x00007a70
00
00
00
00
00
00
00
00
00
00
00
00
00
00
00
ff
// 0x00007a80
00
ff
00
ff
00
00
00
00
00
00
00
ff
ff
00
00
00
// 0x00007a90
00
00
00
00
00
00
ff
00
ff
ff
ff
00
ff
ff
ff
00
// 0x00007aa0
ff
ff
ff
ff
ff
ff
00
00
00
ff
00
00
00
00
00
00
// 0x00007ab0
00
00
00
ff
ff
ff
ff
ff
ff
ff
ff
ff
ff
00
00
00
// 0x00007ac0
00
ff
00
00
00
ff
ff
ff
ff
00
00
00
00
00
00
00
// 0x00007ad0
ff
ff
ff
ff
ff
00
00
00
ff
00
00
ff
ff
ff
ff
00
// 0x00007ae0
00
00
00
00
00
00
00
00
00
00
00
00
00
00
00
00
// 0x00007af0
00
00
00
00
00
00
00
00
00
00
00
00
00
00
00
00
// 0x00007b00
00
00
00
00
00
00
00
00
00
00
00
00
00
00
00
00
// 0x00007b10
00
00
00
00
00
00
00
00
00
00
00
00
00
00
00
00
// 0x00007b20
00
00
ff
ff
ff
ff
ff
00
00
00
00
00
00
00
00
00
// 0x00007b30
00
00
00
00
ff
ff
00
00
00
ff
00
00
00
00
00
00
// 0x00007b40
00
00
00
00
ff
ff
00
00
00
00
00
00
00
00
ff
00
// 0x00007b50
ff
00
00
00
00
ff
00
ff
00
ff
00
00
00
00
00
00
// 0x00007b60
00
00
00
ff
00
ff
ff
00
00
00
00
00
00
ff
00
00
// 0x00007b70
00
00
00
00
00
00
00
00
00
00
00
00
00
00
00
00
// 0x00007b80
ff
00
00
00
00
00
00
00
00
00
ff
ff
00
00
00
00
// 0x00007b90
00
00
00
00
00
ff
00
ff
ff
ff
00
ff
ff
00
00
ff
// 0x00007ba0
ff
00
00
ff
ff
ff
ff
ff
00
00
ff
00
00
00
00
00
// 0x00007bb0
00
00
00
00
ff
ff
ff
ff
00
ff
00
ff
ff
ff
00
00
// 0x00007bc0
ff
00
00
00
00
00
ff
ff
ff
ff
00
00
00
00
00
00
// 0x00007bd0
00
00
ff
ff
ff
ff
00
00
ff
ff
00
00
ff
ff
ff
ff
// 0x00007be0
00
00
00
00
00
00
00
00
00
00
00
00
00
00
00
00
// 0x00007bf0
00
00
00
00
00
00
00
00
00
00
00
00
00
00
00
00
// 0x00007c00
00
00
00
00
00
00
00
00
00
00
00
00
00
00
00
00
// 0x00007c10
00
00
00
00
00
00
00
00
00
00
00
00
00
00
00
00
// 0x00007c20
00
ff
ff
ff
ff
00
00
00
00
00
00
00
00
00
00
00
// 0x00007c30
00
00
00
ff
ff
00
00
00
00
00
00
00
00
00
00
00
// 0x00007c40
00
00
00
ff
ff
00
00
00
00
00
00
00
00
00
00
ff
// 0x00007c50
ff
00
00
00
ff
00
ff
ff
ff
ff
00
00
00
00
00
00
// 0x00007c60
00
00
00
00
00
ff
ff
00
00
00
00
00
ff
00
00
00
// 0x00007c70
00
00
00
00
00
00
00
00
00
00
00
00
00
00
00
00
// 0x00007c80
00
00
00
ff
ff
ff
00
00
ff
ff
ff
00
00
00
00
00
// 0x00007c90
00
00
00
00
00
00
ff
ff
ff
00
00
ff
00
00
00
00
// 0x00007ca0
00
00
00
ff
ff
ff
ff
ff
ff
00
00
00
00
00
00
00
// 0x00007cb0
00
00
00
00
00
ff
ff
ff
00
00
ff
00
ff
ff
ff
00
// 0x00007cc0
00
00
00
00
00
00
00
00
ff
ff
ff
00
00
00
00
00
// 0x00007cd0
00
00
00
ff
00
ff
ff
00
00
ff
ff
00
00
ff
ff
ff
// 0x00007ce0
ff
00
00
00
00
00
00
00
00
00
00
00
00
00
00
00
// 0x00007cf0
00
00
00
00
00
00
00
00
00
00
00
00
00
00
00
00
// 0x00007d00
00
00
00
00
00
00
00
00
00
00
00
00
00
00
00
00
// 0x00007d10
00
00
00
00
00
00
00
00
00
00
00
00
00
00
00
00
// 0x00007d20
ff
ff
ff
ff
00
00
00
00
00
00
00
00
00
00
00
00
// 0x00007d30
00
00
ff
ff
ff
00
00
00
00
00
00
00
00
00
00
00
// 0x00007d40
00
00
00
ff
00
00
00
00
00
00
00
00
00
00
ff
ff
// 0x00007d50
00
00
00
00
00
00
ff
00
ff
00
00
00
00
00
00
00
// 0x00007d60
00
00
ff
ff
ff
ff
00
00
00
00
00
ff
00
00
00
00
// 0x00007d70
00
00
00
00
00
00
00
00
00
00
00
00
00
00
00
ff
// 0x00007d80
ff
00
00
ff
00
00
00
ff
ff
00
00
00
00
00
00
00
// 0x00007d90
00
00
00
ff
00
ff
ff
ff
00
00
00
00
00
00
00
00
// 0x00007da0
00
00
00
ff
ff
ff
ff
ff
ff
00
00
00
00
00
00
00
// 0x00007db0
00
00
00
00
00
00
ff
ff
00
00
ff
ff
00
ff
ff
00
// 0x00007dc0
00
00
00
00
00
00
00
00
00
ff
ff
ff
00
00
00
00
// 0x00007dd0
00
00
00
00
00
00
ff
ff
00
00
ff
ff
00
ff
ff
ff
// 0x00007de0
ff
00
00
00
00
00
00
00
00
00
00
00
00
00
00
00
// 0x00007df0
00
00
00
00
00
00
00
00
00
00
00
00
00
00
00
00
// 0x00007e00
00
00
00
00
00
00
00
00
00
00
00
00
00
00
00
00
// 0x00007e10
00
00
00
00
00
00
00
00
00
00
00
00
00
00
00
ff
// 0x00007e20
ff
ff
ff
00
00
00
00
00
00
00
00
00
00
00
00
00
// 0x00007e30
00
ff
ff
ff
00
00
00
00
00
00
00
00
00
00
00
00
// 0x00007e40
00
00
ff
00
00
00
00
00
00
00
00
00
00
00
ff
00
// 0x00007e50
00
00
00
00
00
ff
00
ff
00
00
00
00
00
00
00
00
// 0x00007e60
00
ff
ff
ff
ff
00
00
00
00
00
00
00
00
00
00
00
// 0x00007e70
00
00
00
00
00
00
00
00
00
00
00
ff
00
00
ff
ff
// 0x00007e80
00
00
00
00
00
00
00
00
00
00
00
00
00
00
00
00
// 0x00007e90
00
00
ff
ff
ff
ff
ff
00
00
00
00
00
00
00
00
00
// 0x00007ea0
00
ff
ff
ff
00
00
ff
ff
ff
ff
ff
00
00
00
00
00
// 0x00007eb0
00
00
00
00
00
00
00
ff
ff
00
00
ff
ff
00
ff
ff
// 0x00007ec0
00
00
00
00
00
00
ff
ff
00
00
ff
ff
ff
00
00
00
// 0x00007ed0
00
00
00
00
00
00
00
ff
ff
00
00
ff
ff
00
ff
ff
// 0x00007ee0
ff
ff
00
00
00
00
00
00
00
00
00
00
00
00
00
00
// 0x00007ef0
00
00
00
00
00
00
00
00
00
00
00
00
00
00
00
00
// 0x00007f00
00
00
00
00
00
00
00
00
00
00
00
00
00
00
00
00
// 0x00007f10
00
00
00
00
00
00
00
00
00
00
00
00
00
00
ff
ff
// 0x00007f20
ff
ff
00
00
00
00
00
00
00
00
00
00
00
00
00
00
// 0x00007f30
ff
ff
ff
00
00
00
00
00
00
00
00
00
00
00
00
00
// 0x00007f40
00
ff
00
00
00
00
00
00
00
00
00
00
00
ff
00
00
// 0x00007f50
00
00
00
00
ff
ff
00
00
00
00
00
00
00
00
00
00
// 0x00007f60
ff
ff
ff
00
00
00
00
00
00
00
00
00
00
00
00
00
// 0x00007f70
00
00
00
00
00
00
00
00
00
00
ff
ff
00
00
ff
00
// 0x00007f80
00
00
ff
00
00
00
00
00
00
00
00
00
00
00
00
00
// 0x00007f90
00
00
ff
00
ff
ff
00
00
00
ff
00
00
00
00
00
00
// 0x00007fa0
00
ff
00
00
00
00
ff
ff
ff
ff
ff
00
00
00
00
00
// 0x00007fb0
00
00
00
00
00
00
00
00
ff
ff
00
00
ff
ff
00
ff
// 0x00007fc0
ff
00
00
00
00
00
00
ff
ff
00
00
ff
ff
00
00
00
// 0x00007fd0
00
00
00
00
00
00
00
00
ff
00
00
00
ff
ff
ff
ff
// 0x00007fe0
ff
ff
ff
00
00
00
00
00
00
00
00
00
00
00
00
00
// 0x00007ff0
00
00
00
00
00
00
00
00
00
00
00
00
00
00
00
00
// 0x00008000
00
00
00
00
00
00
00
00
00
00
00
00
00
00
00
00
// 0x00008010
00
00
00
00
00
00
00
00
00
00
00
00
00
ff
ff
ff
// 0x00008020
ff
00
00
00
00
00
00
00
00
00
00
00
00
00
00
ff
// 0x00008030
ff
ff
00
00
00
00
00
00
00
00
00
00
00
00
00
00
// 0x00008040
ff
ff
00
00
00
00
00
00
00
ff
00
00
ff
ff
00
00
// 0x00008050
00
00
00
00
ff
00
ff
00
00
00
00
00
00
00
00
00
// 0x00008060
ff
ff
00
00
00
00
00
00
00
00
00
00
00
00
00
00
// 0x00008070
00
00
00
00
00
00
00
00
00
00
ff
00
00
ff
00
00
// 0x00008080
00
ff
00
00
00
00
00
00
00
00
00
00
00
00
00
00
// 0x00008090
00
00
00
ff
ff
ff
00
ff
ff
00
00
00
00
00
00
00
// 0x000080a0
ff
00
ff
00
00
00
ff
ff
ff
ff
ff
ff
00
00
00
00
// 0x000080b0
00
00
00
00
00
00
00
00
00
ff
ff
00
00
ff
00
ff
// 0x000080c0
ff
ff
00
00
00
00
00
00
ff
ff
00
00
ff
ff
00
00
// 0x000080d0
00
00
00
00
00
00
00
00
ff
ff
00
00
00
ff
ff
ff
// 0x000080e0
ff
ff
ff
ff
00
00
00
00
00
00
00
00
00
00
00
00
// 0x000080f0
00
00
00
00
00
00
00
00
00
00
00
00
00
00
00
00
// 0x00008100
00
00
00
00
00
00
00
00
00
00
00
00
00
00
00
00
// 0x00008110
00
00
00
00
00
00
00
00
00
00
00
00
ff
ff
ff
ff
// 0x00008120
00
00
00
00
00
00
00
00
00
00
00
00
00
00
ff
ff
// 0x00008130
ff
00
00
00
00
00
ff
00
00
00
00
00
00
00
00
00
// 0x00008140
ff
00
00
00
00
00
00
00
ff
00
00
ff
ff
00
00
00
// 0x00008150
00
00
00
ff
00
00
00
00
00
00
00
00
00
00
00
ff
// 0x00008160
ff
00
00
00
00
00
ff
00
00
00
00
00
00
00
00
00
// 0x00008170
00
00
00
00
00
00
00
00
00
ff
ff
00
ff
00
00
ff
// 0x00008180
ff
00
00
00
00
00
00
00
00
00
00
00
00
00
00
00
// 0x00008190
00
00
ff
ff
ff
ff
ff
ff
00
00
00
00
00
00
00
ff
// 0x000081a0
00
00
00
ff
00
ff
ff
00
00
ff
ff
ff
ff
00
00
00
// 0x000081b0
00
00
00
00
00
00
00
00
00
00
ff
ff
00
00
ff
00
// 0x000081c0
ff
ff
ff
00
00
00
00
00
ff
ff
ff
00
00
ff
ff
00
// 0x000081d0
00
00
00
00
00
00
00
00
00
ff
ff
00
00
00
00
ff
// 0x000081e0
00
ff
ff
ff
ff
00
00
00
00
00
00
00
00
00
00
00
// 0x000081f0
00
00
00
00
00
00
00
00
00
00
00
00
00
00
00
00
// 0x00008200
00
00
00
00
00
00
00
00
00
00
00
00
00
00
00
00
// 0x00008210
00
00
00
00
00
00
00
00
00
00
00
00
ff
ff
ff
ff
// 0x00008220
00
00
00
00
00
00
00
00
00
00
00
00
00
ff
ff
ff
// 0x00008230
00
00
00
00
00
ff
00
00
00
00
00
00
00
00
00
ff
// 0x00008240
00
00
00
00
00
00
00
00
00
00
00
ff
00
00
00
00
// 0x00008250
00
00
ff
ff
00
00
00
00
00
00
00
00
00
00
00
ff
// 0x00008260
ff
00
00
00
00
ff
ff
00
00
00
00
00
00
00
00
00
// 0x00008270
00
00
00
00
00
00
00
00
00
ff
00
ff
00
00
00
ff
// 0x00008280
00
00
00
00
00
00
00
00
00
00
00
00
00
00
00
00
// 0x00008290
00
00
ff
ff
00
00
00
00
00
00
00
00
00
00
00
00
// 0x000082a0
00
00
ff
00
00
ff
ff
00
00
00
ff
ff
ff
ff
ff
00
// 0x000082b0
00
00
00
00
00
00
00
00
00
00
00
ff
00
00
ff
ff
// 0x000082c0
ff
00
ff
00
00
00
00
00
00
ff
ff
ff
ff
00
ff
ff
// 0x000082d0
00
00
00
00
00
00
00
00
00
00
ff
ff
00
00
00
00
// 0x000082e0
ff
00
ff
ff
ff
ff
00
00
00
00
00
00
00
00
00
00
// 0x000082f0
00
00
00
00
00
00
00
00
00
00
00
00
00
00
00
00
// 0x00008300
00
00
00
00
00
00
00
00
00
00
00
00
00
00
00
00
// 0x00008310
00
00
00
00
00
00
00
00
00
00
00
ff
ff
ff
ff
00
// 0x00008320
00
00
00
00
00
00
00
00
00
00
00
00
00
ff
ff
00
// 0x00008330
00
00
00
00
00
00
00
00
00
00
00
00
00
00
ff
00
// 0x00008340
00
00
00
00
00
00
00
00
00
00
ff
00
00
00
00
00
// 0x00008350
00
00
ff
00
ff
00
00
00
00
00
00
00
00
00
ff
ff
// 0x00008360
00
00
00
00
00
ff
00
00
00
00
00
00
00
00
00
00
// 0x00008370
00
00
00
00
00
00
00
00
00
ff
ff
ff
00
00
00
00
// 0x00008380
00
00
00
00
00
00
00
00
00
00
00
00
00
00
00
ff
// 0x00008390
00
00
00
00
00
00
00
00
00
00
00
00
00
00
00
00
// 0x000083a0
00
00
00
00
ff
ff
00
00
00
00
00
00
ff
ff
ff
ff
// 0x000083b0
00
00
00
00
00
00
00
00
00
00
00
00
ff
00
ff
ff
// 0x000083c0
ff
ff
ff
00
00
00
00
00
00
00
ff
ff
00
ff
00
ff
// 0x000083d0
ff
00
00
00
00
00
00
00
00
00
ff
ff
ff
00
00
00
// 0x000083e0
ff
00
00
ff
ff
ff
ff
00
00
00
00
00
00
00
00
00
// 0x000083f0
00
00
00
00
00
00
00
00
00
00
00
00
00
00
00
00
// 0x00008400
00
00
00
00
00
00
00
00
00
00
00
00
00
00
00
00
// 0x00008410
00
00
00
00
00
00
00
00
00
00
ff
ff
ff
ff
00
00
// 0x00008420
00
00
00
00
00
00
00
00
00
00
00
00
ff
ff
ff
00
// 0x00008430
00
00
00
00
00
00
00
00
00
00
00
00
00
00
ff
00
// 0x00008440
00
00
00
00
00
00
ff
00
00
ff
00
00
00
00
00
00
// 0x00008450
00
ff
ff
00
00
00
00
00
00
00
00
00
00
ff
ff
00
// 0x00008460
00
00
00
00
00
00
00
00
00
00
00
00
00
00
00
00
// 0x00008470
00
00
00
00
00
00
00
00
ff
ff
ff
00
00
00
00
00
// 0x00008480
00
00
ff
00
00
00
00
00
00
00
00
00
ff
00
ff
ff
// 0x00008490
00
00
00
00
00
00
00
00
00
00
00
00
ff
00
00
ff
// 0x000084a0
ff
00
00
ff
ff
00
00
00
00
00
00
00
00
ff
ff
ff
// 0x000084b0
00
00
00
00
00
00
00
00
00
00
00
00
00
00
ff
ff
// 0x000084c0
00
00
00
00
ff
00
00
00
00
00
00
ff
ff
00
ff
ff
// 0x000084d0
ff
ff
00
00
00
00
00
00
00
00
00
ff
ff
00
00
00
// 0x000084e0
00
ff
00
00
ff
ff
ff
ff
00
00
00
00
00
00
00
00
// 0x000084f0
00
00
00
00
00
00
00
00
00
00
00
00
00
00
00
00
// 0x00008500
00
00
00
00
00
00
00
00
00
00
00
00
00
00
00
00
// 0x00008510
00
00
00
00
00
00
00
00
00
ff
ff
ff
ff
00
00
00
// 0x00008520
00
00
00
00
00
00
00
00
00
00
00
ff
ff
ff
00
00
// 0x00008530
00
00
00
00
00
00
00
00
00
00
00
00
00
ff
00
00
// 0x00008540
00
00
00
00
00
ff
00
00
ff
ff
00
00
00
00
00
00
// 0x00008550
ff
ff
00
ff
00
00
00
00
00
00
00
00
ff
ff
ff
00
// 0x00008560
ff
00
00
ff
00
00
00
00
00
00
00
00
00
00
00
00
// 0x00008570
00
00
00
00
00
00
00
ff
ff
ff
00
00
00
00
00
00
// 0x00008580
00
ff
00
00
00
00
00
00
00
00
00
ff
ff
00
ff
ff
// 0x00008590
00
00
ff
ff
00
00
00
00
00
00
00
00
00
00
ff
ff
// 0x000085a0
00
00
00
00
00
00
00
00
00
00
00
00
00
ff
ff
ff
// 0x000085b0
00
00
00
00
00
00
00
00
00
00
00
00
00
00
00
00
// 0x000085c0
00
00
00
00
00
ff
00
00
00
00
00
00
ff
ff
00
ff
// 0x000085d0
ff
ff
ff
00
00
00
00
00
00
00
00
ff
ff
00
00
00
// 0x000085e0
00
ff
ff
00
00
ff
ff
ff
ff
00
00
00
00
00
00
00
// 0x000085f0
00
00
00
00
00
00
00
00
00
00
00
00
00
00
00
00
// 0x00008600
00
00
00
00
00
00
00
00
00
00
00
00
00
00
00
00
// 0x00008610
00
00
00
00
00
00
00
00
ff
ff
ff
ff
00
00
00
00
// 0x00008620
00
00
00
00
00
00
00
00
00
00
ff
ff
ff
00
00
00
// 0x00008630
00
00
00
00
00
00
00
00
00
00
00
00
ff
00
00
00
// 0x00008640
00
00
00
00
00
00
00
00
ff
00
00
00
00
00
00
00
// 0x00008650
ff
00
00
00
00
00
00
00
00
00
00
00
ff
ff
00
00
// 0x00008660
00
00
ff
00
00
00
00
00
00
00
00
00
00
00
00
00
// 0x00008670
00
00
00
00
00
00
ff
ff
ff
00
00
00
00
00
00
00
// 0x00008680
ff
00
00
00
00
00
00
00
00
00
ff
ff
00
ff
ff
ff
// 0x00008690
00
00
ff
00
ff
00
00
00
00
00
00
00
00
00
00
00
// 0x000086a0
ff
ff
ff
00
00
00
00
00
00
00
00
00
ff
ff
ff
ff
// 0x000086b0
ff
ff
ff
00
00
00
00
00
00
00
00
00
00
00
00
00
// 0x000086c0
00
00
00
00
00
ff
ff
00
00
00
00
00
00
ff
ff
ff
// 0x000086d0
00
ff
ff
ff
00
00
00
00
ff
00
00
ff
ff
ff
00
00
// 0x000086e0
00
00
ff
00
00
00
ff
ff
ff
ff
00
00
00
00
00
00
// 0x000086f0
00
00
00
00
00
00
00
00
00
00
00
00
00
00
00
00
// 0x00008700
00
00
00
00
00
00
00
00
00
00
00
00
00
00
00
00
// 0x00008710
00
00
00
00
00
00
00
ff
ff
ff
ff
00
00
00
00
00
// 0x00008720
00
00
00
00
00
00
00
00
00
ff
ff
ff
00
00
00
00
// 0x00008730
00
00
00
00
00
00
00
00
00
00
00
ff
00
00
00
00
// 0x00008740
00
00
00
00
00
00
00
ff
00
00
00
00
00
00
00
ff
// 0x00008750
ff
00
00
00
00
00
00
00
00
00
00
00
00
ff
00
00
// 0x00008760
00
ff
ff
00
00
00
00
00
00
00
00
00
00
00
00
00
// 0x00008770
00
00
00
00
00
ff
00
ff
ff
00
00
00
00
00
00
ff
// 0x00008780
ff
00
00
00
00
00
00
00
00
ff
ff
ff
ff
ff
ff
00
// 0x00008790
00
00
00
ff
ff
00
00
00
00
00
00
00
00
00
00
ff
// 0x000087a0
ff
00
00
00
00
00
00
00
00
00
00
ff
ff
00
ff
ff
// 0x000087b0
ff
ff
ff
ff
00
00
00
00
00
00
00
00
00
00
00
00
// 0x000087c0
00
00
00
00
ff
00
ff
00
00
00
00
00
00
00
ff
ff
// 0x000087d0
ff
00
ff
ff
ff
00
00
00
ff
00
00
00
ff
ff
00
00
// 0x000087e0
00
ff
00
ff
00
00
00
ff
ff
ff
ff
00
00
00
00
00
// 0x000087f0
00
00
00
00
00
00
00
00
00
00
00
00
00
00
00
00
// 0x00008800
00
00
00
00
00
00
00
00
00
00
00
00
00
00
00
00
// 0x00008810
00
00
00
00
00
00
ff
ff
ff
ff
00
00
00
00
00
00
// 0x00008820
00
00
00
00
00
00
00
00
ff
ff
ff
00
00
00
00
00
// 0x00008830
00
ff
00
00
00
00
00
00
00
00
00
00
00
00
00
00
// 0x00008840
00
00
00
00
00
00
ff
00
00
00
00
00
00
00
ff
ff
// 0x00008850
00
00
00
00
00
00
00
00
00
00
00
00
ff
ff
00
00
// 0x00008860
ff
ff
00
00
00
00
00
00
00
00
00
00
00
00
00
00
// 0x00008870
00
00
00
00
ff
ff
ff
ff
00
00
00
00
00
00
00
ff
// 0x00008880
00
00
00
00
00
00
00
00
ff
ff
ff
00
ff
ff
ff
00
// 0x00008890
00
00
00
ff
00
00
00
00
00
00
00
00
00
00
ff
00
// 0x000088a0
00
00
00
00
00
00
00
00
00
00
ff
00
ff
ff
00
ff
// 0x000088b0
ff
ff
00
ff
ff
ff
ff
00
00
00
00
00
00
00
00
00
// 0x000088c0
00
00
00
00
00
ff
00
ff
00
00
00
00
00
00
00
ff
// 0x000088d0
00
ff
00
ff
ff
ff
ff
00
00
00
00
00
ff
ff
ff
00
// 0x000088e0
00
ff
ff
00
ff
00
00
ff
ff
ff
ff
ff
00
00
00
00
// 0x000088f0
00
00
00
00
00
00
00
00
00
00
00
00
00
00
00
00
// 0x00008900
00
00
00
00
00
00
00
00
00
00
00
00
00
00
00
00
// 0x00008910
00
00
00
00
00
ff
ff
ff
ff
00
00
00
00
00
00
00
// 0x00008920
00
00
00
00
00
00
00
00
ff
ff
00
00
00
00
00
00
// 0x00008930
00
00
00
00
00
00
00
00
00
00
00
00
00
00
00
00
// 0x00008940
00
00
00
00
00
ff
ff
00
00
00
00
00
00
00
ff
00
// 0x00008950
00
00
00
00
00
00
00
00
00
ff
00
00
ff
ff
00
ff
// 0x00008960
ff
00
00
00
00
00
00
00
00
00
00
00
00
00
00
00
// 0x00008970
00
00
00
ff
ff
ff
ff
00
00
ff
ff
00
00
00
00
ff
// 0x00008980
00
00
00
00
00
00
00
ff
ff
ff
00
00
ff
ff
ff
ff
// 0x00008990
00
00
ff
00
00
00
00
00
00
00
00
00
00
00
00
00
// 0x000089a0
00
00
00
00
00
00
00
00
00
00
00
00
00
00
ff
ff
// 0x000089b0
ff
00
00
ff
ff
ff
00
00
00
00
00
00
00
00
00
00
// 0x000089c0
00
00
00
00
00
00
00
00
ff
00
00
ff
00
00
00
00
// 0x000089d0
ff
00
ff
ff
ff
ff
ff
ff
00
00
00
00
ff
ff
ff
ff
// 0x000089e0
00
00
ff
ff
00
ff
00
00
ff
ff
ff
ff
ff
00
00
00
// 0x000089f0
00
00
00
00
00
00
00
00
00
00
00
00
00
00
00
00
// 0x00008a00
00
00
00
00
00
00
00
00
00
00
00
00
00
00
00
00
// 0x00008a10
00
00
00
00
ff
ff
ff
ff
00
00
00
00
00
00
00
00
// 0x00008a20
00
00
00
00
00
ff
00
ff
ff
00
00
00
00
00
00
00
// 0x00008a30
00
00
00
00
00
00
00
00
00
00
00
00
00
00
00
00
// 0x00008a40
00
00
00
00
00
ff
00
00
00
00
00
00
00
ff
00
00
// 0x00008a50
00
00
00
00
00
00
00
00
00
ff
00
00
00
00
ff
ff
// 0x00008a60
00
00
00
00
00
00
00
00
00
00
00
00
00
00
00
00
// 0x00008a70
00
00
ff
ff
00
00
ff
00
ff
00
00
00
00
00
00
00
// 0x00008a80
00
00
00
00
00
00
ff
ff
ff
00
00
ff
ff
ff
00
ff
// 0x00008a90
00
00
00
00
00
00
00
00
00
00
00
00
00
00
00
00
// 0x00008aa0
00
00
00
00
00
00
00
00
ff
00
00
00
ff
ff
ff
00
// 0x00008ab0
ff
ff
00
00
00
ff
00
00
00
00
00
00
00
00
00
00
// 0x00008ac0
00
00
00
00
00
00
ff
00
00
ff
00
00
00
00
00
00
// 0x00008ad0
ff
00
ff
ff
00
ff
ff
ff
ff
ff
00
00
ff
ff
ff
ff
// 0x00008ae0
ff
00
00
ff
ff
00
00
00
00
ff
ff
ff
ff
00
00
00
// 0x00008af0
00
00
00
00
00
00
00
00
00
00
00
00
00
00
00
00
// 0x00008b00
00
00
00
00
00
00
00
00
00
00
00
00
00
00
00
00
// 0x00008b10
00
00
00
ff
ff
ff
ff
00
00
00
00
00
00
00
00
00
// 0x00008b20
00
00
00
00
ff
00
ff
ff
ff
00
00
00
00
00
00
ff
// 0x00008b30
00
00
00
00
00
00
00
00
00
00
00
00
00
00
00
00
// 0x00008b40
00
ff
00
00
ff
00
00
00
00
00
00
00
ff
ff
00
00
// 0x00008b50
00
00
00
00
00
00
00
00
ff
00
00
00
00
00
00
00
// 0x00008b60
00
00
00
00
00
00
00
00
00
00
00
00
00
00
00
00
// 0x00008b70
00
ff
ff
00
00
00
00
00
00
00
00
00
00
00
ff
00
// 0x00008b80
00
00
00
00
00
ff
ff
ff
00
00
ff
ff
ff
00
00
00
// 0x00008b90
00
00
00
00
00
00
00
00
00
00
00
00
00
00
00
00
// 0x00008ba0
00
00
00
00
00
00
00
ff
00
00
00
ff
ff
00
00
ff
// 0x00008bb0
ff
00
00
00
00
ff
ff
00
00
00
00
00
00
00
00
00
// 0x00008bc0
00
00
00
00
00
00
00
ff
00
00
ff
00
00
00
00
00
// 0x00008bd0
ff
ff
00
ff
ff
00
00
ff
ff
ff
ff
00
ff
ff
00
ff
// 0x00008be0
ff
00
00
00
ff
00
00
00
00
00
ff
ff
ff
ff
00
00
// 0x00008bf0
00
00
00
00
00
00
00
00
00
00
00
00
00
00
00
00
// 0x00008c00
00
00
00
00
00
00
00
00
00
00
00
00
00
00
00
00
// 0x00008c10
00
00
ff
ff
ff
ff
00
00
00
00
00
00
00
ff
00
00
// 0x00008c20
00
00
00
ff
00
00
ff
ff
00
00
00
00
00
00
00
00
// 0x00008c30
00
00
00
00
00
00
00
00
00
00
00
00
00
00
00
00
// 0x00008c40
ff
00
00
ff
ff
00
00
00
00
00
00
00
ff
00
00
00
// 0x00008c50
00
00
00
00
00
00
00
00
ff
00
00
00
00
00
00
00
// 0x00008c60
00
00
00
00
00
00
00
00
00
00
00
00
00
00
00
00
// 0x00008c70
00
ff
00
00
00
ff
00
00
00
00
00
00
00
00
00
00
// 0x00008c80
00
00
00
ff
ff
ff
ff
00
00
ff
ff
ff
ff
00
00
00
// 0x00008c90
00
00
00
00
00
00
00
00
00
00
00
00
00
00
00
00
// 0x00008ca0
00
00
00
00
00
00
00
00
00
00
ff
ff
00
ff
ff
00
// 0x00008cb0
00
00
ff
ff
00
00
ff
ff
00
00
00
00
00
00
00
00
// 0x00008cc0
00
00
00
00
00
00
00
00
00
00
00
00
00
00
00
00
// 0x00008cd0
00
ff
ff
ff
ff
ff
00
00
00
ff
ff
ff
00
ff
ff
ff
// 0x00008ce0
ff
ff
00
00
00
ff
00
ff
00
00
00
ff
ff
ff
ff
00
// 0x00008cf0
00
00
00
00
00
00
00
00
00
00
00
00
00
00
00
00
// 0x00008d00
00
00
00
00
00
00
00
00
00
00
00
00
00
00
00
00
// 0x00008d10
00
ff
ff
ff
ff
00
00
00
00
00
00
00
ff
00
00
00
// 0x00008d20
00
00
ff
ff
00
ff
ff
00
00
00
00
00
00
00
00
00
// 0x00008d30
00
00
00
00
00
00
00
00
00
00
00
00
00
00
00
ff
// 0x00008d40
ff
00
00
00
00
00
00
00
00
00
00
ff
00
00
00
00
// 0x00008d50
00
00
00
00
00
00
00
ff
ff
00
00
00
00
00
00
00
// 0x00008d60
00
00
00
00
00
00
00
00
00
00
00
00
00
00
00
00
// 0x00008d70
ff
00
00
00
00
00
ff
00
00
00
00
00
00
00
00
00
// 0x00008d80
00
00
ff
ff
ff
ff
00
00
ff
ff
ff
ff
00
00
00
00
// 0x00008d90
00
00
00
00
00
00
00
00
00
00
00
00
00
00
00
00
// 0x00008da0
00
00
00
00
00
00
00
00
ff
ff
ff
00
ff
00
00
00
// 0x00008db0
00
00
00
ff
00
00
ff
ff
ff
00
00
00
00
00
00
00
// 0x00008dc0
00
00
00
00
00
00
00
00
00
00
00
00
00
00
00
00
// 0x00008dd0
00
00
ff
ff
ff
ff
00
00
00
00
ff
ff
ff
00
ff
ff
// 0x00008de0
ff
ff
ff
00
00
ff
ff
00
ff
00
ff
00
ff
ff
ff
ff
// 0x00008df0
00
00
00
00
00
00
00
00
00
00
00
00
00
00
00
00
// 0x00008e00
00
00
00
00
00
00
00
00
00
00
00
00
00
00
00
00
// 0x00008e10
ff
ff
ff
ff
00
00
00
00
00
00
00
00
00
00
00
00
// 0x00008e20
00
ff
ff
00
ff
ff
ff
00
00
00
00
00
00
00
00
00
// 0x00008e30
00
00
00
00
00
00
00
00
00
00
00
00
00
00
ff
ff
// 0x00008e40
00
00
00
00
00
00
00
00
00
00
ff
ff
00
00
00
00
// 0x00008e50
00
00
00
00
00
ff
ff
ff
ff
00
00
00
00
00
00
00
// 0x00008e60
00
00
00
00
00
00
00
00
00
00
00
00
00
00
00
ff
// 0x00008e70
00
00
00
00
00
00
00
00
00
00
00
00
00
ff
00
00
// 0x00008e80
00
ff
ff
ff
00
00
ff
ff
ff
ff
00
00
00
00
00
00
// 0x00008e90
00
00
00
00
00
00
00
00
00
00
00
00
00
00
00
00
// 0x00008ea0
00
00
00
00
00
00
00
ff
ff
00
00
ff
00
00
00
00
// 0x00008eb0
00
00
00
00
00
00
ff
ff
ff
ff
ff
00
00
00
00
00
// 0x00008ec0
00
00
00
00
00
00
00
00
00
00
00
00
00
00
00
00
// 0x00008ed0
00
00
ff
ff
ff
ff
ff
00
00
00
00
ff
ff
00
ff
ff
// 0x00008ee0
ff
ff
ff
ff
00
00
ff
00
ff
ff
00
ff
00
ff
ff
ff
// 0x00008ef0
ff
00
00
00
00
00
00
00
00
00
00
00
00
00
00
00
// 0x00008f00
00
00
00
00
00
00
00
00
00
00
00
00
00
00
00
00
// 0x00008f10
ff
ff
ff
00
00
00
00
00
00
00
00
00
00
00
00
00
// 0x00008f20
00
ff
00
ff
ff
ff
00
00
00
00
00
00
00
00
00
00
// 0x00008f30
00
00
00
00
00
00
00
00
00
00
00
00
00
ff
ff
00
// 0x00008f40
00
00
00
00
00
00
00
00
00
ff
ff
00
00
00
00
00
// 0x00008f50
00
00
00
00
ff
ff
ff
ff
00
ff
00
00
00
00
00
00
// 0x00008f60
00
00
00
00
00
00
00
00
00
00
00
00
00
00
ff
ff
// 0x00008f70
00
00
ff
00
00
00
00
00
ff
00
00
00
ff
ff
00
00
// 0x00008f80
00
ff
ff
ff
00
ff
ff
ff
ff
00
00
00
00
ff
00
00
// 0x00008f90
00
00
00
00
00
00
00
00
00
00
00
00
00
00
00
00
// 0x00008fa0
00
00
00
00
00
ff
ff
ff
00
00
00
00
00
00
00
00
// 0x00008fb0
00
00
00
00
00
00
00
ff
ff
ff
ff
00
00
00
00
00
// 0x00008fc0
00
00
00
00
00
00
00
00
00
00
00
00
00
00
ff
00
// 0x00008fd0
00
00
00
ff
ff
00
ff
ff
00
00
00
00
ff
ff
00
00
// 0x00008fe0
ff
ff
ff
ff
ff
00
ff
ff
00
ff
ff
00
ff
ff
ff
ff
// 0x00008ff0
ff
ff
00
00
00
00
00
00
00
00
00
00
00
00
00
00
// 0x00009000
00
00
00
00
00
00
00
00
00
00
00
00
00
00
00
ff
// 0x00009010
ff
ff
ff
00
00
00
00
00
00
00
00
00
00
00
00
00
// 0x00009020
ff
00
ff
ff
ff
00
00
00
00
00
00
00
00
00
00
00
// 0x00009030
00
00
00
00
00
00
00
00
00
00
00
00
00
ff
00
00
// 0x00009040
00
00
00
00
00
00
00
00
00
ff
00
00
00
00
00
00
// 0x00009050
00
00
00
00
ff
ff
ff
00
ff
ff
00
00
00
00
00
00
// 0x00009060
00
00
00
00
00
00
00
00
00
00
00
00
00
00
ff
00
// 0x00009070
00
00
00
00
00
00
00
ff
ff
00
00
ff
ff
00
00
00
// 0x00009080
00
ff
ff
00
ff
ff
ff
00
00
00
00
00
00
00
00
00
// 0x00009090
00
00
00
00
00
00
00
00
00
00
00
00
00
00
00
00
// 0x000090a0
00
ff
ff
00
ff
ff
ff
00
00
00
00
00
00
00
00
00
// 0x000090b0
00
00
00
00
00
00
00
ff
ff
ff
ff
ff
00
00
00
00
// 0x000090c0
00
00
00
00
00
00
00
00
ff
ff
00
00
00
00
ff
ff
// 0x000090d0
00
00
00
00
ff
ff
00
ff
ff
00
00
00
00
ff
ff
ff
// 0x000090e0
00
ff
ff
ff
ff
ff
00
ff
ff
00
ff
ff
00
00
ff
ff
// 0x000090f0
ff
ff
00
00
00
00
00
00
00
00
00
00
00
00
00
00
// 0x00009100
00
00
00
00
00
00
00
00
00
00
00
00
00
00
ff
ff
// 0x00009110
ff
ff
00
00
00
00
00
00
00
00
00
00
00
00
00
ff
// 0x00009120
00
00
ff
ff
00
00
00
00
00
00
00
00
00
00
00
00
// 0x00009130
00
00
00
00
00
00
00
ff
ff
00
00
00
ff
ff
00
00
// 0x00009140
00
00
00
00
00
00
00
00
ff
00
00
00
00
00
00
00
// 0x00009150
00
00
00
ff
00
00
00
00
ff
00
00
00
00
00
00
00
// 0x00009160
00
00
00
00
00
00
00
00
00
00
00
00
00
ff
ff
00
// 0x00009170
00
00
00
ff
00
00
00
ff
00
00
ff
ff
00
00
00
ff
// 0x00009180
ff
ff
00
ff
ff
00
00
00
00
00
00
00
00
00
00
00
// 0x00009190
00
00
00
00
00
00
00
00
00
00
00
00
00
00
00
00
// 0x000091a0
ff
ff
00
00
ff
00
00
00
00
00
00
00
00
00
00
00
// 0x000091b0
00
00
00
00
00
00
00
ff
00
ff
ff
ff
ff
ff
00
00
// 0x000091c0
00
00
00
00
00
00
00
00
00
00
00
00
00
00
00
ff
// 0x000091d0
ff
00
00
00
00
ff
ff
00
ff
00
ff
ff
00
00
ff
ff
// 0x000091e0
ff
00
ff
ff
ff
ff
ff
00
ff
ff
00
ff
00
00
00
ff
// 0x000091f0
ff
ff
ff
00
00
00
00
00
00
00
00
00
00
00
00
00
// 0x00009200
00
00
00
00
00
00
00
00
00
00
00
00
00
00
ff
ff
// 0x00009210
ff
00
00
00
00
00
00
00
00
00
00
00
00
00
ff
00
// 0x00009220
00
ff
ff
00
00
00
00
00
00
ff
ff
00
00
00
00
00
// 0x00009230
00
00
00
00
00
00
ff
ff
00
00
00
ff
ff
00
00
00
// 0x00009240
00
00
00
00
00
00
00
ff
ff
00
00
00
00
00
00
00
// 0x00009250
00
00
ff
ff
00
00
00
ff
00
00
00
00
00
00
00
00
// 0x00009260
00
ff
00
00
00
00
00
00
00
00
00
00
ff
ff
ff
00
// 0x00009270
00
00
ff
00
00
00
ff
00
00
00
ff
00
00
00
ff
ff
// 0x00009280
ff
00
ff
00
00
00
00
00
00
00
00
00
00
00
00
00
// 0x00009290
00
00
00
00
00
00
00
00
00
00
00
00
00
00
00
ff
// 0x000092a0
ff
00
00
ff
ff
00
00
00
00
00
00
00
00
00
00
00
// 0x000092b0
00
00
00
00
00
ff
ff
ff
00
ff
00
00
00
ff
ff
ff
// 0x000092c0
00
00
00
00
00
00
00
00
00
00
00
00
00
00
00
00
// 0x000092d0
ff
ff
00
00
00
00
ff
ff
ff
00
00
ff
00
00
00
ff
// 0x000092e0
ff
ff
00
ff
ff
ff
ff
ff
00
ff
ff
00
ff
00
ff
00
// 0x000092f0
ff
ff
ff
ff
00
00
00
00
00
00
00
00
00
00
00
00
// 0x00009300
00
00
00
00
00
00
00
00
00
00
00
00
00
ff
ff
ff
// 0x00009310
00
00
00
00
00
00
00
00
00
00
00
00
00
00
00
00
// 0x00009320
00
ff
ff
00
00
00
00
00
00
00
00
00
00
00
00
00
// 0x00009330
00
00
00
00
00
ff
ff
00
00
00
00
ff
00
00
00
00
// 0x00009340
00
00
00
00
00
00
ff
ff
00
00
00
00
00
00
00
00
// 0x00009350
00
ff
ff
00
00
00
ff
00
00
00
00
00
00
00
00
00
// 0x00009360
00
00
00
00
00
00
00
00
00
00
00
00
ff
ff
00
00
// 0x00009370
00
00
00
00
00
ff
ff
00
00
ff
00
00
00
ff
ff
ff
// 0x00009380
00
ff
00
00
00
00
00
00
00
00
00
00
00
00
00
00
// 0x00009390
00
00
00
00
00
00
00
00
00
00
00
00
00
00
ff
ff
// 0x000093a0
00
00
ff
ff
00
00
ff
00
00
00
00
ff
ff
00
00
00
// 0x000093b0
00
00
00
00
00
00
00
00
00
00
00
00
00
00
00
ff
// 0x000093c0
ff
00
00
00
00
00
00
00
00
00
00
00
ff
00
00
00
// 0x000093d0
00
ff
ff
00
00
00
00
ff
00
00
00
00
ff
00
00
00
// 0x000093e0
ff
ff
ff
00
00
ff
ff
ff
ff
00
ff
00
00
ff
00
00
// 0x000093f0
00
ff
ff
ff
ff
00
00
00
00
00
00
00
00
00
00
00
// 0x00009400
00
00
00
00
00
00
00
00
00
00
00
00
ff
ff
ff
ff
// 0x00009410
00
00
00
00
00
00
00
00
00
00
00
00
00
00
00
00
// 0x00009420
ff
ff
00
00
00
00
00
00
00
00
00
00
00
00
00
00
// 0x00009430
00
00
00
00
00
ff
00
00
00
00
ff
00
00
00
00
00
// 0x00009440
00
00
00
00
00
00
ff
00
00
00
00
00
00
00
ff
00
// 0x00009450
00
ff
00
00
00
ff
ff
00
00
00
00
00
00
00
00
00
// 0x00009460
00
00
00
00
00
00
00
00
00
00
ff
00
ff
ff
00
00
// 0x00009470
ff
ff
00
00
ff
ff
00
ff
ff
00
00
00
ff
ff
ff
00
// 0x00009480
ff
ff
00
00
00
00
00
00
00
00
00
00
00
00
00
00
// 0x00009490
00
00
00
00
00
00
00
00
00
00
00
00
00
00
ff
00
// 0x000094a0
00
ff
ff
00
00
ff
00
00
00
ff
ff
00
00
00
00
00
// 0x000094b0
00
00
00
ff
ff
00
00
00
00
00
00
00
00
00
00
00
// 0x000094c0
00
00
00
00
00
00
00
00
00
00
00
00
00
00
00
00
// 0x000094d0
00
00
ff
ff
00
00
00
00
00
00
00
00
ff
ff
00
00
// 0x000094e0
00
ff
ff
ff
00
ff
ff
ff
ff
ff
00
00
00
00
ff
00
// 0x000094f0
00
00
ff
ff
ff
00
00
00
00
00
00
00
00
00
00
00
// 0x00009500
00
00
00
00
00
00
00
00
00
00
00
ff
ff
ff
ff
00
// 0x00009510
00
00
00
00
00
00
00
00
00
00
00
00
ff
00
00
00
// 0x00009520
ff
00
00
00
00
00
00
00
00
00
00
00
00
00
00
00
// 0x00009530
00
00
00
00
ff
00
00
00
00
ff
ff
00
00
00
00
00
// 0x00009540
00
00
00
00
00
ff
00
00
00
00
00
00
00
00
00
00
// 0x00009550
ff
ff
00
00
00
ff
00
00
00
00
00
00
00
00
00
00
// 0x00009560
00
00
00
00
00
00
00
00
00
ff
00
ff
ff
00
00
ff
// 0x00009570
ff
00
00
00
ff
ff
00
00
00
00
ff
ff
ff
ff
00
00
// 0x00009580
00
00
00
00
00
00
00
00
00
00
00
00
00
00
00
00
// 0x00009590
00
00
00
00
00
00
00
00
00
00
00
00
00
ff
ff
00
// 0x000095a0
ff
ff
00
ff
ff
ff
00
ff
00
00
00
00
00
00
00
ff
// 0x000095b0
ff
00
00
00
00
00
00
00
ff
ff
00
00
00
00
00
00
// 0x000095c0
00
00
00
00
00
00
00
00
00
00
00
00
00
00
00
00
// 0x000095d0
00
00
00
ff
00
00
00
00
00
00
00
00
00
ff
ff
00
// 0x000095e0
00
00
ff
ff
ff
00
ff
ff
ff
00
ff
00
00
00
00
00
// 0x000095f0
00
00
ff
ff
ff
ff
00
00
00
00
00
00
00
00
00
00
// 0x00009600
00
00
00
00
00
00
00
00
00
00
00
ff
ff
ff
ff
00
// 0x00009610
00
00
00
00
00
00
00
00
00
00
00
ff
00
00
00
ff
// 0x00009620
ff
00
00
00
00
00
00
00
00
00
00
00
00
00
00
00
// 0x00009630
00
00
00
ff
00
00
00
00
ff
ff
00
00
00
00
00
00
// 0x00009640
00
00
00
00
ff
00
00
00
00
00
00
00
00
00
00
ff
// 0x00009650
ff
00
00
00
ff
00
00
00
00
00
00
00
00
00
00
00
// 0x00009660
00
00
00
00
00
00
00
00
ff
ff
00
ff
ff
00
00
ff
// 0x00009670
00
00
00
ff
ff
00
00
00
00
ff
ff
ff
ff
00
00
00
// 0x00009680
00
00
00
00
00
00
00
00
00
00
00
00
00
00
00
00
// 0x00009690
00
00
00
00
00
00
00
00
00
00
00
00
ff
ff
ff
ff
// 0x000096a0
ff
00
ff
ff
ff
00
00
00
00
00
00
00
00
00
00
00
// 0x000096b0
00
00
ff
ff
ff
00
00
00
ff
ff
ff
ff
ff
ff
00
00
// 0x000096c0
00
00
00
00
00
00
00
00
00
00
00
00
00
00
ff
ff
// 0x000096d0
00
ff
00
00
ff
00
00
00
00
00
00
00
00
00
ff
ff
// 0x000096e0
00
00
00
00
ff
ff
00
ff
ff
00
ff
ff
ff
00
00
00
// 0x000096f0
00
00
00
ff
ff
ff
ff
00
00
00
00
00
00
00
00
00
// 0x00009700
00
00
00
00
00
00
00
00
00
00
ff
ff
ff
ff
00
00
// 0x00009710
00
00
00
00
00
00
00
00
00
00
ff
00
00
ff
ff
ff
// 0x00009720
00
00
00
00
ff
00
00
00
00
00
00
00
00
00
00
00
// 0x00009730
00
00
ff
00
00
00
00
00
ff
00
00
00
00
00
00
00
// 0x00009740
00
00
00
ff
ff
00
00
00
00
00
00
00
00
00
00
ff
// 0x00009750
ff
00
00
ff
ff
00
00
00
00
00
00
00
00
00
00
00
// 0x00009760
00
00
00
00
00
00
00
ff
ff
00
00
ff
ff
ff
ff
00
// 0x00009770
00
00
00
00
00
00
00
00
ff
ff
ff
00
00
00
00
00
// 0x00009780
00
00
00
00
00
00
00
00
00
00
00
00
00
00
00
00
// 0x00009790
00
00
00
00
00
00
00
00
00
00
00
ff
ff
ff
ff
ff
// 0x000097a0
00
ff
ff
ff
00
00
00
00
00
00
00
00
00
00
00
00
// 0x000097b0
ff
ff
ff
00
00
ff
ff
00
00
00
00
00
ff
ff
ff
ff
// 0x000097c0
00
00
00
00
00
00
00
00
00
00
00
00
00
00
ff
ff
// 0x000097d0
00
00
00
00
00
00
00
00
00
00
00
00
00
ff
00
ff
// 0x000097e0
ff
00
00
00
00
ff
ff
00
ff
ff
ff
ff
ff
ff
ff
ff
// 0x000097f0
00
00
00
00
ff
ff
ff
ff
00
00
00
00
00
00
00
00
// 0x00009800
00
00
00
00
00
00
00
00
00
ff
ff
ff
ff
00
00
00
// 0x00009810
00
00
00
00
00
00
00
00
00
ff
00
ff
ff
ff
ff
00
// 0x00009820
00
00
00
ff
ff
00
00
00
00
00
00
00
00
00
00
00
// 0x00009830
00
ff
00
00
00
00
00
ff
00
00
00
00
00
00
00
00
// 0x00009840
00
00
ff
ff
00
00
ff
00
00
00
00
ff
00
00
ff
ff
// 0x00009850
00
00
ff
ff
00
00
00
00
00
00
00
00
00
00
00
00
// 0x00009860
00
00
00
00
00
00
00
ff
00
00
ff
00
00
00
00
00
// 0x00009870
00
00
00
00
00
00
ff
ff
ff
ff
00
00
00
00
00
00
// 0x00009880
00
00
00
00
00
00
00
00
00
00
00
00
00
00
00
00
// 0x00009890
00
00
00
00
00
00
00
00
00
00
ff
ff
ff
ff
ff
00
// 0x000098a0
ff
ff
ff
00
00
00
00
00
00
00
00
00
00
00
00
ff
// 0x000098b0
ff
ff
00
00
00
ff
00
00
00
00
00
00
00
00
00
ff
// 0x000098c0
ff
ff
00
ff
00
00
00
00
00
00
00
00
00
00
00
ff
// 0x000098d0
00
00
00
00
00
00
00
00
00
00
00
00
00
00
00
00
// 0x000098e0
ff
ff
00
00
00
00
ff
ff
00
ff
00
ff
00
ff
ff
ff
// 0x000098f0
00
00
00
00
00
ff
ff
ff
ff
00
00
00
00
00
00
00
// 0x00009900
00
00
00
00
00
00
00
00
ff
ff
ff
ff
00
00
00
00
// 0x00009910
00
00
00
00
00
00
00
00
ff
00
00
ff
00
00
00
00
// 0x00009920
00
00
00
ff
00
00
00
00
00
00
00
00
00
00
00
00
// 0x00009930
00
00
00
00
00
00
00
00
00
00
00
00
00
00
00
00
// 0x00009940
00
ff
ff
00
00
00
00
00
00
00
ff
ff
00
ff
ff
00
// 0x00009950
00
ff
ff
00
ff
00
00
00
00
00
00
00
00
00
00
00
// 0x00009960
00
00
00
00
00
00
ff
00
00
00
00
00
00
00
00
00
// 0x00009970
00
00
00
00
00
ff
ff
ff
ff
00
00
00
00
00
00
00
// 0x00009980
00
00
00
00
00
00
00
00
00
00
00
00
00
00
00
00
// 0x00009990
00
00
00
00
00
00
00
00
00
ff
ff
ff
ff
00
00
ff
// 0x000099a0
ff
00
00
00
00
00
00
00
00
00
00
00
00
00
ff
ff
// 0x000099b0
00
00
00
00
00
00
00
ff
00
00
00
00
00
00
00
00
// 0x000099c0
00
ff
ff
00
ff
00
00
00
00
00
00
00
00
00
00
00
// 0x000099d0
00
00
00
ff
00
00
00
00
00
00
00
00
00
00
00
00
// 0x000099e0
00
ff
ff
00
00
00
00
ff
ff
00
ff
00
ff
00
ff
ff
// 0x000099f0
ff
00
00
00
00
ff
ff
ff
ff
ff
00
00
00
00
00
00
// 0x00009a00
00
00
00
00
00
00
00
00
ff
ff
ff
00
00
00
00
00
// 0x00009a10
00
00
00
00
00
00
00
00
00
00
ff
00
00
00
00
00
// 0x00009a20
00
00
ff
ff
00
00
00
00
00
00
00
00
00
00
00
00
// 0x00009a30
00
00
00
00
00
00
00
00
00
00
00
00
00
00
00
00
// 0x00009a40
00
ff
00
00
00
00
00
00
00
00
ff
00
ff
ff
ff
00
// 0x00009a50
ff
ff
00
00
00
00
00
00
00
00
00
00
00
00
00
00
// 0x00009a60
00
00
00
00
00
ff
00
00
00
00
00
00
00
00
00
00
// 0x00009a70
00
00
00
00
00
ff
ff
ff
00
00
00
00
00
00
00
00
// 0x00009a80
00
00
00
00
00
00
00
00
00
00
00
00
00
00
00
00
// 0x00009a90
00
00
00
00
00
00
00
00
ff
ff
ff
ff
00
ff
ff
ff
// 0x00009aa0
00
00
00
00
00
00
00
00
00
00
00
00
ff
ff
ff
00
// 0x00009ab0
00
00
00
00
00
00
ff
00
00
00
00
00
ff
ff
ff
ff
// 0x00009ac0
ff
00
00
ff
ff
00
00
00
00
00
00
00
00
ff
00
00
// 0x00009ad0
00
ff
00
00
ff
00
00
00
00
00
00
00
00
00
00
00
// 0x00009ae0
00
ff
ff
ff
00
00
00
00
ff
ff
00
ff
00
ff
00
ff
// 0x00009af0
ff
ff
00
00
00
00
ff
ff
ff
ff
00
00
00
00
00
00
// 0x00009b00
00
00
00
00
00
00
00
ff
ff
ff
ff
00
00
00
00
00
// 0x00009b10
ff
00
ff
ff
00
00
00
ff
00
ff
00
00
00
00
00
00
// 0x00009b20
00
ff
ff
00
00
00
00
00
00
00
00
00
00
00
00
00
// 0x00009b30
00
00
00
00
00
00
00
00
00
00
00
00
00
00
00
00
// 0x00009b40
ff
00
00
00
00
00
00
00
00
ff
00
00
ff
ff
00
ff
// 0x00009b50
ff
00
00
00
00
00
00
00
00
00
00
00
00
00
00
00
// 0x00009b60
00
00
00
00
ff
ff
00
00
00
00
00
00
00
00
00
00
// 0x00009b70
00
00
00
00
ff
ff
00
00
ff
00
00
00
ff
ff
00
00
// 0x00009b80
00
00
00
00
00
00
00
00
00
00
00
00
00
00
00
00
// 0x00009b90
00
00
00
00
ff
00
00
ff
ff
ff
00
00
ff
ff
ff
00
// 0x00009ba0
00
00
00
00
00
00
00
00
00
00
ff
ff
ff
00
00
00
// 0x00009bb0
00
00
00
00
00
00
00
00
00
ff
ff
00
00
00
00
00
// 0x00009bc0
00
00
00
00
00
00
00
00
00
00
00
00
00
00
ff
00
// 0x00009bd0
00
00
ff
00
00
ff
ff
00
00
00
00
00
00
00
00
00
// 0x00009be0
00
00
ff
ff
ff
00
00
00
00
ff
ff
00
ff
ff
ff
00
// 0x00009bf0
ff
ff
ff
00
00
00
00
ff
ff
ff
ff
00
00
00
00
00
// 0x00009c00
00
00
00
00
00
00
ff
ff
ff
ff
00
00
00
00
00
ff
// 0x00009c10
00
ff
ff
00
00
00
ff
00
00
00
00
00
ff
ff
00
00
// 0x00009c20
ff
ff
00
00
00
00
00
00
00
00
00
00
00
00
00
00
// 0x00009c30
00
00
00
00
00
00
00
00
00
00
00
00
00
00
00
ff
// 0x00009c40
ff
00
00
00
00
00
00
00
ff
00
00
ff
ff
00
00
ff
// 0x00009c50
ff
00
00
00
00
00
00
00
00
00
00
00
00
00
00
00
// 0x00009c60
00
00
00
00
ff
00
00
00
00
00
00
00
00
00
00
00
// 0x00009c70
00
00
00
ff
ff
00
ff
00
00
ff
00
ff
ff
00
00
00
// 0x00009c80
00
00
00
00
00
00
00
00
00
00
00
00
00
00
00
00
// 0x00009c90
00
00
00
00
00
00
ff
ff
ff
00
ff
ff
ff
00
00
00
// 0x00009ca0
ff
00
00
00
00
00
00
00
00
ff
ff
ff
00
00
00
00
// 0x00009cb0
00
00
00
ff
00
ff
ff
ff
00
00
00
ff
ff
ff
ff
ff
// 0x00009cc0
ff
00
00
00
ff
00
00
00
00
00
00
00
00
00
00
ff
// 0x00009cd0
00
00
ff
ff
00
ff
ff
ff
00
00
00
00
00
00
00
00
// 0x00009ce0
00
00
00
ff
ff
ff
00
00
00
00
ff
ff
00
00
ff
ff
// 0x00009cf0
00
ff
ff
ff
00
00
00
00
ff
ff
ff
ff
00
00
00
00
// 0x00009d00
00
00
00
00
00
ff
ff
ff
ff
00
00
00
00
00
00
00
// 0x00009d10
00
ff
00
00
ff
ff
00
00
00
00
00
00
ff
00
00
ff
// 0x00009d20
ff
00
00
00
00
00
00
00
00
00
00
00
00
00
00
00
// 0x00009d30
00
00
00
00
00
00
00
00
00
00
00
00
00
00
ff
ff
// 0x00009d40
00
00
00
00
00
00
00
ff
00
00
00
ff
ff
00
ff
ff
// 0x00009d50
00
00
00
00
00
00
00
00
00
00
00
00
00
00
00
00
// 0x00009d60
00
00
00
00
00
00
00
00
00
00
00
00
00
00
00
00
// 0x00009d70
00
00
ff
ff
00
00
00
ff
00
00
ff
ff
00
ff
00
00
// 0x00009d80
00
00
00
00
00
00
00
00
00
00
00
00
00
00
00
00
// 0x00009d90
00
00
ff
ff
ff
ff
ff
00
00
ff
ff
ff
00
00
00
00
// 0x00009da0
00
00
00
00
00
00
00
ff
ff
ff
ff
00
00
00
00
00
// 0x00009db0
00
ff
ff
ff
ff
ff
00
00
ff
ff
00
00
00
00
00
00
// 0x00009dc0
00
00
00
00
ff
ff
ff
00
00
00
00
00
00
00
00
00
// 0x00009dd0
ff
00
00
ff
ff
00
00
ff
ff
00
00
00
00
00
00
00
// 0x00009de0
00
00
00
00
ff
ff
ff
00
00
ff
00
ff
ff
00
00
ff
// 0x00009df0
00
ff
ff
ff
ff
00
00
00
00
ff
ff
ff
ff
00
00
00
// 0x00009e00
00
00
00
00
ff
ff
ff
ff
00
00
00
00
00
00
00
00
// 0x00009e10
ff
ff
00
ff
ff
00
00
00
00
00
00
ff
ff
00
ff
ff
// 0x00009e20
00
00
00
00
00
00
00
00
00
00
00
00
00
00
00
00
// 0x00009e30
00
00
00
00
00
00
00
00
00
00
00
00
00
00
ff
00
// 0x00009e40
00
00
00
00
00
00
00
00
00
00
ff
ff
00
ff
ff
00
// 0x00009e50
00
00
00
00
00
00
00
00
00
00
00
00
00
00
00
00
// 0x00009e60
00
00
00
00
00
00
00
00
00
00
00
00
00
00
00
00
// 0x00009e70
00
ff
00
00
00
00
ff
00
ff
ff
ff
ff
00
00
00
00
// 0x00009e80
00
00
00
00
00
00
00
00
00
00
00
00
00
00
00
00
// 0x00009e90
00
ff
ff
ff
ff
00
00
ff
ff
ff
00
00
00
00
00
00
// 0x00009ea0
00
00
00
00
00
00
ff
ff
ff
00
00
00
00
00
00
00
// 0x00009eb0
ff
ff
00
00
00
00
ff
ff
00
00
00
00
00
00
00
00
// 0x00009ec0
00
00
00
00
00
00
00
ff
ff
00
00
00
00
00
00
00
// 0x00009ed0
00
ff
00
00
ff
ff
00
00
00
ff
00
00
00
00
00
00
// 0x00009ee0
00
00
00
00
00
ff
ff
ff
00
00
ff
00
ff
ff
00
00
// 0x00009ef0
ff
00
ff
ff
ff
00
00
00
00
ff
ff
ff
ff
ff
00
00
// 0x00009f00
00
00
ff
ff
ff
ff
ff
ff
00
00
00
00
00
00
00
ff
// 0x00009f10
ff
00
00
ff
00
00
00
00
00
00
ff
ff
00
00
ff
00
// 0x00009f20
00
00
00
00
00
00
00
00
00
00
00
00
00
00
00
00
// 0x00009f30
00
00
00
00
00
00
00
00
00
00
00
00
00
ff
00
00
// 0x00009f40
00
00
00
00
00
00
00
00
00
00
ff
00
00
ff
00
00
// 0x00009f50
00
00
00
00
00
00
00
00
00
00
00
00
00
00
00
00
// 0x00009f60
00
00
00
00
00
00
00
00
00
00
00
00
00
00
00
00
// 0x00009f70
00
00
00
00
00
ff
00
ff
ff
ff
ff
00
00
00
00
00
// 0x00009f80
00
00
00
00
00
00
00
00
00
00
00
00
00
00
00
ff
// 0x00009f90
ff
ff
ff
00
00
ff
ff
ff
00
00
00
00
00
00
00
00
// 0x00009fa0
00
00
00
00
ff
ff
ff
ff
00
00
00
00
ff
00
00
ff
// 0x00009fb0
00
00
00
ff
ff
00
00
00
00
00
00
00
00
00
00
00
// 0x00009fc0
00
00
00
00
00
00
ff
ff
ff
ff
ff
ff
ff
ff
ff
ff
// 0x00009fd0
00
00
00
00
00
ff
ff
00
00
00
ff
00
00
00
00
00
// 0x00009fe0
00
00
00
00
00
00
ff
ff
ff
00
00
ff
00
ff
ff
00
// 0x00009ff0
ff
ff
00
ff
ff
ff
00
00
00
00
ff
ff
ff
ff
ff
00
// 0x0000a000
00
ff
ff
ff
ff
ff
ff
00
00
00
00
00
00
00
ff
ff
// 0x0000a010
00
00
ff
ff
00
00
00
00
00
ff
ff
00
00
ff
00
00
// 0x0000a020
00
00
00
00
00
00
00
00
00
00
00
00
00
00
00
00
// 0x0000a030
00
ff
00
00
00
00
00
00
00
00
00
00
ff
ff
00
ff
// 0x0000a040
00
00
00
00
00
00
00
00
00
ff
ff
00
ff
00
00
00
// 0x0000a050
00
00
00
00
00
00
00
00
00
00
00
00
00
00
00
00
// 0x0000a060
00
ff
00
00
00
00
00
00
00
00
00
00
00
00
00
00
// 0x0000a070
00
00
00
ff
ff
00
ff
ff
ff
00
00
00
00
00
00
00
// 0x0000a080
00
00
00
00
00
00
00
00
00
00
00
00
00
00
ff
ff
// 0x0000a090
ff
ff
00
00
ff
ff
00
00
00
00
00
00
00
00
00
00
// 0x0000a0a0
00
00
00
ff
ff
ff
ff
00
00
00
00
ff
ff
00
00
00
// 0x0000a0b0
00
00
00
00
00
00
00
00
00
00
00
00
00
00
00
00
// 0x0000a0c0
00
00
00
ff
ff
ff
ff
ff
ff
ff
ff
ff
ff
ff
ff
ff
// 0x0000a0d0
ff
ff
ff
00
00
00
ff
ff
ff
00
00
00
00
00
00
00
// 0x0000a0e0
00
00
00
00
00
00
00
ff
ff
ff
00
00
ff
00
ff
ff
// 0x0000a0f0
00
ff
ff
00
ff
ff
ff
00
00
ff
00
ff
ff
ff
ff
00
// 0x0000a100
00
ff
ff
ff
ff
00
00
00
00
00
00
00
00
00
ff
00
// 0x0000a110
00
ff
ff
00
00
00
00
00
ff
ff
ff
00
ff
ff
00
00
// 0x0000a120
00
00
00
00
00
00
00
00
00
00
00
00
00
00
00
00
// 0x0000a130
ff
00
00
00
00
00
00
00
00
00
00
ff
00
00
ff
00
// 0x0000a140
00
00
00
00
ff
00
00
00
ff
ff
00
ff
ff
00
00
00
// 0x0000a150
00
00
ff
00
00
00
00
00
00
00
00
00
00
00
00
00
// 0x0000a160
ff
00
00
00
00
00
00
00
00
00
00
00
00
00
ff
00
// 0x0000a170
00
ff
ff
00
ff
ff
ff
00
00
00
00
00
00
00
00
00
// 0x0000a180
00
00
00
00
00
00
00
00
00
00
00
00
00
00
00
00
// 0x0000a190
00
00
00
ff
ff
00
00
00
ff
ff
00
00
00
00
00
00
// 0x0000a1a0
00
00
ff
ff
ff
00
00
00
00
00
ff
ff
00
00
00
00
// 0x0000a1b0
00
00
ff
00
00
00
00
00
00
00
00
00
00
00
ff
ff
// 0x0000a1c0
ff
ff
ff
ff
00
00
00
00
00
00
00
00
ff
ff
ff
ff
// 0x0000a1d0
ff
ff
ff
ff
ff
ff
00
00
00
00
00
00
00
00
00
00
// 0x0000a1e0
00
00
00
00
00
00
00
00
ff
ff
ff
00
00
ff
ff
00
// 0x0000a1f0
00
00
ff
ff
00
ff
ff
00
00
00
00
00
ff
ff
ff
00
// 0x0000a200
00
ff
ff
ff
00
00
00
00
00
00
00
00
00
ff
00
00
// 0x0000a210
00
ff
00
00
00
00
00
00
ff
ff
00
ff
ff
00
00
00
// 0x0000a220
00
00
00
00
00
00
00
00
00
00
00
00
00
00
00
ff
// 0x0000a230
ff
00
00
00
00
00
00
00
00
00
00
00
00
00
00
00
// 0x0000a240
00
00
00
ff
00
00
00
00
ff
00
ff
ff
00
00
00
00
// 0x0000a250
00
00
00
00
00
00
00
00
00
00
00
00
00
00
00
ff
// 0x0000a260
00
00
00
00
00
00
00
00
00
00
00
00
00
ff
ff
ff
// 0x0000a270
ff
ff
00
ff
ff
00
00
00
00
00
00
00
00
00
00
00
// 0x0000a280
00
00
00
00
00
00
00
00
00
00
00
00
00
00
00
00
// 0x0000a290
00
00
ff
00
00
00
ff
ff
ff
00
00
00
00
00
00
00
// 0x0000a2a0
ff
ff
ff
ff
00
00
00
00
ff
00
00
00
00
00
00
00
// 0x0000a2b0
00
00
00
00
00
00
00
00
00
00
ff
ff
ff
ff
ff
ff
// 0x0000a2c0
ff
00
00
00
00
00
00
00
00
00
00
00
00
00
00
00
// 0x0000a2d0
00
ff
ff
ff
ff
ff
ff
ff
00
00
00
00
00
00
00
00
// 0x0000a2e0
00
00
00
00
00
00
00
00
00
ff
ff
ff
00
00
ff
ff
// 0x0000a2f0
00
00
00
ff
ff
00
ff
ff
00
00
00
00
00
ff
ff
00
// 0x0000a300
00
ff
ff
00
00
00
00
00
00
00
00
00
00
00
00
00
// 0x0000a310
ff
00
00
00
00
00
00
ff
ff
00
ff
ff
00
00
00
00
// 0x0000a320
00
00
00
00
00
00
00
00
ff
00
00
00
00
00
ff
ff
// 0x0000a330
00
00
00
00
00
00
00
00
00
00
ff
00
00
00
00
00
// 0x0000a340
00
00
ff
00
00
00
00
00
ff
00
ff
00
00
00
00
00
// 0x0000a350
00
00
00
00
ff
00
00
00
00
00
00
00
00
ff
ff
00
// 0x0000a360
00
00
00
00
00
00
00
00
00
00
00
00
ff
ff
ff
ff
// 0x0000a370
00
ff
ff
ff
00
00
00
ff
ff
00
00
00
00
00
00
00
// 0x0000a380
00
00
00
00
00
00
00
00
00
00
00
00
00
00
00
00
// 0x0000a390
00
00
00
ff
ff
ff
ff
ff
00
00
00
00
00
00
00
ff
// 0x0000a3a0
ff
ff
ff
00
00
00
ff
ff
ff
00
00
00
00
00
00
00
// 0x0000a3b0
00
00
00
00
00
00
00
ff
ff
ff
ff
ff
ff
ff
00
00
// 0x0000a3c0
00
00
00
00
00
00
00
00
00
00
00
00
00
00
00
00
// 0x0000a3d0
00
00
00
00
ff
ff
ff
ff
ff
ff
ff
00
00
00
00
00
// 0x0000a3e0
00
00
00
00
ff
00
00
00
00
00
ff
ff
ff
00
ff
ff
// 0x0000a3f0
ff
00
00
00
ff
ff
00
ff
ff
00
00
00
00
00
ff
00
// 0x0000a400
00
ff
ff
ff
00
00
00
00
00
00
ff
ff
00
00
00
ff
// 0x0000a410
ff
00
00
00
00
00
ff
ff
00
ff
ff
00
00
00
00
00
// 0x0000a420
00
00
00
00
00
00
00
ff
00
00
00
00
00
ff
ff
00
// 0x0000a430
00
00
00
00
00
00
00
00
00
ff
00
00
00
00
00
00
// 0x0000a440
00
ff
00
00
00
00
00
ff
00
ff
ff
00
00
00
00
00
// 0x0000a450
00
00
00
00
00
00
00
00
00
00
00
00
ff
ff
00
00
// 0x0000a460
00
00
00
00
00
00
00
00
00
00
00
ff
ff
ff
00
ff
// 0x0000a470
ff
ff
00
00
00
00
00
ff
00
00
00
00
00
00
00
00
// 0x0000a480
00
00
00
00
00
00
00
00
00
00
00
00
00
00
00
00
// 0x0000a490
00
00
ff
ff
00
00
00
00
00
00
00
00
00
ff
ff
ff
// 0x0000a4a0
ff
00
00
00
00
00
00
ff
00
00
00
00
00
00
00
00
// 0x0000a4b0
00
00
00
00
ff
ff
ff
ff
ff
ff
ff
00
00
00
00
00
// 0x0000a4c0
00
00
00
00
00
00
00
00
00
00
00
00
00
00
00
00
// 0x0000a4d0
00
00
00
00
00
00
00
00
ff
ff
ff
ff
ff
00
00
00
// 0x0000a4e0
00
00
00
00
00
ff
00
00
00
00
ff
ff
ff
ff
00
ff
// 0x0000a4f0
ff
ff
00
00
00
ff
ff
00
00
00
00
00
00
00
ff
00
// 0x0000a500
00
ff
ff
00
00
00
00
00
00
ff
ff
00
00
00
ff
ff
// 0x0000a510
00
00
00
00
00
ff
ff
ff
ff
ff
00
00
00
00
00
00
// 0x0000a520
00
00
00
00
00
00
ff
00
00
00
00
00
ff
ff
00
00
// 0x0000a530
ff
00
00
00
00
00
00
00
ff
00
00
00
00
00
00
00
// 0x0000a540
ff
00
00
00
00
00
00
00
ff
ff
00
00
00
00
00
00
// 0x0000a550
00
00
00
00
00
00
00
00
00
00
00
ff
ff
00
00
00
// 0x0000a560
00
00
00
00
00
00
00
00
00
00
ff
ff
00
00
ff
ff
// 0x0000a570
ff
00
00
00
00
00
00
00
00
00
00
00
00
00
00
00
// 0x0000a580
00
00
00
00
00
00
00
00
00
00
00
00
00
00
00
00
// 0x0000a590
00
ff
ff
00
00
00
00
00
00
00
00
ff
ff
ff
ff
ff
// 0x0000a5a0
00
00
00
00
00
00
00
ff
00
00
00
00
00
00
00
00
// 0x0000a5b0
00
ff
ff
ff
ff
ff
ff
ff
ff
00
00
00
00
00
00
00
// 0x0000a5c0
00
00
00
00
00
00
00
00
00
00
00
00
00
00
00
00
// 0x0000a5d0
00
00
00
00
00
00
00
00
00
00
00
ff
ff
ff
ff
00
// 0x0000a5e0
00
00
00
ff
00
00
00
00
00
00
00
ff
ff
ff
ff
00
// 0x0000a5f0
ff
ff
ff
00
00
00
00
ff
00
00
00
ff
00
00
00
00
// 0x0000a600
00
ff
00
00
00
00
00
00
ff
00
00
00
00
ff
ff
00
// 0x0000a610
00
00
00
00
00
ff
ff
00
ff
ff
00
00
00
00
00
00
// 0x0000a620
00
00
00
00
00
ff
ff
00
00
00
00
00
ff
00
00
ff
// 0x0000a630
00
00
00
00
00
00
00
ff
00
00
00
00
00
00
00
ff
// 0x0000a640
ff
00
00
ff
00
00
00
ff
ff
00
00
00
00
00
ff
00
// 0x0000a650
00
00
00
00
00
00
00
00
00
00
ff
ff
00
00
00
00
// 0x0000a660
00
00
00
00
00
00
00
00
00
ff
ff
00
00
ff
ff
00
// 0x0000a670
00
00
00
00
ff
00
00
00
00
00
00
00
00
00
00
00
// 0x0000a680
00
00
00
00
00
00
00
00
00
00
00
00
00
00
00
00
// 0x0000a690
ff
00
00
00
00
00
00
00
00
00
ff
ff
ff
ff
ff
00
// 0x0000a6a0
00
00
00
00
00
00
ff
ff
00
00
00
00
00
00
00
ff
// 0x0000a6b0
ff
ff
ff
ff
ff
00
00
00
00
00
00
00
00
00
00
00
// 0x0000a6c0
00
00
00
00
00
00
00
00
00
00
00
00
00
00
00
00
// 0x0000a6d0
00
00
00
00
00
00
00
00
00
00
00
00
00
00
ff
ff
// 0x0000a6e0
ff
00
00
00
ff
00
00
00
00
00
00
00
ff
ff
ff
ff
// 0x0000a6f0
ff
ff
ff
ff
00
00
00
00
ff
00
00
00
00
00
00
00
// 0x0000a700
00
00
00
00
00
00
00
ff
00
00
00
00
00
ff
00
00
// 0x0000a710
00
00
00
00
ff
ff
00
ff
ff
00
00
00
00
00
00
00
// 0x0000a720
00
00
00
00
ff
ff
00
00
00
00
00
ff
00
00
ff
ff
// 0x0000a730
00
00
00
00
00
00
ff
00
00
00
00
00
00
00
ff
ff
// 0x0000a740
00
00
ff
ff
ff
00
ff
ff
00
00
00
00
00
ff
00
00
// 0x0000a750
00
00
00
00
00
00
00
00
00
00
00
00
00
00
00
00
// 0x0000a760
00
00
00
00
00
00
00
00
ff
ff
00
00
00
00
00
00
// 0x0000a770
00
00
00
00
00
00
00
00
00
00
00
00
00
00
00
00
// 0x0000a780
00
00
00
00
00
00
00
00
00
00
00
00
00
00
00
00
// 0x0000a790
00
00
00
00
00
00
ff
ff
ff
ff
ff
ff
ff
00
00
00
// 0x0000a7a0
00
00
00
00
00
00
00
00
00
00
00
ff
ff
ff
ff
ff
// 0x0000a7b0
ff
ff
00
00
00
00
00
00
00
00
00
00
00
00
00
00
// 0x0000a7c0
00
00
00
00
00
00
00
00
00
00
00
00
00
00
00
00
// 0x0000a7d0
00
00
00
00
00
00
00
00
00
00
00
00
00
00
00
ff
// 0x0000a7e0
ff
ff
ff
00
00
00
00
00
00
00
00
00
00
ff
ff
ff
// 0x0000a7f0
00
ff
ff
ff
ff
00
ff
ff
00
ff
00
00
00
00
ff
00
// 0x0000a800
00
00
00
00
00
00
ff
00
00
00
00
00
ff
00
00
00
// 0x0000a810
00
00
00
ff
ff
00
ff
00
00
00
00
00
00
00
00
00
// 0x0000a820
00
00
00
ff
ff
00
00
00
00
00
00
00
00
00
ff
00
// 0x0000a830
00
00
00
00
00
ff
00
00
00
00
00
00
00
ff
ff
00
// 0x0000a840
00
00
ff
ff
ff
ff
ff
00
00
00
00
00
ff
ff
00
00
// 0x0000a850
00
00
00
00
00
00
00
00
00
00
00
00
00
00
00
00
// 0x0000a860
00
00
00
00
00
00
ff
ff
00
00
ff
ff
00
00
00
00
// 0x0000a870
00
00
00
00
00
00
00
00
00
00
00
00
00
00
00
00
// 0x0000a880
00
00
00
00
00
00
00
00
00
00
00
00
00
00
00
00
// 0x0000a890
00
00
00
00
00
ff
ff
ff
ff
ff
ff
ff
00
00
00
00
// 0x0000a8a0
00
00
ff
00
00
00
00
00
00
ff
ff
ff
ff
ff
ff
ff
// 0x0000a8b0
ff
ff
00
00
00
00
00
00
00
00
00
00
00
00
00
00
// 0x0000a8c0
00
00
00
00
00
00
00
00
00
00
00
00
00
00
00
00
// 0x0000a8d0
00
00
00
00
00
00
00
00
00
00
00
00
00
00
00
00
// 0x0000a8e0
00
ff
ff
ff
00
00
00
00
00
00
00
00
00
00
ff
ff
// 0x0000a8f0
ff
00
ff
ff
ff
00
00
ff
ff
00
00
00
00
00
ff
00
// 0x0000a900
00
00
00
00
00
00
00
00
00
00
00
ff
00
00
00
00
// 0x0000a910
00
00
ff
ff
00
ff
00
00
00
00
00
00
00
00
00
00
// 0x0000a920
00
00
ff
ff
00
00
00
00
00
00
00
00
ff
00
00
00
// 0x0000a930
00
00
00
00
ff
00
00
00
00
00
00
00
ff
ff
00
00
// 0x0000a940
00
ff
ff
ff
ff
ff
00
00
00
00
00
ff
00
00
00
00
// 0x0000a950
00
00
ff
00
ff
00
00
00
00
00
00
00
00
00
00
00
// 0x0000a960
00
00
00
00
00
00
00
00
00
ff
ff
ff
00
00
00
00
// 0x0000a970
00
ff
ff
ff
00
00
00
00
00
00
00
00
00
00
00
00
// 0x0000a980
00
00
00
00
00
00
00
00
00
00
00
00
00
00
00
00
// 0x0000a990
00
00
00
00
ff
ff
ff
ff
ff
ff
00
00
00
00
00
00
// 0x0000a9a0
00
00
00
00
00
00
00
ff
ff
ff
ff
ff
ff
ff
00
00
// 0x0000a9b0
00
00
00
00
00
00
00
00
00
00
00
00
00
00
00
00
// 0x0000a9c0
00
00
00
00
00
00
00
00
00
00
00
00
00
00
00
00
// 0x0000a9d0
00
00
00
00
00
00
00
00
00
00
00
00
00
00
00
00
// 0x0000a9e0
00
00
ff
ff
ff
00
00
00
00
00
00
00
00
00
00
ff
// 0x0000a9f0
ff
ff
00
ff
ff
00
00
00
ff
ff
00
00
00
00
00
00
// 0x0000aa00
00
00
00
00
00
00
00
00
00
00
ff
00
00
00
00
00
// 0x0000aa10
00
00
ff
00
ff
00
ff
00
00
00
00
00
00
00
00
00
// 0x0000aa20
00
ff
ff
00
00
00
00
00
00
00
00
00
00
00
00
00
// 0x0000aa30
00
00
00
ff
ff
00
00
00
00
00
00
00
ff
00
00
00
// 0x0000aa40
ff
ff
00
ff
ff
00
00
00
00
00
ff
00
00
00
00
00
// 0x0000aa50
00
00
00
00
ff
00
00
00
00
00
00
00
00
00
00
00
// 0x0000aa60
00
00
00
ff
00
00
00
ff
ff
ff
ff
00
00
00
00
00
// 0x0000aa70
00
00
00
00
00
00
00
00
00
00
00
00
00
00
00
00
// 0x0000aa80
00
00
00
00
00
00
00
00
00
00
00
00
00
00
00
00
// 0x0000aa90
00
00
00
ff
ff
ff
ff
ff
ff
00
00
00
00
ff
ff
00
// 0x0000aaa0
00
00
00
00
00
ff
ff
ff
ff
ff
ff
00
00
00
00
00
// 0x0000aab0
00
00
00
00
00
00
00
00
00
00
00
00
00
00
00
00
// 0x0000aac0
00
00
00
00
00
00
00
00
00
00
00
00
00
00
00
00
// 0x0000aad0
00
00
00
00
00
00
00
00
00
00
00
00
00
00
00
00
// 0x0000aae0
00
00
00
ff
ff
ff
00
00
00
00
00
00
00
00
00
00
// 0x0000aaf0
ff
ff
ff
ff
ff
00
00
ff
00
ff
ff
00
00
00
00
00
// 0x0000ab00
00
00
00
ff
00
00
00
00
00
ff
ff
00
00
00
00
00
// 0x0000ab10
00
ff
00
ff
00
00
ff
00
00
00
00
00
00
00
00
00
// 0x0000ab20
ff
ff
00
00
00
00
00
00
00
00
ff
00
00
00
00
00
// 0x0000ab30
00
00
ff
ff
00
00
00
00
00
00
ff
ff
00
00
00
00
// 0x0000ab40
ff
00
ff
00
ff
00
00
ff
00
ff
00
00
00
00
00
00
// 0x0000ab50
00
00
00
00
00
ff
ff
00
00
00
00
00
00
00
00
00
// 0x0000ab60
00
00
00
00
00
ff
ff
ff
ff
00
00
00
00
00
00
00
// 0x0000ab70
00
00
00
00
00
00
00
00
00
00
00
00
00
00
00
00
// 0x0000ab80
00
00
00
00
00
00
00
00
00
00
00
00
00
00
00
00
// 0x0000ab90
00
00
ff
ff
ff
ff
ff
00
00
00
00
00
ff
ff
00
00
// 0x0000aba0
00
00
ff
ff
ff
ff
ff
ff
ff
00
00
00
00
00
00
00
// 0x0000abb0
00
00
00
00
00
00
00
00
00
00
00
00
00
00
00
00
// 0x0000abc0
00
00
00
00
00
00
00
00
00
00
00
00
00
00
00
00
// 0x0000abd0
00
00
00
00
00
00
00
00
00
00
00
00
00
00
00
00
// 0x0000abe0
00
00
00
00
00
ff
ff
00
00
00
ff
ff
00
00
00
00
// 0x0000abf0
ff
ff
ff
00
ff
ff
00
ff
00
00
ff
ff
00
00
00
00
// 0x0000ac00
00
00
ff
00
00
00
00
00
ff
ff
00
00
00
00
00
00
// 0x0000ac10
ff
00
00
00
00
00
00
00
00
00
00
00
00
00
00
ff
// 0x0000ac20
ff
00
00
00
00
00
00
00
ff
ff
00
00
00
00
00
00
// 0x0000ac30
00
ff
ff
00
00
00
00
00
00
00
ff
00
00
00
00
ff
// 0x0000ac40
00
ff
ff
ff
ff
00
ff
00
ff
ff
00
00
00
00
00
00
// 0x0000ac50
00
00
00
00
ff
ff
00
00
00
00
00
00
00
00
00
00
// 0x0000ac60
00
00
00
ff
ff
ff
ff
ff
00
00
00
00
00
00
00
00
// 0x0000ac70
00
00
00
00
00
00
00
00
00
00
00
ff
ff
ff
00
00
// 0x0000ac80
00
00
00
00
00
00
00
00
00
00
00
00
00
00
00
00
// 0x0000ac90
ff
ff
ff
ff
ff
00
00
00
00
00
00
00
00
00
00
00
// 0x0000aca0
ff
ff
ff
ff
ff
ff
ff
00
00
00
00
00
00
00
00
00
// 0x0000acb0
00
00
00
00
00
00
00
00
00
00
00
00
00
00
00
00
// 0x0000acc0
00
00
00
00
00
00
00
00
00
00
00
00
00
00
00
00
// 0x0000acd0
00
00
00
00
00
00
00
00
00
00
00
00
00
00
00
00
// 0x0000ace0
00
00
00
00
00
ff
ff
ff
00
ff
00
ff
ff
00
00
00
// 0x0000acf0
00
ff
ff
ff
00
00
00
ff
ff
ff
00
ff
ff
00
00
00
// 0x0000ad00
00
ff
00
00
00
00
00
00
ff
00
00
00
00
00
00
00
// 0x0000ad10
00
00
00
00
00
00
00
00
00
00
00
00
00
00
ff
ff
// 0x0000ad20
00
00
00
00
00
00
00
00
ff
00
00
00
00
00
00
00
// 0x0000ad30
ff
ff
00
00
00
00
00
00
00
ff
00
00
00
00
00
00
// 0x0000ad40
00
ff
00
ff
00
ff
00
ff
ff
00
00
00
00
00
00
00
// 0x0000ad50
00
00
00
00
00
00
00
00
00
00
00
00
00
00
00
00
// 0x0000ad60
00
ff
ff
ff
ff
ff
00
00
00
00
00
00
00
00
00
00
// 0x0000ad70
00
00
00
00
00
00
00
00
00
00
ff
ff
ff
00
00
00
// 0x0000ad80
00
00
00
00
00
00
00
00
00
00
00
00
00
00
00
ff
// 0x0000ad90
ff
ff
ff
00
00
00
00
00
00
00
00
00
00
00
ff
ff
// 0x0000ada0
ff
ff
ff
ff
00
00
00
00
00
00
00
00
00
00
00
00
// 0x0000adb0
00
00
00
00
00
00
00
00
00
00
00
00
00
00
00
00
// 0x0000adc0
00
00
00
00
00
00
00
00
00
00
00
00
00
00
00
00
// 0x0000add0
00
00
00
00
00
00
00
00
00
00
00
00
00
00
00
00
// 0x0000ade0
00
00
00
ff
ff
ff
ff
ff
ff
00
ff
00
ff
ff
00
00
// 0x0000adf0
00
00
ff
ff
ff
00
00
ff
ff
00
00
00
ff
ff
00
00
// 0x0000ae00
00
ff
00
00
00
00
00
ff
00
00
00
00
00
00
00
ff
// 0x0000ae10
00
00
00
00
00
00
00
00
00
00
00
00
00
ff
ff
00
// 0x0000ae20
00
00
00
00
00
00
00
ff
00
00
00
00
00
00
00
ff
// 0x0000ae30
ff
00
00
00
00
00
00
ff
ff
00
00
00
00
ff
00
00
// 0x0000ae40
ff
00
00
00
ff
00
00
00
00
00
00
00
00
00
00
00
// 0x0000ae50
00
00
00
00
00
ff
00
00
00
00
00
00
00
00
00
00
// 0x0000ae60
ff
ff
ff
00
00
00
00
00
00
00
00
00
00
00
00
00
// 0x0000ae70
00
00
00
00
00
00
00
00
00
00
ff
ff
00
00
00
00
// 0x0000ae80
00
00
00
00
00
00
00
00
00
00
00
00
00
ff
ff
ff
// 0x0000ae90
ff
00
00
00
00
00
00
00
00
ff
00
00
ff
ff
ff
ff
// 0x0000aea0
ff
ff
00
00
00
00
00
00
00
00
00
00
00
00
00
00
// 0x0000aeb0
00
00
00
00
00
00
00
00
00
00
00
00
00
00
00
00
// 0x0000aec0
00
00
00
00
00
00
00
00
00
00
00
00
00
00
00
00
// 0x0000aed0
00
00
00
00
00
00
00
00
00
00
00
00
00
00
00
00
// 0x0000aee0
00
00
00
00
00
ff
ff
ff
ff
ff
00
ff
00
ff
ff
00
// 0x0000aef0
00
00
00
ff
ff
ff
00
ff
ff
ff
ff
00
00
ff
ff
00
// 0x0000af00
00
00
00
00
00
00
ff
ff
00
00
00
00
00
00
ff
00
// 0x0000af10
00
00
00
00
00
00
00
00
00
00
00
00
ff
ff
00
00
// 0x0000af20
00
00
00
00
00
00
ff
ff
00
00
00
00
00
00
ff
ff
// 0x0000af30
00
00
00
00
00
00
00
00
00
00
00
00
ff
ff
00
ff
// 0x0000af40
00
00
00
ff
00
00
00
00
00
00
00
00
00
00
00
00
// 0x0000af50
00
00
00
00
ff
00
00
00
00
00
00
00
00
00
ff
ff
// 0x0000af60
ff
00
00
00
00
00
00
00
00
00
00
00
00
00
00
00
// 0x0000af70
00
00
00
00
00
00
00
00
00
ff
ff
00
00
00
00
00
// 0x0000af80
00
00
00
00
00
00
00
00
00
00
00
ff
ff
ff
ff
00
// 0x0000af90
00
00
00
00
00
00
00
00
00
00
ff
ff
ff
ff
ff
ff
// 0x0000afa0
00
00
00
00
00
00
00
00
00
00
00
00
00
00
00
00
// 0x0000afb0
00
00
00
00
00
00
00
00
00
00
00
00
00
00
00
00
// 0x0000afc0
00
00
00
00
00
00
00
00
00
00
00
00
00
00
00
00
// 0x0000afd0
00
00
00
00
00
00
00
00
00
00
00
00
00
00
00
00
// 0x0000afe0
00
00
00
00
00
00
00
ff
ff
ff
ff
00
ff
00
00
00
// 0x0000aff0
00
00
00
00
ff
ff
ff
00
00
00
00
00
00
00
ff
00
// 0x0000b000
00
00
00
00
00
ff
ff
00
00
00
00
00
00
ff
00
00
// 0x0000b010
00
00
00
00
00
00
00
00
00
00
00
ff
ff
00
00
00
// 0x0000b020
00
00
00
00
00
ff
ff
00
00
00
00
00
00
ff
ff
00
// 0x0000b030
00
00
00
00
00
00
ff
00
00
00
00
ff
00
00
ff
00
// 0x0000b040
00
00
00
00
00
00
00
00
00
00
00
00
00
00
00
00
// 0x0000b050
00
00
00
ff
00
00
00
ff
00
00
00
00
00
ff
ff
00
// 0x0000b060
00
00
00
00
00
00
00
00
00
00
00
00
00
00
00
00
// 0x0000b070
00
00
00
00
00
00
00
ff
ff
ff
00
00
00
00
00
00
// 0x0000b080
00
00
00
00
00
00
00
00
00
ff
ff
ff
ff
00
00
00
// 0x0000b090
00
00
00
00
00
00
00
00
ff
ff
ff
ff
ff
ff
00
00
// 0x0000b0a0
00
00
00
00
00
00
00
00
00
00
00
00
00
00
00
00
// 0x0000b0b0
00
00
00
00
00
00
00
00
00
00
00
00
00
00
00
00
// 0x0000b0c0
00
00
00
00
00
00
00
00
00
00
00
00
00
00
00
00
// 0x0000b0d0
00
00
00
00
00
00
00
00
00
00
00
00
00
00
00
00
// 0x0000b0e0
00
00
00
00
00
00
00
00
00
ff
ff
ff
00
ff
00
ff
// 0x0000b0f0
00
00
00
00
ff
ff
ff
ff
00
00
00
00
00
ff
00
00
// 0x0000b100
00
00
00
00
ff
ff
00
00
00
00
00
00
ff
00
00
00
// 0x0000b110
00
00
00
00
00
00
00
00
00
00
00
ff
00
00
00
00
// 0x0000b120
00
ff
00
00
00
00
00
00
00
00
00
00
ff
00
00
00
// 0x0000b130
00
00
00
00
00
ff
00
00
00
00
00
00
00
ff
00
00
// 0x0000b140
00
00
00
00
ff
ff
00
00
00
00
00
00
00
00
00
00
// 0x0000b150
00
ff
ff
00
00
00
ff
00
00
00
00
00
00
00
00
00
// 0x0000b160
00
00
00
00
00
00
00
00
00
00
00
00
00
00
00
00
// 0x0000b170
00
00
00
00
00
ff
ff
ff
00
00
00
00
00
00
00
00
// 0x0000b180
00
00
00
00
00
00
ff
ff
ff
ff
ff
00
00
00
00
00
// 0x0000b190
00
00
00
00
00
00
ff
ff
ff
ff
ff
ff
00
00
00
00
// 0x0000b1a0
00
00
00
00
00
00
00
00
00
00
00
00
00
00
00
00
// 0x0000b1b0
00
00
00
00
00
00
00
00
00
00
00
00
00
00
00
00
// 0x0000b1c0
00
00
00
00
00
00
00
00
00
00
00
00
00
00
00
00
// 0x0000b1d0
00
00
00
00
00
00
00
00
00
00
00
00
00
00
00
00
// 0x0000b1e0
00
00
00
00
00
00
00
00
00
00
ff
ff
ff
00
00
00
// 0x0000b1f0
ff
00
00
00
00
ff
ff
ff
00
00
00
00
ff
00
ff
00
// 0x0000b200
00
00
00
ff
ff
00
00
00
00
00
00
ff
00
00
00
00
// 0x0000b210
00
00
00
00
00
00
00
00
00
ff
ff
00
00
00
00
00
// 0x0000b220
00
ff
00
00
00
00
00
00
00
00
00
00
00
00
00
00
// 0x0000b230
00
00
00
00
ff
00
00
00
00
00
00
00
ff
00
00
00
// 0x0000b240
00
00
00
00
00
00
00
ff
00
00
00
00
00
00
00
00
// 0x0000b250
00
ff
00
00
00
ff
00
00
00
00
00
00
00
00
00
00
// 0x0000b260
00
00
00
00
00
00
00
00
00
00
00
00
00
00
00
00
// 0x0000b270
00
00
00
ff
ff
ff
ff
00
00
00
00
00
00
00
00
00
// 0x0000b280
00
00
00
00
ff
ff
ff
ff
ff
00
00
00
00
00
00
00
// 0x0000b290
00
00
00
00
ff
ff
ff
ff
ff
00
00
00
00
00
00
00
// 0x0000b2a0
00
00
00
00
00
00
00
00
00
00
00
00
00
00
00
00
// 0x0000b2b0
00
00
00
00
00
00
00
00
00
00
00
00
00
00
00
00
// 0x0000b2c0
00
00
00
00
00
00
00
00
00
00
00
00
00
00
00
00
// 0x0000b2d0
00
00
00
00
00
00
00
00
00
00
00
00
00
00
00
00
// 0x0000b2e0
00
00
00
00
00
00
00
00
00
00
00
00
ff
ff
00
00
// 0x0000b2f0
00
00
00
00
00
00
ff
ff
ff
00
00
00
00
ff
00
00
// 0x0000b300
00
00
ff
ff
00
00
00
00
00
00
ff
ff
00
ff
00
00
// 0x0000b310
00
00
00
00
00
00
00
00
ff
ff
00
00
00
00
00
00
// 0x0000b320
00
00
00
00
00
00
00
00
00
00
00
00
00
00
00
00
// 0x0000b330
00
00
00
ff
00
00
00
00
00
00
00
ff
00
ff
00
00
// 0x0000b340
00
00
00
00
00
00
00
00
00
00
00
00
00
00
00
00
// 0x0000b350
00
00
00
ff
ff
00
00
00
00
00
00
00
00
00
00
00
// 0x0000b360
00
00
00
00
00
00
00
00
00
00
00
00
00
00
00
00
// 0x0000b370
00
ff
ff
ff
ff
00
00
00
00
00
00
00
00
00
00
00
// 0x0000b380
00
00
00
ff
ff
ff
ff
00
00
00
00
00
00
00
00
00
// 0x0000b390
00
00
00
ff
ff
ff
ff
00
00
00
00
00
00
00
00
00
// 0x0000b3a0
00
00
00
00
00
00
00
00
00
00
00
00
00
00
00
00
// 0x0000b3b0
00
00
00
00
00
00
00
00
00
00
00
00
00
00
00
00
// 0x0000b3c0
00
00
00
00
00
00
00
00
00
00
00
00
00
00
00
00
// 0x0000b3d0
00
00
00
00
00
00
00
00
00
00
00
00
00
00
00
00
// 0x0000b3e0
00
00
00
00
00
00
00
00
00
00
00
00
00
ff
ff
ff
// 0x0000b3f0
00
00
00
00
00
00
00
ff
ff
ff
00
00
00
ff
00
00
// 0x0000b400
00
ff
ff
00
00
00
00
00
00
ff
ff
00
ff
00
00
00
// 0x0000b410
00
00
00
00
00
00
00
ff
ff
00
00
00
00
00
00
ff
// 0x0000b420
00
00
00
00
00
00
00
00
00
00
00
00
00
00
00
00
// 0x0000b430
00
00
00
00
00
00
00
00
00
00
ff
00
ff
00
00
ff
// 0x0000b440
00
00
00
00
00
00
00
00
00
00
00
00
00
00
00
ff
// 0x0000b450
ff
ff
ff
00
00
00
00
00
00
00
00
00
00
00
00
00
// 0x0000b460
00
00
00
00
00
00
00
00
00
00
00
00
00
00
00
00
// 0x0000b470
00
ff
00
00
00
00
00
00
00
00
00
00
00
00
00
00
// 0x0000b480
ff
ff
ff
ff
ff
00
00
00
00
00
00
00
00
00
00
00
// 0x0000b490
00
ff
ff
ff
ff
00
00
00
00
00
00
00
00
00
00
00
// 0x0000b4a0
00
00
00
00
00
00
00
00
00
00
00
00
00
00
00
00
// 0x0000b4b0
00
00
00
00
00
00
00
00
00
00
00
00
00
00
00
00
// 0x0000b4c0
00
00
00
00
00
00
00
00
00
00
00
00
00
00
00
00
// 0x0000b4d0
00
00
00
00
00
00
00
00
00
00
00
00
00
00
00
00
// 0x0000b4e0
00
00
00
00
00
00
00
00
00
00
00
00
00
00
00
ff
// 0x0000b4f0
ff
ff
00
00
00
00
00
00
ff
ff
ff
00
00
ff
00
00
// 0x0000b500
00
ff
00
00
00
00
00
00
ff
ff
00
ff
00
00
00
00
// 0x0000b510
00
00
00
00
00
00
ff
ff
00
00
00
00
00
00
00
00
// 0x0000b520
00
00
00
00
00
00
00
00
00
00
00
00
00
00
00
00
// 0x0000b530
00
00
00
00
00
00
00
ff
00
ff
00
00
00
00
ff
00
// 0x0000b540
00
00
00
00
00
00
00
00
00
00
00
00
00
00
ff
ff
// 0x0000b550
ff
00
00
00
00
00
00
00
00
00
00
00
00
00
00
00
// 0x0000b560
00
00
00
00
00
00
00
00
00
00
00
00
00
00
00
00
// 0x0000b570
00
00
00
00
00
ff
ff
00
00
00
00
00
00
00
ff
ff
// 0x0000b580
ff
ff
00
00
00
00
00
00
00
00
00
00
00
00
ff
ff
// 0x0000b590
ff
ff
ff
00
00
00
00
00
00
00
00
00
00
00
00
00
// 0x0000b5a0
00
00
00
00
00
00
00
00
00
00
00
00
00
00
00
00
// 0x0000b5b0
00
00
00
00
00
00
00
00
00
00
00
00
00
00
00
00
// 0x0000b5c0
00
00
00
00
00
00
00
00
00
00
00
00
00
00
00
00
// 0x0000b5d0
00
00
00
00
00
00
00
00
00
00
00
00
ff
ff
ff
00
// 0x0000b5e0
00
00
00
00
00
00
00
00
00
00
00
00
00
00
00
00
// 0x0000b5f0
ff
ff
ff
ff
00
00
00
00
00
ff
ff
ff
ff
00
00
00
// 0x0000b600
00
00
00
00
00
00
00
00
ff
00
ff
00
00
00
00
00
// 0x0000b610
00
00
ff
00
00
ff
ff
00
00
00
00
00
00
00
00
00
// 0x0000b620
00
00
00
00
00
00
00
00
00
00
00
00
00
00
00
00
// 0x0000b630
00
00
00
00
00
00
00
00
00
ff
00
00
00
ff
00
00
// 0x0000b640
00
00
00
00
00
00
ff
ff
00
00
00
00
00
ff
00
00
// 0x0000b650
ff
00
00
00
00
00
00
00
00
00
00
00
00
00
00
00
// 0x0000b660
00
00
00
00
00
00
00
00
00
00
00
00
00
00
00
00
// 0x0000b670
00
00
00
ff
ff
00
00
00
00
00
00
00
ff
ff
ff
ff
// 0x0000b680
00
00
00
00
00
00
00
00
00
00
00
00
ff
ff
ff
ff
// 0x0000b690
ff
00
00
00
00
00
00
00
00
00
00
00
00
00
00
00
// 0x0000b6a0
00
00
00
00
00
00
00
00
00
00
00
00
00
00
00
00
// 0x0000b6b0
00
00
00
00
00
00
00
00
00
00
00
00
00
00
00
00
// 0x0000b6c0
00
00
00
00
00
00
00
00
00
00
00
00
00
00
00
00
// 0x0000b6d0
00
00
00
00
00
00
00
00
00
00
00
00
00
ff
00
00
// 0x0000b6e0
00
00
00
00
00
00
00
00
00
00
00
00
00
00
00
00
// 0x0000b6f0
00
00
ff
ff
ff
00
00
00
00
00
ff
ff
ff
00
00
00
// 0x0000b700
00
00
00
00
00
00
00
ff
00
ff
00
00
00
00
00
00
// 0x0000b710
00
ff
00
00
ff
ff
00
00
00
00
00
00
00
00
00
00
// 0x0000b720
00
ff
ff
00
00
00
00
00
00
00
00
00
00
00
00
00
// 0x0000b730
00
00
00
00
00
00
00
ff
ff
00
00
00
00
00
00
00
// 0x0000b740
00
00
00
00
00
ff
ff
00
00
00
00
00
ff
00
ff
ff
// 0x0000b750
ff
ff
00
00
00
00
00
00
00
00
00
00
00
00
00
00
// 0x0000b760
00
00
00
00
00
00
00
00
00
00
00
ff
00
00
00
00
// 0x0000b770
00
ff
ff
ff
00
00
00
00
00
ff
ff
ff
ff
ff
00
00
// 0x0000b780
00
00
00
00
00
00
00
00
00
00
ff
ff
ff
ff
ff
ff
// 0x0000b790
00
00
00
00
00
00
00
00
00
00
00
00
00
00
00
00
// 0x0000b7a0
00
00
00
00
00
00
00
00
00
00
00
00
00
00
00
00
// 0x0000b7b0
00
00
00
00
00
00
00
00
00
00
00
00
00
00
00
00
// 0x0000b7c0
00
00
00
00
00
00
00
00
00
00
00
00
00
00
00
00
// 0x0000b7d0
00
00
00
00
00
00
00
00
00
00
00
00
00
00
00
00
// 0x0000b7e0
00
00
00
00
00
00
00
00
00
00
00
00
00
00
00
00
// 0x0000b7f0
00
00
00
00
ff
ff
00
00
00
00
00
ff
ff
ff
00
00
// 0x0000b800
00
ff
00
00
00
00
00
00
00
00
00
00
00
00
00
00
// 0x0000b810
00
00
00
ff
ff
00
00
00
00
00
00
00
00
00
ff
ff
// 0x0000b820
ff
00
00
00
00
00
00
00
00
00
00
00
00
00
00
00
// 0x0000b830
00
00
00
00
00
00
00
ff
00
00
00
00
00
00
00
00
// 0x0000b840
00
00
00
00
ff
ff
00
00
00
00
00
00
ff
ff
00
00
// 0x0000b850
ff
00
00
00
00
00
00
00
00
00
00
00
00
00
00
00
// 0x0000b860
00
00
00
00
00
00
00
00
00
ff
ff
00
ff
ff
ff
ff
// 0x0000b870
ff
ff
00
00
00
00
00
ff
ff
ff
ff
00
00
00
00
00
// 0x0000b880
00
00
00
00
00
00
00
ff
ff
ff
ff
ff
ff
ff
ff
00
// 0x0000b890
00
00
00
ff
00
00
00
00
00
00
00
00
00
00
00
00
// 0x0000b8a0
00
00
00
00
00
00
00
00
00
00
00
00
00
00
00
00
// 0x0000b8b0
00
00
00
00
00
00
00
00
00
00
00
00
00
00
00
00
// 0x0000b8c0
00
00
00
00
00
00
00
00
00
00
00
00
00
00
00
00
// 0x0000b8d0
00
00
00
00
00
00
00
00
00
00
00
ff
00
00
00
00
// 0x0000b8e0
ff
ff
00
00
00
00
00
00
00
00
00
00
00
00
00
00
// 0x0000b8f0
00
00
00
00
00
ff
ff
ff
00
00
00
00
ff
ff
ff
00
// 0x0000b900
00
00
00
00
00
00
ff
00
00
00
00
00
00
00
00
00
// 0x0000b910
00
ff
ff
00
00
00
00
00
00
00
00
00
00
ff
ff
00
// 0x0000b920
00
00
00
00
00
00
00
00
00
00
00
00
00
00
00
00
// 0x0000b930
00
00
00
00
00
00
ff
00
00
00
00
00
00
00
00
00
// 0x0000b940
00
ff
00
00
00
00
00
00
00
ff
00
ff
00
ff
ff
00
// 0x0000b950
00
00
00
00
00
00
00
00
00
00
00
00
00
00
00
00
// 0x0000b960
00
00
00
00
00
00
00
00
ff
ff
ff
ff
ff
ff
00
00
// 0x0000b970
00
00
00
00
ff
ff
ff
ff
ff
00
00
00
00
00
00
00
// 0x0000b980
00
00
00
00
00
ff
ff
ff
ff
ff
ff
ff
00
00
00
00
// 0x0000b990
00
00
00
00
00
00
00
00
00
00
00
00
00
00
00
00
// 0x0000b9a0
00
00
00
00
00
00
00
00
00
00
00
00
00
00
00
00
// 0x0000b9b0
00
00
00
00
00
00
00
00
00
00
00
00
00
00
00
00
// 0x0000b9c0
00
00
00
00
00
00
00
00
00
00
00
00
00
00
00
00
// 0x0000b9d0
00
00
00
00
00
00
ff
ff
00
00
00
00
00
00
00
00
// 0x0000b9e0
00
00
00
00
00
00
00
00
00
00
00
00
00
00
00
00
// 0x0000b9f0
00
00
00
00
00
00
00
ff
ff
ff
ff
00
00
ff
ff
00
// 0x0000ba00
00
00
00
00
ff
ff
00
00
00
00
00
00
00
00
00
00
// 0x0000ba10
00
ff
00
00
00
00
00
00
ff
ff
ff
ff
ff
ff
00
00
// 0x0000ba20
00
00
00
00
00
00
00
00
00
00
00
00
00
00
00
00
// 0x0000ba30
00
00
00
00
00
00
00
00
00
00
00
00
00
00
00
00
// 0x0000ba40
ff
00
00
00
00
00
00
00
ff
ff
ff
ff
ff
ff
00
00
// 0x0000ba50
00
00
00
00
00
00
00
00
00
00
00
00
00
00
00
00
// 0x0000ba60
00
00
00
00
00
00
00
ff
ff
ff
ff
ff
00
00
00
00
// 0x0000ba70
00
00
ff
ff
ff
ff
00
00
00
00
ff
00
00
00
00
00
// 0x0000ba80
00
00
00
ff
ff
ff
ff
ff
ff
ff
ff
00
00
00
00
00
// 0x0000ba90
00
00
00
00
00
00
00
00
00
00
00
00
00
00
00
00
// 0x0000baa0
00
00
00
00
00
00
00
00
00
00
00
00
00
00
00
00
// 0x0000bab0
ff
ff
00
00
00
00
00
00
00
00
00
00
00
00
00
00
// 0x0000bac0
00
00
00
00
00
00
00
00
00
00
00
00
00
00
00
00
// 0x0000bad0
00
00
ff
ff
ff
ff
ff
00
00
00
00
00
00
00
00
00
// 0x0000bae0
00
00
00
00
00
00
00
00
00
00
00
00
00
00
00
00
// 0x0000baf0
00
00
00
00
00
00
00
00
ff
ff
ff
ff
00
00
ff
00
// 0x0000bb00
00
00
00
00
ff
00
ff
00
00
00
00
00
00
00
00
ff
// 0x0000bb10
ff
00
00
00
00
00
ff
ff
ff
ff
ff
ff
00
00
00
00
// 0x0000bb20
00
00
00
00
00
00
00
00
00
00
00
00
00
00
ff
00
// 0x0000bb30
00
00
00
00
00
00
00
00
00
00
00
00
00
00
00
00
// 0x0000bb40
00
00
00
00
00
00
ff
ff
ff
00
ff
ff
00
00
00
00
// 0x0000bb50
00
00
00
00
00
00
00
00
00
00
00
00
00
00
00
00
// 0x0000bb60
00
00
00
00
ff
ff
ff
ff
ff
00
00
00
00
00
00
ff
// 0x0000bb70
ff
ff
00
00
00
ff
ff
ff
ff
00
00
00
00
00
00
00
// 0x0000bb80
ff
ff
ff
ff
ff
ff
ff
ff
00
00
00
00
00
00
00
00
// 0x0000bb90
00
00
00
00
00
00
00
00
00
00
00
00
00
00
00
00
// 0x0000bba0
00
00
00
00
00
00
00
00
00
00
00
00
00
00
00
00
// 0x0000bbb0
00
00
00
00
00
00
00
00
00
00
00
00
00
00
00
00
// 0x0000bbc0
00
00
00
00
00
00
00
00
00
00
00
00
00
00
00
ff
// 0x0000bbd0
ff
ff
00
00
00
00
00
00
00
00
00
00
00
00
00
00
// 0x0000bbe0
00
00
00
00
00
00
00
00
00
00
00
00
00
00
00
00
// 0x0000bbf0
00
00
00
00
00
00
00
00
00
00
ff
ff
ff
00
00
00
// 0x0000bc00
00
00
00
ff
00
ff
00
00
00
00
00
00
00
ff
ff
ff
// 0x0000bc10
00
00
00
00
00
ff
ff
ff
ff
00
00
00
00
00
00
00
// 0x0000bc20
00
00
00
00
00
00
00
00
00
00
00
00
00
ff
00
00
// 0x0000bc30
00
00
00
00
00
00
00
00
00
00
00
00
00
00
00
00
// 0x0000bc40
00
00
00
ff
ff
ff
ff
00
00
00
00
00
00
00
00
00
// 0x0000bc50
00
00
00
00
00
00
00
00
00
00
00
00
00
00
00
00
// 0x0000bc60
00
00
ff
ff
ff
ff
ff
ff
00
00
00
00
00
00
00
00
// 0x0000bc70
00
00
ff
ff
ff
ff
ff
00
00
00
00
00
00
00
00
ff
// 0x0000bc80
ff
ff
ff
ff
ff
ff
ff
ff
00
00
00
00
00
00
00
00
// 0x0000bc90
00
00
00
00
00
00
00
00
00
00
00
00
00
00
00
00
// 0x0000bca0
00
00
00
00
00
00
00
00
00
00
00
00
00
00
00
00
// 0x0000bcb0
00
00
00
00
ff
00
00
00
00
00
00
00
00
00
00
00
// 0x0000bcc0
00
00
00
00
00
00
00
00
00
00
00
00
00
ff
ff
ff
// 0x0000bcd0
00
00
00
00
00
00
00
00
00
00
00
00
00
00
00
00
// 0x0000bce0
00
00
00
00
00
00
00
00
00
00
00
00
00
00
00
00
// 0x0000bcf0
00
00
00
00
00
00
00
00
00
00
00
00
ff
ff
00
00
// 0x0000bd00
00
00
ff
00
00
00
00
00
00
00
00
00
ff
ff
ff
00
// 0x0000bd10
00
00
00
ff
ff
ff
ff
00
00
00
00
00
00
00
00
00
// 0x0000bd20
00
00
00
00
00
00
00
00
00
00
00
00
ff
00
00
00
// 0x0000bd30
00
00
00
00
00
00
00
00
00
00
00
00
00
00
ff
ff
// 0x0000bd40
00
ff
ff
ff
ff
00
00
00
00
00
00
00
00
00
00
00
// 0x0000bd50
00
00
00
00
00
00
00
ff
ff
ff
ff
ff
ff
ff
ff
ff
// 0x0000bd60
ff
ff
ff
ff
ff
ff
00
00
00
00
00
00
00
00
00
ff
// 0x0000bd70
ff
ff
ff
ff
ff
ff
00
00
00
00
00
00
00
00
ff
ff
// 0x0000bd80
00
00
00
ff
ff
ff
00
00
00
00
00
00
00
00
00
00
// 0x0000bd90
00
00
00
00
00
00
00
00
00
00
00
00
00
00
00
00
// 0x0000bda0
00
00
00
00
00
00
00
00
00
00
00
00
00
00
ff
ff
// 0x0000bdb0
ff
00
00
00
00
00
00
00
00
00
00
00
00
00
00
00
// 0x0000bdc0
00
00
00
00
00
00
ff
ff
ff
ff
ff
ff
00
00
00
00
// 0x0000bdd0
00
00
00
ff
ff
00
00
00
00
00
00
00
00
00
00
00
// 0x0000bde0
00
00
00
00
00
00
00
00
00
00
00
00
00
00
00
00
// 0x0000bdf0
00
00
00
00
00
00
00
00
00
00
00
00
ff
ff
ff
00
// 0x0000be00
00
ff
ff
00
ff
00
00
00
00
00
00
ff
ff
00
00
00
// 0x0000be10
00
00
00
00
00
00
00
00
00
00
00
00
00
00
00
00
// 0x0000be20
00
00
00
00
00
00
00
00
00
00
ff
ff
00
00
00
00
// 0x0000be30
00
00
00
00
00
00
00
ff
00
00
00
00
ff
ff
ff
00
// 0x0000be40
ff
ff
ff
00
00
ff
ff
00
00
00
00
00
00
00
00
00
// 0x0000be50
00
00
00
00
00
00
ff
ff
ff
ff
ff
ff
ff
ff
ff
ff
// 0x0000be60
ff
ff
ff
00
00
00
00
00
00
00
00
00
00
00
00
ff
// 0x0000be70
ff
ff
00
00
00
ff
ff
ff
00
00
00
ff
ff
ff
00
00
// 0x0000be80
00
ff
ff
00
00
00
00
00
00
00
00
00
00
00
00
00
// 0x0000be90
00
00
00
00
00
00
00
00
00
00
00
00
00
00
00
00
// 0x0000bea0
00
00
00
00
00
ff
ff
ff
ff
ff
ff
00
00
00
00
00
// 0x0000beb0
00
00
00
00
00
00
00
00
00
00
00
00
00
00
00
00
// 0x0000bec0
00
ff
00
00
00
ff
ff
ff
00
00
00
00
00
00
00
00
// 0x0000bed0
00
ff
ff
00
00
00
00
00
00
00
00
00
00
00
00
00
// 0x0000bee0
00
00
00
00
00
00
00
00
00
00
00
00
00
00
00
00
// 0x0000bef0
00
00
00
00
00
00
00
00
00
00
00
00
00
00
ff
00
// 0x0000bf00
00
ff
00
ff
00
00
00
00
00
00
ff
ff
ff
00
00
00
// 0x0000bf10
00
00
00
00
00
00
00
00
00
00
00
00
00
00
00
00
// 0x0000bf20
00
00
00
00
00
00
00
00
00
ff
ff
00
00
00
00
00
// 0x0000bf30
00
00
00
00
00
00
00
00
ff
00
00
ff
ff
00
ff
ff
// 0x0000bf40
ff
00
00
ff
ff
00
00
00
00
00
00
00
00
00
00
00
// 0x0000bf50
00
00
00
00
00
ff
ff
ff
ff
ff
ff
ff
ff
ff
ff
ff
// 0x0000bf60
00
00
00
00
00
00
00
00
00
00
00
00
00
00
ff
ff
// 0x0000bf70
00
00
00
ff
ff
ff
ff
00
00
ff
ff
ff
ff
ff
00
00
// 0x0000bf80
00
00
00
00
00
00
00
00
00
00
00
00
00
00
00
00
// 0x0000bf90
00
00
00
00
00
00
00
00
00
00
00
00
00
00
00
00
// 0x0000bfa0
00
00
00
00
ff
ff
00
00
00
00
00
00
00
00
00
00
// 0x0000bfb0
00
00
00
00
00
00
00
00
00
00
00
00
00
00
00
00
// 0x0000bfc0
00
ff
00
00
ff
ff
ff
00
00
00
00
00
00
ff
ff
ff
// 0x0000bfd0
ff
00
00
00
00
00
00
00
00
00
00
00
00
00
00
00
// 0x0000bfe0
ff
ff
00
00
00
00
00
00
00
00
00
00
00
00
00
00
// 0x0000bff0
00
00
00
00
00
00
ff
ff
00
00
00
00
00
00
00
00
// 0x0000c000
00
00
ff
00
00
00
00
00
ff
ff
ff
00
00
00
00
00
// 0x0000c010
00
00
00
00
00
00
00
00
00
00
00
00
00
00
00
00
// 0x0000c020
00
00
00
00
00
00
00
00
ff
ff
00
00
00
00
00
00
// 0x0000c030
00
00
00
00
00
00
00
ff
00
00
00
ff
ff
ff
ff
ff
// 0x0000c040
00
ff
00
00
00
00
00
00
00
00
00
00
00
00
00
00
// 0x0000c050
00
00
ff
ff
ff
ff
ff
ff
00
00
ff
ff
ff
00
00
00
// 0x0000c060
00
00
00
00
00
00
ff
ff
00
00
00
00
00
ff
ff
00
// 0x0000c070
00
ff
ff
ff
ff
00
ff
ff
ff
ff
ff
ff
ff
00
00
00
// 0x0000c080
00
00
00
00
00
00
00
00
00
00
00
00
00
00
00
00
// 0x0000c090
00
00
00
00
00
00
00
00
00
00
00
00
00
00
00
00
// 0x0000c0a0
00
00
00
00
00
00
00
00
00
00
00
00
00
00
00
00
// 0x0000c0b0
00
00
00
00
00
00
00
00
00
00
00
00
00
00
00
ff
// 0x0000c0c0
ff
ff
ff
ff
00
00
00
00
00
00
00
ff
ff
00
00
00
// 0x0000c0d0
00
00
00
00
00
00
00
00
00
ff
00
00
00
00
00
00
// 0x0000c0e0
00
00
00
ff
ff
ff
ff
00
00
00
ff
ff
ff
00
00
00
// 0x0000c0f0
00
00
00
00
00
00
00
00
00
00
00
00
00
00
00
00
// 0x0000c100
00
ff
00
00
00
00
00
ff
ff
ff
00
00
00
ff
00
00
// 0x0000c110
00
00
00
00
00
00
00
00
00
00
00
00
00
00
00
00
// 0x0000c120
00
00
00
00
00
00
00
00
ff
00
00
ff
00
00
00
00
// 0x0000c130
00
00
00
00
00
ff
ff
00
00
00
ff
ff
ff
00
00
00
// 0x0000c140
00
00
00
00
00
00
00
00
00
00
00
00
00
ff
ff
ff
// 0x0000c150
ff
ff
ff
ff
ff
00
00
00
00
00
00
00
00
00
00
00
// 0x0000c160
00
00
00
00
ff
ff
00
00
00
00
00
00
ff
00
00
00
// 0x0000c170
ff
ff
00
00
ff
ff
ff
ff
ff
ff
00
00
00
00
00
00
// 0x0000c180
00
00
00
00
00
00
00
00
00
00
00
00
00
00
00
00
// 0x0000c190
00
00
00
00
00
00
00
00
00
00
00
00
00
00
ff
00
// 0x0000c1a0
00
00
00
00
00
00
00
00
00
00
00
00
00
00
00
00
// 0x0000c1b0
00
00
00
00
00
00
00
00
00
00
00
ff
ff
ff
ff
ff
// 0x0000c1c0
ff
ff
00
00
00
00
00
00
00
00
00
00
00
00
00
00
// 0x0000c1d0
00
00
00
00
00
00
00
00
00
00
00
00
00
00
00
00
// 0x0000c1e0
00
00
00
00
00
00
00
00
00
00
00
00
00
00
00
00
// 0x0000c1f0
00
00
00
00
00
00
ff
ff
ff
00
00
00
00
00
00
00
// 0x0000c200
00
00
00
00
00
ff
ff
ff
ff
00
00
ff
ff
ff
ff
ff
// 0x0000c210
ff
ff
ff
ff
ff
ff
ff
00
00
00
00
00
00
00
00
00
// 0x0000c220
00
00
00
00
00
00
00
ff
00
00
ff
00
00
00
00
00
// 0x0000c230
00
00
00
00
ff
ff
ff
ff
ff
00
00
00
00
00
00
00
// 0x0000c240
00
00
00
ff
ff
ff
ff
ff
ff
ff
ff
ff
ff
ff
ff
ff
// 0x0000c250
00
00
00
00
00
00
00
00
00
00
00
00
00
00
00
ff
// 0x0000c260
ff
ff
ff
ff
00
00
00
00
00
00
ff
ff
00
00
ff
ff
// 0x0000c270
00
00
ff
ff
ff
ff
ff
00
00
00
00
00
00
00
00
00
// 0x0000c280
00
00
00
00
00
00
00
00
00
00
00
00
00
00
00
00
// 0x0000c290
00
00
00
00
00
00
00
00
00
00
00
00
00
00
00
00
// 0x0000c2a0
00
00
00
00
00
00
00
00
00
00
00
00
00
00
00
00
// 0x0000c2b0
00
00
00
00
ff
00
00
00
ff
ff
ff
ff
ff
ff
ff
ff
// 0x0000c2c0
ff
00
00
00
00
00
00
00
00
00
00
00
00
00
00
00
// 0x0000c2d0
00
00
00
00
00
00
00
00
00
00
00
00
00
00
00
00
// 0x0000c2e0
00
00
00
00
00
00
00
00
00
00
00
00
00
00
00
00
// 0x0000c2f0
00
00
00
00
00
00
00
00
00
00
00
00
00
00
00
00
// 0x0000c300
00
00
00
00
ff
ff
ff
00
00
ff
ff
ff
ff
ff
ff
ff
// 0x0000c310
ff
ff
ff
00
00
00
00
00
00
00
ff
00
00
00
ff
00
// 0x0000c320
00
00
00
00
00
ff
ff
00
ff
ff
00
00
00
00
00
00
// 0x0000c330
00
00
ff
ff
ff
ff
00
00
00
00
00
00
00
00
00
00
// 0x0000c340
00
ff
ff
ff
ff
ff
ff
ff
ff
00
00
00
00
00
00
00
// 0x0000c350
00
00
ff
ff
ff
ff
00
00
00
00
00
00
00
ff
ff
ff
// 0x0000c360
ff
ff
ff
00
00
00
00
ff
ff
ff
00
00
00
ff
00
00
// 0x0000c370
ff
ff
ff
00
00
00
00
00
00
00
00
00
00
00
00
00
// 0x0000c380
00
00
00
00
00
00
00
00
00
00
00
00
00
00
00
00
// 0x0000c390
00
00
00
00
00
00
00
00
00
00
00
00
00
00
00
00
// 0x0000c3a0
00
00
00
00
00
00
ff
00
00
00
00
00
00
00
00
00
// 0x0000c3b0
00
ff
ff
ff
ff
ff
00
ff
ff
ff
ff
ff
ff
ff
ff
ff
// 0x0000c3c0
00
00
00
00
00
00
00
00
00
00
00
00
00
00
00
00
// 0x0000c3d0
00
00
00
00
00
00
00
00
00
00
00
00
00
00
00
00
// 0x0000c3e0
00
00
00
00
00
00
00
00
00
00
00
00
00
00
00
00
// 0x0000c3f0
00
00
00
00
00
00
00
00
00
00
00
ff
ff
00
00
00
// 0x0000c400
00
00
ff
ff
ff
ff
00
00
ff
ff
ff
ff
00
00
00
00
// 0x0000c410
00
00
00
00
00
00
00
00
ff
ff
00
00
00
ff
00
00
// 0x0000c420
00
00
00
00
ff
ff
00
ff
00
00
00
00
00
00
00
ff
// 0x0000c430
ff
ff
ff
ff
00
00
00
00
00
00
00
00
00
00
ff
ff
// 0x0000c440
00
00
00
00
00
00
00
00
00
00
00
00
00
00
00
ff
// 0x0000c450
ff
ff
00
00
00
00
00
00
00
00
00
ff
ff
ff
ff
00
// 0x0000c460
00
ff
ff
00
00
ff
ff
00
00
00
ff
00
00
00
ff
ff
// 0x0000c470
ff
00
00
00
00
00
00
00
00
00
00
00
00
00
00
00
// 0x0000c480
00
00
00
00
00
00
00
00
00
00
00
00
00
00
ff
00
// 0x0000c490
00
00
00
00
00
00
00
00
00
00
00
00
00
00
00
00
// 0x0000c4a0
00
00
00
00
00
00
00
00
00
00
00
00
00
ff
ff
ff
// 0x0000c4b0
ff
ff
ff
ff
ff
ff
ff
ff
ff
ff
ff
ff
ff
ff
00
00
// 0x0000c4c0
00
00
00
00
00
00
00
00
00
00
00
00
00
00
00
00
// 0x0000c4d0
00
00
00
00
00
00
00
00
00
00
00
00
00
00
00
00
// 0x0000c4e0
00
00
00
00
00
00
00
00
00
00
00
00
00
00
00
00
// 0x0000c4f0
00
00
00
00
00
00
00
00
00
00
00
00
00
00
00
00
// 0x0000c500
00
ff
ff
ff
00
00
ff
ff
ff
00
00
00
00
00
00
00
// 0x0000c510
00
00
00
00
00
00
ff
ff
ff
00
00
00
00
00
00
00
// 0x0000c520
00
00
ff
ff
ff
ff
ff
00
00
00
00
00
00
ff
ff
ff
// 0x0000c530
ff
ff
00
00
00
00
00
00
00
00
00
00
00
00
00
00
// 0x0000c540
00
00
00
00
00
00
00
00
00
00
00
00
00
ff
ff
00
// 0x0000c550
00
00
00
00
00
00
00
00
ff
ff
ff
ff
00
00
ff
ff
// 0x0000c560
ff
00
00
00
00
00
00
00
ff
ff
00
00
ff
ff
ff
00
// 0x0000c570
00
00
00
00
00
00
00
00
00
00
00
00
00
00
00
00
// 0x0000c580
00
00
00
00
00
00
00
00
00
00
00
00
00
00
00
ff
// 0x0000c590
ff
00
00
00
00
00
00
00
00
00
00
00
00
00
00
00
// 0x0000c5a0
ff
ff
00
00
00
00
00
00
ff
ff
00
00
ff
ff
ff
ff
// 0x0000c5b0
ff
ff
ff
ff
ff
ff
ff
ff
ff
ff
00
00
00
00
00
00
// 0x0000c5c0
00
00
00
00
00
00
00
00
00
00
00
00
00
00
00
00
// 0x0000c5d0
00
00
00
00
00
00
00
00
00
00
00
00
00
00
00
00
// 0x0000c5e0
00
00
00
00
ff
00
00
00
00
00
00
00
00
00
00
00
// 0x0000c5f0
00
00
00
00
00
00
00
00
00
00
00
00
00
00
00
00
// 0x0000c600
00
ff
ff
00
00
ff
ff
ff
00
00
00
00
00
00
00
00
// 0x0000c610
00
00
00
ff
ff
ff
ff
00
00
ff
00
00
00
00
00
00
// 0x0000c620
00
00
ff
00
ff
ff
00
00
00
ff
ff
ff
ff
ff
ff
00
// 0x0000c630
00
00
00
00
00
00
00
00
00
00
00
00
00
00
00
00
// 0x0000c640
00
00
00
00
00
00
00
00
00
00
ff
00
00
00
00
00
// 0x0000c650
ff
00
00
00
00
ff
ff
ff
ff
00
00
ff
ff
ff
00
00
// 0x0000c660
00
00
00
00
00
ff
ff
ff
00
00
ff
ff
ff
ff
00
00
// 0x0000c670
00
00
ff
00
00
00
00
00
00
00
00
00
00
00
00
00
// 0x0000c680
00
00
00
00
00
00
00
00
00
00
00
00
00
00
00
00
// 0x0000c690
ff
ff
00
00
00
00
00
00
00
00
00
00
00
00
ff
ff
// 0x0000c6a0
ff
ff
ff
ff
ff
ff
ff
ff
ff
ff
ff
ff
ff
ff
ff
00
// 0x0000c6b0
ff
00
00
00
00
00
00
00
00
00
00
00
00
00
00
00
// 0x0000c6c0
00
00
00
00
ff
ff
ff
ff
00
00
00
00
00
00
00
00
// 0x0000c6d0
00
00
ff
00
00
00
00
00
ff
ff
00
00
00
00
00
00
// 0x0000c6e0
00
00
00
00
00
00
00
00
00
ff
00
00
00
00
00
00
// 0x0000c6f0
00
00
00
00
00
00
00
00
00
00
00
00
00
00
00
00
// 0x0000c700
00
00
00
ff
ff
ff
00
00
00
00
00
00
00
00
00
00
// 0x0000c710
00
ff
ff
ff
ff
ff
00
00
ff
00
00
00
00
00
00
00
// 0x0000c720
00
ff
00
ff
ff
00
00
ff
ff
ff
ff
ff
00
00
00
00
// 0x0000c730
00
00
00
00
00
00
00
00
00
00
00
00
00
00
00
00
// 0x0000c740
ff
ff
00
00
00
00
00
00
00
00
00
00
00
00
00
00
// 0x0000c750
00
00
00
ff
ff
ff
00
00
ff
ff
ff
ff
00
00
00
00
// 0x0000c760
00
00
00
00
00
00
00
00
ff
ff
ff
ff
00
00
00
00
// 0x0000c770
00
00
00
00
00
00
00
00
00
00
00
00
00
00
00
ff
// 0x0000c780
ff
00
00
00
ff
ff
00
00
00
00
00
00
00
00
00
00
// 0x0000c790
00
00
00
00
00
00
00
00
00
ff
ff
00
00
00
00
00
// 0x0000c7a0
00
ff
ff
ff
ff
ff
00
00
00
ff
00
00
00
00
00
00
// 0x0000c7b0
00
00
00
00
00
00
00
00
00
00
00
00
00
00
00
00
// 0x0000c7c0
00
00
00
00
00
00
00
00
00
00
00
00
00
00
00
00
// 0x0000c7d0
00
ff
ff
00
00
00
00
00
00
00
00
00
00
00
00
00
// 0x0000c7e0
00
00
00
00
00
00
ff
ff
00
00
00
00
00
00
00
00
// 0x0000c7f0
00
00
00
00
00
00
00
00
00
00
00
00
00
00
00
00
// 0x0000c800
00
ff
ff
ff
ff
00
00
00
00
00
00
00
00
00
00
00
// 0x0000c810
ff
ff
ff
ff
00
00
ff
00
00
00
00
00
00
00
00
00
// 0x0000c820
00
00
ff
ff
00
ff
ff
ff
ff
00
00
00
00
00
00
00
// 0x0000c830
00
00
00
00
00
00
00
00
00
00
00
00
00
00
00
00
// 0x0000c840
00
00
00
00
00
00
00
00
00
00
00
00
00
00
00
00
// 0x0000c850
00
00
00
00
00
00
ff
ff
ff
ff
00
00
00
00
00
00
// 0x0000c860
00
00
00
00
00
ff
ff
ff
ff
ff
00
00
00
00
00
00
// 0x0000c870
00
00
00
00
ff
ff
00
00
00
00
00
00
ff
ff
ff
ff
// 0x0000c880
ff
ff
ff
00
ff
ff
00
00
00
00
00
00
00
00
00
00
// 0x0000c890
00
00
00
00
00
00
00
ff
ff
ff
ff
ff
ff
ff
ff
ff
// 0x0000c8a0
ff
ff
00
00
00
00
00
00
00
00
00
00
00
00
00
00
// 0x0000c8b0
00
00
00
00
00
00
00
00
00
00
00
00
00
00
00
00
// 0x0000c8c0
00
00
00
00
00
00
00
00
00
00
00
00
00
00
00
00
// 0x0000c8d0
00
00
00
00
00
00
00
00
00
00
00
ff
ff
ff
ff
00
// 0x0000c8e0
00
00
00
ff
ff
ff
00
00
00
00
00
00
00
00
00
00
// 0x0000c8f0
00
00
00
00
00
00
00
00
00
00
00
00
00
00
00
00
// 0x0000c900
00
ff
00
00
00
00
00
00
00
00
00
00
00
00
ff
ff
// 0x0000c910
ff
ff
00
00
ff
00
00
00
00
00
00
00
00
00
00
00
// 0x0000c920
00
ff
ff
ff
ff
ff
ff
00
00
00
00
00
00
00
00
00
// 0x0000c930
00
00
00
00
00
00
00
00
00
00
00
00
00
00
00
00
// 0x0000c940
00
00
00
00
00
00
00
00
00
00
00
00
00
00
00
00
// 0x0000c950
00
00
00
00
ff
ff
ff
00
00
00
00
00
00
00
00
00
// 0x0000c960
00
00
00
00
00
ff
00
00
00
00
00
00
00
00
00
00
// 0x0000c970
00
00
00
00
ff
ff
ff
ff
00
00
00
00
00
00
ff
ff
// 0x0000c980
ff
00
00
00
00
00
00
00
00
00
00
00
00
00
00
00
// 0x0000c990
00
00
00
00
00
00
00
00
ff
ff
00
00
00
00
00
00
// 0x0000c9a0
00
00
00
00
00
00
00
00
00
00
00
00
00
00
00
00
// 0x0000c9b0
00
00
00
00
00
00
00
00
00
00
00
00
00
00
00
00
// 0x0000c9c0
00
00
00
00
00
00
00
00
00
00
00
00
00
00
00
00
// 0x0000c9d0
00
00
00
00
00
00
00
00
00
00
00
00
ff
ff
ff
ff
// 0x0000c9e0
ff
ff
00
00
00
00
00
00
00
00
00
00
00
00
00
00
// 0x0000c9f0
00
00
00
00
00
00
00
00
00
00
00
00
00
00
00
00
// 0x0000ca00
00
00
00
00
00
00
00
00
00
00
00
00
00
ff
ff
ff
// 0x0000ca10
00
00
ff
ff
00
00
00
00
00
00
00
00
00
00
00
00
// 0x0000ca20
ff
ff
ff
ff
ff
ff
ff
ff
00
00
00
00
00
00
00
00
// 0x0000ca30
00
00
00
00
00
00
00
00
00
00
00
00
00
00
00
00
// 0x0000ca40
00
00
00
00
00
00
00
00
00
00
00
00
00
00
00
00
// 0x0000ca50
ff
ff
ff
ff
ff
00
00
00
00
00
00
00
00
ff
00
00
// 0x0000ca60
00
00
00
00
00
00
00
00
00
00
ff
00
00
00
00
00
// 0x0000ca70
00
00
00
00
00
ff
ff
ff
ff
ff
ff
ff
ff
00
00
00
// 0x0000ca80
00
00
00
00
00
00
00
00
00
00
00
00
00
00
00
00
// 0x0000ca90
00
00
00
00
00
00
00
00
00
00
00
00
00
00
00
00
// 0x0000caa0
00
00
00
00
00
00
00
00
00
00
00
00
00
00
00
00
// 0x0000cab0
00
00
00
00
00
00
00
00
00
00
00
00
00
00
00
00
// 0x0000cac0
00
00
00
00
00
00
00
00
00
00
00
00
00
00
00
00
// 0x0000cad0
00
00
00
00
00
00
00
00
00
00
00
00
ff
ff
00
00
// 0x0000cae0
ff
ff
00
00
00
ff
00
00
00
00
00
00
00
00
00
00
// 0x0000caf0
00
00
00
00
00
00
00
00
00
00
00
00
00
00
00
00
// 0x0000cb00
00
00
00
00
00
00
00
00
00
00
ff
ff
ff
ff
00
00
// 0x0000cb10
ff
ff
00
00
00
00
00
00
00
00
00
00
00
00
ff
ff
// 0x0000cb20
ff
ff
00
ff
ff
ff
ff
00
00
00
00
00
00
00
00
00
// 0x0000cb30
00
00
00
00
00
00
00
00
00
00
00
00
00
00
00
00
// 0x0000cb40
00
00
00
00
00
00
00
00
00
00
00
00
00
00
00
00
// 0x0000cb50
00
00
00
00
00
00
00
00
00
00
00
00
00
00
00
00
// 0x0000cb60
00
00
00
00
ff
ff
ff
ff
00
00
ff
ff
00
00
00
00
// 0x0000cb70
00
00
00
00
00
00
00
00
00
00
00
00
00
00
00
ff
// 0x0000cb80
00
00
00
00
00
00
00
00
00
00
00
00
00
00
00
00
// 0x0000cb90
00
00
00
00
00
00
00
00
00
00
00
00
00
00
00
00
// 0x0000cba0
00
00
00
00
00
00
00
00
00
00
00
00
ff
00
00
00
// 0x0000cbb0
00
00
00
00
00
00
00
00
00
00
00
00
00
00
00
00
// 0x0000cbc0
00
00
00
00
00
00
00
00
ff
ff
ff
ff
ff
ff
ff
ff
// 0x0000cbd0
ff
00
00
00
00
00
00
ff
ff
ff
ff
00
00
ff
ff
ff
// 0x0000cbe0
00
ff
00
00
00
00
00
00
00
00
00
00
00
00
00
00
// 0x0000cbf0
00
00
00
00
00
00
00
00
00
00
00
00
00
00
00
00
// 0x0000cc00
00
00
00
00
00
00
00
ff
ff
ff
ff
ff
00
00
ff
ff
// 0x0000cc10
ff
00
00
00
00
00
00
00
00
00
00
ff
ff
ff
ff
ff
// 0x0000cc20
00
00
00
ff
ff
ff
ff
ff
00
00
00
00
00
00
00
00
// 0x0000cc30
00
00
00
00
00
00
00
00
00
00
00
00
00
00
00
00
// 0x0000cc40
00
00
00
00
00
00
00
00
00
00
00
00
00
00
00
00
// 0x0000cc50
00
00
00
00
00
00
00
00
00
00
00
00
00
00
00
ff
// 0x0000cc60
00
00
00
00
00
00
00
00
00
00
00
00
00
00
00
00
// 0x0000cc70
00
00
00
00
00
00
00
00
00
ff
ff
ff
ff
ff
ff
00
// 0x0000cc80
00
00
00
00
00
00
00
00
00
00
00
00
00
00
00
00
// 0x0000cc90
00
00
00
00
00
00
00
00
00
00
00
00
00
00
00
00
// 0x0000cca0
00
00
00
00
00
00
00
00
00
00
00
00
00
00
00
00
// 0x0000ccb0
00
00
00
00
00
00
00
00
00
00
00
00
00
00
00
00
// 0x0000ccc0
00
00
00
ff
ff
ff
ff
ff
ff
ff
ff
ff
ff
ff
ff
ff
// 0x0000ccd0
ff
00
00
00
00
00
ff
ff
ff
ff
ff
ff
ff
00
00
ff
// 0x0000cce0
ff
ff
ff
00
00
00
00
00
00
00
00
00
00
00
00
00
// 0x0000ccf0
00
00
00
00
00
00
00
00
00
00
00
00
00
00
00
00
// 0x0000cd00
00
00
00
00
00
00
ff
ff
ff
00
00
00
ff
ff
ff
00
// 0x0000cd10
00
00
00
00
00
00
00
00
00
ff
ff
ff
ff
ff
00
00
// 0x0000cd20
00
00
00
ff
ff
00
00
00
00
ff
00
ff
00
00
00
00
// 0x0000cd30
00
00
00
00
00
00
00
00
00
00
00
00
00
00
00
00
// 0x0000cd40
00
00
00
00
00
00
00
00
00
00
00
00
00
00
00
ff
// 0x0000cd50
00
00
00
00
00
00
00
00
00
00
00
00
00
ff
ff
ff
// 0x0000cd60
00
00
00
00
00
00
00
00
00
00
00
00
00
00
ff
ff
// 0x0000cd70
ff
00
00
00
00
00
ff
ff
ff
ff
00
00
00
00
00
00
// 0x0000cd80
00
00
00
00
00
00
00
00
00
00
ff
ff
ff
ff
00
ff
// 0x0000cd90
ff
00
00
00
00
00
00
00
00
00
00
00
00
00
00
00
// 0x0000cda0
00
00
ff
ff
ff
00
00
00
00
00
00
00
00
00
00
00
// 0x0000cdb0
00
00
00
00
00
00
00
00
00
00
00
00
00
ff
ff
ff
// 0x0000cdc0
ff
ff
ff
ff
ff
ff
ff
ff
ff
ff
00
00
ff
ff
ff
ff
// 0x0000cdd0
00
00
00
00
00
00
00
00
00
00
00
ff
ff
ff
00
ff
// 0x0000cde0
ff
ff
ff
00
00
00
00
00
00
00
00
00
00
ff
00
00
// 0x0000cdf0
00
00
00
00
00
00
00
00
00
00
00
00
00
00
00
00
// 0x0000ce00
00
00
00
00
00
ff
ff
00
00
00
ff
ff
ff
00
00
00
// 0x0000ce10
00
00
00
00
00
00
ff
ff
ff
ff
ff
ff
00
00
00
00
// 0x0000ce20
00
00
00
00
00
00
00
00
00
00
00
00
00
00
00
00
// 0x0000ce30
00
00
00
00
00
00
00
00
00
00
00
00
00
00
00
00
// 0x0000ce40
00
00
00
00
00
00
00
00
00
00
00
00
00
00
00
00
// 0x0000ce50
00
00
00
00
00
00
00
00
00
00
ff
ff
00
00
00
00
// 0x0000ce60
00
00
00
00
ff
ff
ff
ff
ff
ff
ff
ff
ff
ff
ff
ff
// 0x0000ce70
ff
ff
ff
00
00
00
00
00
00
00
00
00
00
00
00
00
// 0x0000ce80
00
00
00
00
00
00
00
ff
00
ff
ff
ff
ff
ff
00
00
// 0x0000ce90
00
00
00
00
00
00
00
00
ff
ff
00
00
00
ff
00
00
// 0x0000cea0
00
00
00
00
00
00
00
00
00
00
00
00
00
00
00
00
// 0x0000ceb0
00
00
00
00
00
00
00
00
00
ff
ff
ff
ff
ff
ff
ff
// 0x0000cec0
ff
ff
ff
ff
ff
ff
ff
00
00
00
00
00
00
ff
00
00
// 0x0000ced0
00
00
00
00
00
00
00
00
00
00
00
00
00
00
00
00
// 0x0000cee0
ff
ff
ff
00
00
00
00
00
ff
ff
ff
ff
00
00
00
00
// 0x0000cef0
00
00
00
00
00
00
00
00
00
00
00
00
00
00
00
00
// 0x0000cf00
00
ff
ff
ff
ff
00
00
ff
ff
ff
ff
00
00
00
00
00
// 0x0000cf10
00
00
00
ff
ff
ff
ff
ff
ff
00
00
00
00
00
00
00
// 0x0000cf20
00
00
00
00
00
00
00
00
00
00
00
00
00
00
00
00
// 0x0000cf30
00
00
00
00
00
00
00
00
00
00
00
00
00
00
00
00
// 0x0000cf40
00
00
00
00
00
00
00
00
00
00
00
00
00
00
00
00
// 0x0000cf50
00
00
00
00
00
00
ff
ff
ff
ff
00
00
00
ff
ff
ff
// 0x0000cf60
ff
ff
ff
ff
ff
ff
ff
ff
ff
ff
ff
ff
ff
ff
ff
ff
// 0x0000cf70
ff
00
00
00
00
00
00
00
00
00
00
00
00
00
00
00
// 0x0000cf80
00
00
00
00
00
00
ff
ff
ff
ff
00
00
00
00
00
00
// 0x0000cf90
00
00
ff
ff
ff
ff
00
00
00
00
00
00
00
00
00
00
// 0x0000cfa0
00
00
00
00
00
00
00
00
00
00
00
00
00
00
00
00
// 0x0000cfb0
00
00
00
00
00
ff
ff
ff
ff
ff
ff
ff
ff
ff
00
00
// 0x0000cfc0
00
00
00
00
00
00
00
00
00
00
00
00
00
00
00
00
// 0x0000cfd0
00
00
00
00
00
00
00
00
00
00
00
ff
ff
00
00
00
// 0x0000cfe0
ff
00
00
00
00
00
ff
ff
ff
00
00
00
00
00
00
00
// 0x0000cff0
00
00
00
00
00
00
00
00
00
00
00
00
00
00
00
00
// 0x0000d000
00
ff
ff
00
00
ff
ff
ff
ff
00
00
00
00
00
00
00
// 0x0000d010
00
ff
ff
ff
ff
ff
00
00
00
00
00
00
00
00
00
00
// 0x0000d020
00
00
00
00
00
00
00
00
00
00
00
00
00
00
00
00
// 0x0000d030
00
00
00
00
00
00
00
00
00
00
00
00
00
00
00
00
// 0x0000d040
00
00
00
00
00
00
00
00
00
00
00
00
00
00
00
00
// 0x0000d050
00
00
00
ff
ff
ff
ff
00
00
00
ff
ff
ff
ff
ff
ff
// 0x0000d060
ff
ff
ff
ff
ff
ff
ff
ff
ff
ff
ff
00
00
00
00
00
// 0x0000d070
00
00
00
00
00
00
00
00
00
00
00
00
00
00
00
00
// 0x0000d080
00
00
ff
ff
ff
ff
00
00
00
00
00
00
00
00
ff
ff
// 0x0000d090
ff
ff
ff
00
00
00
00
00
00
00
00
00
00
00
00
00
// 0x0000d0a0
00
00
00
00
00
00
00
00
00
00
00
00
00
00
00
00
// 0x0000d0b0
ff
ff
ff
ff
ff
ff
ff
ff
ff
ff
00
00
00
00
00
00
// 0x0000d0c0
00
00
00
00
00
00
00
00
00
00
00
00
00
00
00
00
// 0x0000d0d0
00
00
00
00
00
00
00
00
00
00
ff
ff
ff
00
00
00
// 0x0000d0e0
00
00
00
00
ff
ff
ff
00
00
00
00
00
00
00
00
00
// 0x0000d0f0
00
00
00
00
00
00
00
00
00
00
00
00
00
00
00
00
// 0x0000d100
00
00
00
ff
ff
ff
00
00
00
00
00
00
00
00
00
ff
// 0x0000d110
ff
ff
ff
00
00
ff
ff
ff
ff
ff
00
00
00
00
00
00
// 0x0000d120
00
00
00
00
00
00
00
00
00
00
00
00
00
00
00
00
// 0x0000d130
00
00
00
00
00
00
00
00
00
00
00
00
00
00
00
00
// 0x0000d140
00
00
00
00
00
00
00
00
00
00
00
00
00
00
00
00
// 0x0000d150
00
ff
ff
ff
ff
00
00
00
ff
ff
ff
ff
00
00
00
00
// 0x0000d160
00
00
00
00
00
00
00
00
00
00
00
00
00
00
00
00
// 0x0000d170
00
00
00
00
00
00
00
00
00
00
00
00
00
ff
ff
ff
// 0x0000d180
ff
ff
ff
00
00
00
00
00
00
00
00
00
00
00
00
00
// 0x0000d190
00
00
00
00
00
00
00
00
00
00
00
00
00
00
00
00
// 0x0000d1a0
00
00
00
00
00
00
00
00
00
00
00
00
00
ff
ff
ff
// 0x0000d1b0
ff
ff
ff
ff
00
00
00
ff
00
00
00
00
00
00
00
00
// 0x0000d1c0
00
00
00
00
00
00
00
00
00
00
00
00
00
00
00
00
// 0x0000d1d0
00
00
00
00
00
00
00
00
ff
ff
ff
00
00
ff
ff
00
// 0x0000d1e0
00
00
ff
ff
00
00
00
00
00
00
00
00
00
00
00
00
// 0x0000d1f0
00
00
00
00
00
00
00
00
00
00
00
00
00
00
00
00
// 0x0000d200
00
ff
ff
00
00
00
00
00
00
00
00
00
00
ff
ff
ff
// 0x0000d210
ff
00
00
ff
ff
ff
00
00
00
00
00
00
00
00
00
00
// 0x0000d220
00
00
00
00
00
00
00
00
00
00
00
00
00
00
00
00
// 0x0000d230
00
00
00
00
00
00
00
00
00
00
00
00
00
00
00
00
// 0x0000d240
00
00
00
00
00
00
00
00
00
00
00
00
00
00
00
ff
// 0x0000d250
ff
ff
00
00
00
00
ff
00
00
00
00
00
00
00
00
00
// 0x0000d260
00
00
00
00
00
00
00
00
00
00
00
00
00
00
00
00
// 0x0000d270
00
00
00
00
00
00
00
00
00
00
00
ff
ff
ff
ff
ff
// 0x0000d280
00
00
00
00
00
00
00
00
00
00
00
00
00
00
00
00
// 0x0000d290
00
00
00
00
00
00
00
00
00
00
00
00
00
00
00
00
// 0x0000d2a0
00
00
00
00
00
00
00
00
00
ff
ff
ff
ff
ff
ff
ff
// 0x0000d2b0
00
00
00
00
00
00
00
00
00
00
00
00
00
00
00
00
// 0x0000d2c0
00
00
00
00
00
00
00
00
00
00
00
00
00
00
00
00
// 0x0000d2d0
00
00
00
00
00
00
ff
ff
ff
ff
00
00
ff
ff
ff
00
// 0x0000d2e0
00
00
00
00
00
00
00
00
00
00
00
00
00
00
00
00
// 0x0000d2f0
00
00
00
00
00
00
00
00
00
00
00
00
00
00
00
00
// 0x0000d300
00
00
00
00
00
00
00
00
00
00
ff
ff
ff
ff
00
00
// 0x0000d310
ff
ff
ff
00
00
00
00
00
00
00
00
00
00
00
00
00
// 0x0000d320
00
00
00
00
00
00
00
00
00
00
00
00
00
00
00
00
// 0x0000d330
00
00
00
00
00
00
00
00
00
00
00
00
00
00
00
00
// 0x0000d340
00
00
00
00
00
00
00
00
00
00
00
00
00
ff
ff
ff
// 0x0000d350
00
00
00
00
00
00
00
00
00
00
00
00
00
00
00
00
// 0x0000d360
00
00
00
00
00
00
00
00
00
00
00
00
00
00
00
00
// 0x0000d370
00
00
00
00
00
00
ff
ff
ff
ff
ff
ff
00
00
00
00
// 0x0000d380
00
00
00
00
00
00
00
00
00
00
00
00
00
00
00
00
// 0x0000d390
00
00
00
00
00
00
00
00
00
00
00
00
00
00
00
00
// 0x0000d3a0
00
00
00
00
00
00
00
ff
ff
ff
ff
ff
ff
00
00
00
// 0x0000d3b0
00
00
00
00
00
00
00
00
00
00
00
00
00
00
00
00
// 0x0000d3c0
00
00
00
00
00
00
00
00
00
00
00
00
00
00
00
00
// 0x0000d3d0
00
00
00
00
00
ff
ff
ff
ff
00
ff
ff
ff
00
00
00
// 0x0000d3e0
00
00
00
00
00
00
00
00
00
00
00
00
00
00
00
00
// 0x0000d3f0
00
00
00
00
00
00
00
00
00
00
00
00
00
00
00
00
// 0x0000d400
00
00
ff
ff
ff
ff
ff
ff
ff
ff
ff
ff
00
00
00
00
// 0x0000d410
00
00
00
00
00
00
00
00
00
00
00
00
00
00
00
00
// 0x0000d420
00
00
00
00
00
00
00
00
00
00
00
00
00
00
00
00
// 0x0000d430
00
00
00
00
00
00
00
00
00
00
00
00
00
00
00
00
// 0x0000d440
00
00
00
00
00
00
00
00
00
00
ff
ff
ff
ff
00
00
// 0x0000d450
00
00
00
00
00
00
00
00
00
00
00
00
00
00
00
00
// 0x0000d460
00
00
00
00
00
00
00
00
00
00
00
00
00
00
00
00
// 0x0000d470
00
00
00
ff
ff
ff
ff
ff
00
00
00
00
00
00
00
00
// 0x0000d480
00
00
00
00
00
00
00
00
00
00
00
00
00
00
00
00
// 0x0000d490
00
00
00
00
00
00
00
00
00
00
00
00
00
00
00
00
// 0x0000d4a0
00
00
00
00
00
ff
ff
ff
ff
00
00
00
00
00
00
00
// 0x0000d4b0
00
00
00
00
00
00
00
00
00
00
00
00
00
00
00
00
// 0x0000d4c0
00
00
00
00
00
00
00
00
00
00
00
00
00
00
00
00
// 0x0000d4d0
00
00
ff
ff
ff
ff
ff
ff
ff
ff
ff
00
00
00
00
00
// 0x0000d4e0
00
00
00
00
00
00
00
00
00
00
00
00
00
00
00
00
// 0x0000d4f0
00
00
00
00
00
00
00
00
00
00
00
00
00
00
00
00
// 0x0000d500
00
ff
ff
ff
ff
ff
ff
ff
ff
ff
ff
00
ff
ff
ff
ff
// 0x0000d510
ff
ff
ff
ff
ff
00
00
00
00
00
00
00
00
00
00
00
// 0x0000d520
00
00
00
00
00
00
00
00
00
00
00
00
00
00
00
00
// 0x0000d530
00
00
00
00
00
00
00
00
00
00
00
00
00
00
00
00
// 0x0000d540
00
00
00
00
00
00
00
ff
ff
ff
ff
00
00
00
00
ff
// 0x0000d550
00
00
00
00
00
00
00
00
00
00
00
00
00
00
00
00
// 0x0000d560
00
00
00
00
00
00
00
00
00
00
00
00
00
00
00
00
// 0x0000d570
00
ff
ff
ff
ff
00
00
00
00
00
00
00
00
00
00
00
// 0x0000d580
00
00
00
00
00
00
00
00
00
00
00
00
00
00
00
00
// 0x0000d590
00
00
00
00
00
00
00
00
00
00
00
00
00
00
00
00
// 0x0000d5a0
00
ff
ff
ff
ff
00
00
00
00
00
00
00
00
00
00
00
// 0x0000d5b0
00
00
00
00
00
00
00
00
00
00
00
00
00
00
00
00
// 0x0000d5c0
00
00
00
00
00
00
00
00
00
00
00
00
00
00
00
00
// 0x0000d5d0
00
ff
ff
ff
ff
ff
ff
ff
00
00
00
00
00
00
00
00
// 0x0000d5e0
00
00
00
00
00
00
00
00
00
00
00
00
00
00
00
00
// 0x0000d5f0
00
00
00
00
00
00
00
00
00
00
00
00
00
00
00
00
// 0x0000d600
00
00
00
00
00
00
00
00
00
00
00
00
00
ff
ff
ff
// 0x0000d610
ff
ff
ff
ff
ff
ff
ff
ff
ff
ff
00
00
00
00
00
00
// 0x0000d620
00
00
00
ff
ff
00
00
00
00
00
00
00
00
00
ff
ff
// 0x0000d630
ff
ff
ff
ff
ff
ff
00
00
00
00
00
00
00
00
00
00
// 0x0000d640
00
00
00
00
00
ff
ff
00
00
00
00
00
00
ff
ff
00
// 0x0000d650
00
00
00
00
00
00
00
00
00
00
00
00
00
00
00
00
// 0x0000d660
00
00
00
00
00
00
00
00
00
00
00
00
00
00
00
ff
// 0x0000d670
ff
ff
ff
00
00
00
ff
ff
00
00
00
00
00
00
00
00
// 0x0000d680
00
00
00
00
00
00
00
00
00
00
00
00
00
00
00
00
// 0x0000d690
00
00
00
00
00
00
00
00
00
00
00
00
00
00
00
00
// 0x0000d6a0
ff
ff
ff
ff
00
00
00
00
00
00
00
00
00
00
00
00
// 0x0000d6b0
00
00
00
00
00
00
00
00
00
00
00
00
00
00
00
00
// 0x0000d6c0
00
00
00
00
00
00
00
00
00
00
00
00
00
00
00
ff
// 0x0000d6d0
ff
ff
ff
ff
ff
00
00
00
00
00
00
00
00
00
00
00
// 0x0000d6e0
00
00
00
00
00
00
00
00
00
00
00
00
00
00
00
00
// 0x0000d6f0
00
00
00
00
00
00
00
00
00
00
00
00
00
00
00
00
// 0x0000d700
00
00
00
00
00
00
00
00
00
00
00
00
00
00
00
00
// 0x0000d710
00
00
00
00
ff
ff
ff
ff
ff
ff
ff
ff
ff
ff
ff
ff
// 0x0000d720
ff
ff
ff
ff
00
00
00
00
00
00
00
00
00
00
00
00
// 0x0000d730
00
00
00
00
00
00
00
00
00
00
00
00
00
00
00
ff
// 0x0000d740
ff
ff
ff
ff
ff
00
00
00
00
00
00
00
00
00
00
00
// 0x0000d750
00
00
00
00
00
00
00
00
00
00
00
00
00
00
00
00
// 0x0000d760
00
00
00
00
ff
ff
ff
ff
ff
ff
ff
ff
ff
ff
ff
ff
// 0x0000d770
ff
00
00
00
00
00
00
00
ff
ff
ff
ff
00
00
00
00
// 0x0000d780
00
00
00
00
00
00
00
00
00
00
00
00
00
00
00
00
// 0x0000d790
00
00
00
00
00
00
00
00
00
00
00
00
00
00
00
00
// 0x0000d7a0
00
00
00
00
00
00
00
00
00
00
00
00
00
00
00
00
// 0x0000d7b0
00
00
00
00
00
00
00
00
00
00
00
00
00
00
00
00
// 0x0000d7c0
00
00
00
00
00
00
00
00
00
00
00
00
00
00
ff
ff
// 0x0000d7d0
ff
ff
ff
00
00
00
00
00
00
00
00
00
00
00
00
00
// 0x0000d7e0
00
00
00
00
00
00
00
00
00
00
00
00
00
00
00
00
// 0x0000d7f0
00
00
00
00
00
00
00
00
00
00
00
00
00
00
00
00
// 0x0000d800
00
00
00
00
00
00
00
00
00
00
00
00
00
00
00
00
// 0x0000d810
00
00
00
00
00
00
00
00
00
00
ff
ff
ff
ff
ff
ff
// 0x0000d820
ff
ff
00
00
00
00
00
00
00
00
00
ff
ff
ff
ff
ff
// 0x0000d830
ff
ff
ff
ff
ff
ff
ff
ff
ff
ff
ff
ff
ff
ff
ff
ff
// 0x0000d840
ff
ff
ff
ff
ff
ff
ff
ff
ff
ff
ff
ff
ff
ff
ff
ff
// 0x0000d850
ff
ff
ff
ff
ff
ff
ff
ff
ff
ff
ff
ff
ff
ff
ff
ff
// 0x0000d860
ff
ff
ff
ff
ff
ff
ff
ff
ff
ff
ff
ff
ff
ff
ff
ff
// 0x0000d870
ff
ff
ff
ff
ff
ff
ff
ff
ff
ff
ff
ff
ff
ff
ff
ff
// 0x0000d880
ff
ff
ff
ff
ff
ff
ff
ff
ff
ff
ff
ff
ff
ff
ff
ff
// 0x0000d890
ff
ff
ff
ff
00
00
00
00
00
00
00
00
00
00
00
00
// 0x0000d8a0
ff
ff
ff
ff
ff
ff
ff
ff
ff
ff
ff
ff
ff
ff
ff
00
// 0x0000d8b0
00
00
00
00
00
00
00
00
00
00
00
00
00
00
00
00
// 0x0000d8c0
00
00
00
00
00
00
00
00
00
00
00
ff
ff
ff
ff
ff
// 0x0000d8d0
00
00
00
00
00
00
00
00
00
00
00
00
00
00
00
00
// 0x0000d8e0
00
00
00
00
00
00
00
00
00
00
00
00
00
00
00
00
// 0x0000d8f0
00
00
00
00
00
00
00
00
00
00
00
00
00
00
00
00
// 0x0000d900
00
00
00
00
00
00
00
00
00
00
00
00
00
00
00
00
// 0x0000d910
00
00
00
00
00
00
00
00
00
00
00
00
00
00
00
00
// 0x0000d920
00
00
00
00
00
00
ff
ff
ff
ff
ff
ff
ff
ff
ff
ff
// 0x0000d930
ff
ff
ff
ff
ff
ff
ff
ff
ff
ff
ff
ff
ff
00
00
00
// 0x0000d940
00
00
00
00
00
00
00
ff
00
00
00
00
ff
ff
ff
ff
// 0x0000d950
ff
ff
ff
ff
ff
ff
ff
ff
ff
ff
ff
ff
ff
ff
ff
ff
// 0x0000d960
ff
ff
ff
ff
ff
ff
ff
ff
ff
ff
ff
00
00
00
00
00
// 0x0000d970
00
00
00
00
00
00
00
00
00
00
00
00
00
ff
ff
ff
// 0x0000d980
ff
ff
ff
ff
ff
ff
ff
ff
ff
ff
ff
ff
ff
ff
ff
ff
// 0x0000d990
ff
ff
ff
ff
ff
ff
ff
ff
ff
ff
ff
ff
ff
ff
ff
ff
// 0x0000d9a0
ff
ff
ff
ff
ff
ff
ff
ff
ff
ff
ff
ff
ff
ff
ff
ff
// 0x0000d9b0
ff
ff
ff
ff
ff
ff
ff
ff
ff
ff
ff
00
00
00
00
00
// 0x0000d9c0
00
00
00
00
00
00
00
00
ff
ff
ff
ff
ff
ff
00
00
// 0x0000d9d0
00
00
00
00
00
00
00
00
00
00
00
00
00
00
00
00
// 0x0000d9e0
00
00
00
00
00
00
00
00
00
00
00
00
00
00
00
00
// 0x0000d9f0
00
00
00
00
00
00
00
00
00
00
00
00
00
00
00
00
// 0x0000da00
00
00
00
00
00
00
00
00
00
00
00
00
00
00
00
00
// 0x0000da10
00
00
00
00
00
00
00
00
00
00
00
00
00
00
00
00
// 0x0000da20
00
00
00
00
00
00
00
00
00
00
00
00
00
00
00
00
// 0x0000da30
00
00
00
00
00
00
00
00
00
00
00
00
00
00
00
00
// 0x0000da40
00
00
00
00
00
00
00
00
00
00
00
00
00
00
00
00
// 0x0000da50
00
00
00
00
00
00
00
00
00
00
00
00
00
00
00
00
// 0x0000da60
00
00
00
00
00
00
00
00
00
00
00
00
00
00
00
00
// 0x0000da70
00
00
00
00
00
00
00
00
00
00
00
00
00
00
00
00
// 0x0000da80
00
00
00
00
00
00
00
00
00
00
00
00
00
00
00
00
// 0x0000da90
00
00
00
ff
ff
ff
ff
ff
ff
00
00
ff
ff
ff
ff
ff
// 0x0000daa0
ff
00
00
00
00
00
00
00
00
00
00
ff
ff
ff
ff
ff
// 0x0000dab0
ff
ff
ff
ff
ff
ff
ff
ff
ff
ff
ff
ff
ff
ff
ff
ff
// 0x0000dac0
ff
ff
ff
ff
ff
ff
ff
ff
ff
ff
ff
00
00
00
00
00
// 0x0000dad0
00
00
00
00
00
00
00
00
00
00
00
00
00
00
00
00
// 0x0000dae0
00
00
00
00
00
00
00
00
00
00
00
00
00
00
00
00
// 0x0000daf0
00
00
00
00
00
00
00
00
00
00
00
00
00
00
00
00
// 0x0000db00
00
00
00
00
00
00
00
00
00
00
00
00
00
00
00
00
// 0x0000db10
00
00
00
00
00
00
00
00
00
00
00
00
00
00
00
00
// 0x0000db20
00
00
00
00
00
00
00
00
00
00
00
00
00
00
00
00
// 0x0000db30
00
00
00
00
00
00
00
00
00
00
00
00
00
00
00
00
// 0x0000db40
00
00
00
00
00
00
00
00
00
00
00
00
00
00
00
00
// 0x0000db50
00
00
00
00
00
00
00
00
00
00
00
00
00
00
00
00
// 0x0000db60
00
00
00
00
00
00
00
00
00
00
00
00
00
00
00
00
// 0x0000db70
00
00
00
00
00
00
00
00
00
00
00
00
00
00
00
00
// 0x0000db80
00
00
00
00
00
00
00
00
00
00
00
00
00
00
00
00
// 0x0000db90
00
00
00
00
00
00
00
00
00
00
00
00
00
00
00
00
// 0x0000dba0
00
00
00
00
00
00
00
00
00
00
00
00
00
00
00
00
// 0x0000dbb0
00
00
00
00
00
00
00
00
ff
ff
ff
ff
ff
ff
ff
ff
// 0x0000dbc0
ff
ff
ff
ff
ff
ff
ff
ff
ff
ff
00
00
00
00
00
00
// 0x0000dbd0
00
00
00
00
00
00
00
00
00
00
00
00
00
00
00
00
// 0x0000dbe0
00
00
00
00
00
00
00
00
00
00
00
00
00
00
00
00
// 0x0000dbf0
00
00
00
00
00
00
00
00
00
00
00
00
00
00
00
00
// 0x0000dc00
00
00
00
00
00
00
00
00
00
00
00
00
00
00
00
00
// 0x0000dc10
00
00
00
00
00
00
00
00
00
00
00
00
00
00
00
00
// 0x0000dc20
00
00
00
00
00
00
00
00
00
00
00
00
00
00
00
00
// 0x0000dc30
00
00
00
00
00
00
00
00
00
00
00
00
00
00
00
00
// 0x0000dc40
00
00
00
00
00
00
00
00
00
00
00
00
00
00
00
00
// 0x0000dc50
00
00
00
00
00
00
00
00
00
00
00
00
00
00
00
00
// 0x0000dc60
00
00
00
00
00
00
00
00
00
00
00
00
00
00
00
00
// 0x0000dc70
00
00
00
00
00
00
00
00
00
00
00
00
00
00
00
00
// 0x0000dc80
00
00
00
00
00
00
00
00
00
00
00
00
00
00
00
00
// 0x0000dc90
00
00
00
00
00
00
00
00
00
00
00
00
00
00
00
00
// 0x0000dca0
00
00
00
00
00
00
00
00
00
00
00
00
00
00
00
00
// 0x0000dcb0
00
00
00
00
00
00
00
00
00
00
00
00
00
00
00
00
// 0x0000dcc0
00
00
ff
ff
ff
ff
ff
00
00
00
ff
ff
ff
ff
ff
ff
// 0x0000dcd0
ff
ff
ff
ff
ff
ff
ff
ff
00
00
00
00
00
00
00
00
// 0x0000dce0
00
00
00
00
00
00
00
00
00
00
00
00
00
00
00
00
// 0x0000dcf0
00
00
00
00
00
00
00
00
00
00
00
00
00
00
00
00
// 0x0000dd00
00
00
00
00
00
00
00
00
00
00
00
00
00
00
00
00
// 0x0000dd10
00
00
00
00
00
00
00
00
00
00
00
00
00
00
00
00
// 0x0000dd20
00
00
00
00
00
00
00
00
00
00
00
00
00
00
00
00
// 0x0000dd30
00
00
00
00
00
00
00
00
00
00
00
00
00
00
00
00
// 0x0000dd40
00
00
00
00
00
00
00
00
00
00
00
00
00
00
00
00
// 0x0000dd50
00
00
00
00
00
00
00
00
00
00
00
00
00
00
00
00
// 0x0000dd60
00
00
00
00
00
00
00
00
00
00
00
00
00
00
00
00
// 0x0000dd70
00
00
00
00
00
00
00
00
00
00
00
00
00
00
00
00
// 0x0000dd80
00
00
00
00
00
00
00
00
00
00
00
00
00
00
00
00
// 0x0000dd90
00
00
00
00
00
00
00
00
00
00
00
00
00
00
00
00
// 0x0000dda0
00
00
00
00
00
00
00
00
00
00
00
00
00
00
00
00
// 0x0000ddb0
00
00
00
00
00
00
00
00
00
00
00
00
00
00
00
00
// 0x0000ddc0
00
00
00
00
00
00
00
00
00
00
00
00
00
00
00
00
// 0x0000ddd0
00
ff
ff
ff
ff
ff
ff
ff
ff
ff
ff
ff
ff
ff
ff
ff
// 0x0000dde0
00
00
00
00
00
00
00
00
00
00
00
00
00
00
00
00
// 0x0000ddf0
00
00
00
00
00
00
00
00
00
00
00
00
00
00
00
00
// 0x0000de00
00
00
00
00
00
00
00
00
00
00
00
00
00
00
00
00
// 0x0000de10
00
00
00
00
00
00
00
00
00
00
00
00
00
00
00
00
// 0x0000de20
00
00
00
00
00
00
00
00
00
00
00
00
00
00
00
00
// 0x0000de30
00
00
00
00
00
00
00
00
00
00
00
00
00
00
00
00
// 0x0000de40
00
00
00
00
00
00
00
00
00
00
00
00
00
00
00
00
// 0x0000de50
00
00
00
00
00
00
00
00
00
00
00
00
00
00
00
00
// 0x0000de60
00
00
00
00
00
00
00
00
00
00
00
00
00
00
00
00
// 0x0000de70
00
00
00
00
00
00
00
00
00
00
00
00
00
00
00
00
// 0x0000de80
00
00
00
00
00
00
00
00
00
00
00
00
00
00
00
00
// 0x0000de90
00
00
00
00
00
00
00
00
00
00
00
00
00
00
00
00
// 0x0000dea0
00
00
00
00
00
00
00
00
00
00
00
00
00
00
00
00
// 0x0000deb0
00
00
00
00
00
00
00
00
00
00
00
00
00
00
00
00
// 0x0000dec0
00
00
00
00
00
00
00
00
00
00
00
00
00
00
00
00
// 0x0000ded0
00
00
00
00
00
00
00
00
00
ff
ff
ff
ff
ff
ff
ff
// 0x0000dee0
ff
ff
ff
ff
ff
ff
ff
00
00
00
00
00
00
00
00
00
// 0x0000def0
00
00
00
00
00
00
00
00
00
00
00
00
00
00
00
00
// 0x0000df00
00
00
00
00
00
00
00
00
00
00
00
00
00
00
00
00
// 0x0000df10
00
00
00
00
00
00
00
00
00
00
00
00
00
00
00
00
// 0x0000df20
00
00
00
00
00
00
00
00
00
00
00
00
00
00
00
00
// 0x0000df30
00
00
00
00
00
00
00
00
00
00
00
00
00
00
00
00
// 0x0000df40
00
00
00
00
00
00
00
00
00
00
00
00
00
00
00
00
// 0x0000df50
00
00
00
00
00
00
00
00
00
00
00
00
00
00
00
00
// 0x0000df60
00
00
00
00
00
00
00
00
00
00
00
00
00
00
00
00
// 0x0000df70
00
00
00
00
00
00
00
00
00
00
00
00
00
00
00
00
// 0x0000df80
00
00
00
00
00
00
00
00
00
00
00
00
00
00
00
00
// 0x0000df90
00
00
00
00
00
00
00
00
00
00
00
00
00
00
00
00
// 0x0000dfa0
00
00
00
00
00
00
00
00
00
00
00
00
00
00
00
00
// 0x0000dfb0
00
00
00
00
00
00
00
00
00
00
00
00
00
00
00
00
// 0x0000dfc0
00
00
00
00
00
00
00
00
00
00
00
00
00
00
00
00
// 0x0000dfd0
00
00
00
00
00
00
00
00
00
00
00
00
00
00
00
ff
// 0x0000dfe0
ff
ff
ff
ff
ff
ff
ff
ff
ff
ff
ff
ff
ff
00
00
00
// 0x0000dff0
00
00
00
00
00
00
00
00
00
00
00
00
00
00
00
00
// 0x0000e000
00
00
00
00
00
00
00
00
00
00
00
00
00
00
00
00
// 0x0000e010
00
00
00
00
00
00
00
00
00
00
00
00
00
00
00
00
// 0x0000e020
00
00
00
00
00
00
00
00
00
00
00
00
00
00
00
00
// 0x0000e030
00
00
00
00
00
00
00
00
00
00
00
00
00
00
00
00
// 0x0000e040
00
00
00
00
00
00
00
00
00
00
00
00
00
00
00
00
// 0x0000e050
00
00
00
00
00
00
00
00
00
00
00
00
00
00
00
00
// 0x0000e060
00
00
00
00
00
00
00
00
00
00
00
00
00
00
00
00
// 0x0000e070
00
00
00
00
00
00
00
00
00
00
00
00
00
00
00
00
// 0x0000e080
00
00
00
00
00
00
00
00
00
00
00
00
00
00
00
00
// 0x0000e090
00
00
00
00
00
00
00
00
00
00
00
00
00
00
00
00
// 0x0000e0a0
00
00
00
00
00
00
00
00
00
00
00
00
00
00
00
00
// 0x0000e0b0
00
00
00
00
00
00
00
00
00
00
00
00
00
00
00
00
// 0x0000e0c0
00
00
00
00
00
00
00
00
00
00
00
00
00
00
00
00
// 0x0000e0d0
00
00
00
00
00
00
00
00
00
00
00
00
00
00
00
00
// 0x0000e0e0
00
00
00
00
00
00
ff
ff
ff
ff
ff
ff
ff
ff
ff
ff
// 0x0000e0f0
ff
ff
ff
ff
00
00
00
00
00
00
00
00
00
00
00
00
// 0x0000e100
00
00
00
00
00
00
00
00
00
00
00
00
00
00
00
00
// 0x0000e110
00
00
00
00
00
00
00
00
00
00
00
00
00
00
00
00
// 0x0000e120
00
00
00
00
00
00
00
00
00
00
00
00
00
00
00
00
// 0x0000e130
00
00
00
00
00
00
00
00
00
00
00
00
00
00
00
00
// 0x0000e140
00
00
00
00
00
00
00
00
00
00
00
00
00
00
00
00
// 0x0000e150
00
00
00
00
00
00
00
00
00
00
00
00
00
00
00
00
// 0x0000e160
00
00
00
00
00
00
00
00
00
00
00
00
00
00
00
00
// 0x0000e170
00
00
00
00
00
00
00
00
00
00
00
00
00
00
00
00
// 0x0000e180
00
00
00
00
00
00
00
00
00
00
00
00
00
00
00
00
// 0x0000e190
00
00
00
00
00
00
00
00
00
00
00
00
00
00
00
00
// 0x0000e1a0
00
00
00
00
00
00
00
00
00
00
00
00
00
00
00
00
// 0x0000e1b0
00
00
00
00
00
00
00
00
00
00
00
00
00
00
00
00
// 0x0000e1c0
00
00
00
00
00
00
00
00
00
00
00
00
00
00
00
00
// 0x0000e1d0
00
00
00
00
00
00
00
00
00
00
00
00
00
00
00
00
// 0x0000e1e0
00
00
00
00
00
00
00
00
00
00
00
00
ff
ff
ff
ff
// 0x0000e1f0
ff
ff
ff
ff
ff
ff
ff
ff
ff
ff
ff
ff
ff
ff
ff
00
// 0x0000e200
00
00
00
00
00
00
00
00
00
00
00
00
00
00
00
00
// 0x0000e210
00
00
00
00
00
00
00
00
00
00
00
00
00
00
00
00
// 0x0000e220
00
00
00
00
00
00
00
00
00
00
00
00
00
00
00
00
// 0x0000e230
00
00
00
00
00
00
00
00
00
00
00
00
00
00
00
00
// 0x0000e240
00
00
00
00
00
00
00
00
00
00
00
00
00
00
00
00
// 0x0000e250
00
00
00
00
00
00
00
00
00
00
00
00
00
00
00
00
// 0x0000e260
00
00
00
00
00
00
00
00
00
00
00
00
00
00
00
00
// 0x0000e270
00
00
00
00
00
00
00
00
00
00
00
00
00
00
00
00
// 0x0000e280
00
00
00
00
00
00
00
00
00
00
00
00
00
00
00
00
// 0x0000e290
00
00
00
00
00
00
00
00
00
00
00
00
00
00
00
00
// 0x0000e2a0
00
00
00
00
00
00
00
00
00
00
00
00
00
00
00
00
// 0x0000e2b0
00
00
00
00
00
00
00
00
00
00
00
00
00
00
00
00
// 0x0000e2c0
00
00
00
00
00
00
00
00
00
00
00
00
00
00
00
00
// 0x0000e2d0
00
00
00
00
00
00
00
00
00
00
00
00
00
00
00
00
// 0x0000e2e0
00
00
00
00
00
00
00
00
00
00
00
00
00
00
00
00
// 0x0000e2f0
00
00
00
00
00
00
00
00
00
ff
ff
ff
ff
ff
ff
00
// 0x0000e300
00
00
00
00
00
00
00
00
00
00
00
00
00
00
00
00
// 0x0000e310
00
00
00
00
00
00
00
00
00
00
00
00
00
00
00
00
// 0x0000e320
00
00
00
00
00
00
00
00
00
00
00
00
00
00
00
00
// 0x0000e330
00
00
00
00
00
00
00
00
00
00
00
00
00
00
00
00
// 0x0000e340
00
00
00
00
00
00
00
00
00
00
00
00
00
00
00
00
// 0x0000e350
00
00
00
00
00
00
00
00
00
00
00
00
00
00
00
00
// 0x0000e360
00
00
00
00
00
00
00
00
00
00
00
00
00
00
00
00
// 0x0000e370
00
00
00
00
00
00
00
00
00
00
00
00
00
00
00
00
// 0x0000e380
00
00
00
00
00
00
00
00
00
00
00
00
00
00
00
00
// 0x0000e390
00
00
00
00
00
00
00
00
00
00
00
00
00
00
00
00
// 0x0000e3a0
00
00
00
00
00
00
00
00
00
00
00
00
00
00
00
00
// 0x0000e3b0
00
00
00
00
00
00
00
00
00
00
00
00
00
00
00
00
// 0x0000e3c0
00
00
00
00
00
00
00
00
00
00
00
00
00
00
00
00
// 0x0000e3d0
00
00
00
00
00
00
00
00
00
00
00
00
00
00
00
00
// 0x0000e3e0
00
00
00
00
00
00
00
00
00
00
00
00
00
00
00
00
// 0x0000e3f0
00
00
00
00
00
00
00
00
00
00
00
00
00
00
00
00
// 0x0000e400
00
00
00
00
00
00
00
00
00
00
00
00
00
00
00
00
// 0x0000e410
00
00
00
00
00
00
00
00
00
00
00
00
00
00
00
00
// 0x0000e420
00
00
00
00
00
00
00
00
00
00
00
00
00
00
00
00
// 0x0000e430
00
00
00
00
00
00
00
00
00
00
00
00
00
00
00
00
// 0x0000e440
00
00
00
00
00
00
00
00
00
00
00
00
00
00
00
00
// 0x0000e450
00
00
00
00
00
00
00
00
00
00
00
00
00
00
00
00
// 0x0000e460
00
00
00
00
00
00
00
00
00
00
00
00
00
00
00
00
// 0x0000e470
00
00
00
00
00
00
00
00
00
00
00
00
00
00
00
00
// 0x0000e480
00
00
00
00
00
00
00
00
00
00
00
00
00
00
00
00
// 0x0000e490
00
00
00
00
00
00
00
00
00
00
00
00
00
00
00
00
// 0x0000e4a0
00
00
00
00
00
00
00
00
00
00
00
00
00
00
00
00
// 0x0000e4b0
00
00
00
00
00
00
00
00
00
00
00
00
00
00
00
00
// 0x0000e4c0
00
00
00
00
00
00
00
00
00
00
00
00
00
00
00
00
// 0x0000e4d0
00
00
00
00
00
00
00
00
00
00
00
00
00
00
00
00
// 0x0000e4e0
00
00
00
00
00
00
00
00
00
00
00
00
00
00
00
00
// 0x0000e4f0
00
00
00
00
00
00
00
00
00
00
00
00
00
00
00
00
// 0x0000e500
00
ff
ff
ff
ff
ff
00
00
00
00
00
00
00
00
00
00
// 0x0000e510
00
00
00
00
00
00
00
00
00
00
00
00
00
00
00
00
// 0x0000e520
00
00
00
00
00
00
00
00
00
00
00
00
00
00
00
00
// 0x0000e530
00
00
00
00
00
00
00
00
00
00
00
00
00
00
00
00
// 0x0000e540
00
00
00
00
00
00
00
00
00
00
00
00
00
00
00
00
// 0x0000e550
00
00
00
00
00
00
00
00
00
00
00
00
00
00
00
00
// 0x0000e560
00
00
00
00
00
00
00
00
00
00
00
00
00
00
00
00
// 0x0000e570
00
00
00
00
00
00
00
00
00
00
00
00
00
00
00
00
// 0x0000e580
00
00
00
00
00
00
00
00
00
00
00
00
00
00
00
00
// 0x0000e590
00
00
00
00
00
00
00
00
00
00
00
00
00
00
00
00
// 0x0000e5a0
00
00
00
00
00
00
00
00
00
00
00
00
00
00
00
00
// 0x0000e5b0
00
00
00
00
00
00
00
00
00
00
00
00
00
00
00
00
// 0x0000e5c0
00
00
00
00
00
00
00
00
00
00
00
00
00
00
00
00
// 0x0000e5d0
00
00
00
00
00
00
00
00
00
00
00
00
00
00
00
00
// 0x0000e5e0
00
00
00
00
00
00
00
00
00
00
00
00
00
00
00
00
// 0x0000e5f0
00
00
00
00
00
00
00
00
00
00
00
00
00
00
00
00
// 0x0000e600
00
00
00
00
00
00
00
ff
ff
ff
ff
ff
ff
ff
ff
00
// 0x0000e610
00
00
00
00
00
00
00
00
00
00
00
00
00
00
00
00
// 0x0000e620
00
00
00
00
00
00
00
00
00
00
00
00
00
00
00
00
// 0x0000e630
00
00
00
00
00
00
00
00
00
00
00
00
00
00
00
00
// 0x0000e640
00
00
00
00
00
00
00
00
00
00
00
00
00
00
00
00
// 0x0000e650
00
00
00
00
00
00
00
00
00
00
00
00
00
00
00
00
// 0x0000e660
00
00
00
00
00
00
00
00
00
00
00
00
00
00
00
00
// 0x0000e670
00
00
00
00
00
00
00
00
00
00
00
00
00
00
00
00
// 0x0000e680
00
00
00
00
00
00
00
00
00
00
00
00
00
00
00
00
// 0x0000e690
00
00
00
00
00
00
00
00
00
00
00
00
00
00
00
00
// 0x0000e6a0
00
00
00
00
00
00
00
00
00
00
00
00
00
00
00
00
// 0x0000e6b0
00
00
00
00
00
00
00
00
00
00
00
00
00
00
00
00
// 0x0000e6c0
00
00
00
00
00
00
00
00
00
00
00
00
00
00
00
00
// 0x0000e6d0
00
00
00
00
00
00
00
00
00
00
00
00
00
00
00
00
// 0x0000e6e0
00
00
00
00
00
00
00
00
00
00
00
00
00
00
00
00
// 0x0000e6f0
00
00
00
00
00
00
00
00
00
00
00
00
00
00
00
00
// 0x0000e700
00
00
00
00
00
00
00
00
00
00
00
00
00
00
ff
ff
// 0x0000e710
ff
ff
ff
ff
ff
ff
00
00
00
00
00
00
00
00
00
00
// 0x0000e720
00
00
00
00
00
00
00
00
00
00
00
00
00
00
00
00
// 0x0000e730
00
00
00
00
00
00
00
00
00
00
00
00
00
00
00
00
// 0x0000e740
00
00
00
00
00
00
00
00
00
00
00
00
00
00
00
00
// 0x0000e750
00
00
00
00
00
00
00
00
00
00
00
00
00
00
00
00
// 0x0000e760
00
00
00
00
00
00
00
00
00
00
00
00
00
00
00
00
// 0x0000e770
00
00
00
00
00
00
00
00
00
00
00
00
00
00
00
00
// 0x0000e780
00
00
00
00
00
00
00
00
00
00
00
00
00
00
00
00
// 0x0000e790
00
00
00
00
00
00
00
00
00
00
00
00
00
00
00
00
// 0x0000e7a0
00
00
00
00
00
00
00
00
00
00
00
00
00
00
00
00
// 0x0000e7b0
00
00
00
00
00
00
00
00
00
00
00
00
00
00
00
00
// 0x0000e7c0
00
00
00
00
00
00
00
00
00
00
00
00
00
00
00
00
// 0x0000e7d0
00
00
00
00
00
00
00
00
00
00
00
00
00
00
00
00
// 0x0000e7e0
00
00
00
00
00
00
00
00
00
00
00
00
00
00
00
00
// 0x0000e7f0
00
00
00
00
00
00
00
00
00
00
00
00
00
00
00
00
// 0x0000e800
00
00
00
00
00
00
00
00
00
00
00
00
00
00
00
00
// 0x0000e810
00
00
00
00
ff
ff
ff
00
ff
ff
00
00
00
00
00
00
// 0x0000e820
00
00
00
00
00
00
00
00
00
00
00
00
00
00
00
00
// 0x0000e830
00
00
00
00
00
00
00
00
00
00
00
00
00
00
00
00
// 0x0000e840
00
00
00
00
00
00
00
00
00
00
00
00
00
00
00
00
// 0x0000e850
00
00
00
00
00
00
00
00
00
00
00
00
00
00
00
00
// 0x0000e860
00
00
00
00
00
00
00
00
00
00
00
00
00
00
00
00
// 0x0000e870
00
00
00
00
00
00
00
00
00
00
00
00
00
00
00
00
// 0x0000e880
00
00
00
00
00
00
00
00
00
00
00
00
00
00
00
00
// 0x0000e890
00
00
00
00
00
00
00
00
00
00
00
00
00
00
00
00
// 0x0000e8a0
00
00
00
00
00
00
00
00
00
00
00
00
00
00
00
00
// 0x0000e8b0
00
00
00
00
00
00
00
00
00
00
00
00
00
00
00
00
// 0x0000e8c0
00
00
00
00
00
00
00
00
00
00
00
00
00
00
00
00
// 0x0000e8d0
00
00
00
00
00
00
00
00
00
00
00
00
00
00
00
00
// 0x0000e8e0
00
00
00
00
00
00
00
00
00
00
00
00
00
00
00
00
// 0x0000e8f0
00
00
00
00
00
00
00
00
00
00
00
00
00
00
00
00
// 0x0000e900
00
00
00
00
00
00
00
00
00
00
00
00
00
00
00
00
// 0x0000e910
00
00
00
00
00
00
00
00
00
00
00
00
00
00
00
00
// 0x0000e920
00
00
00
00
00
00
00
00
00
00
00
00
00
00
00
00
// 0x0000e930
00
00
00
00
00
00
00
00
00
00
00
00
00
00
00
00
// 0x0000e940
00
00
00
00
00
00
00
00
00
00
00
00
00
00
00
00
// 0x0000e950
00
00
00
00
00
00
00
00
00
00
00
00
00
00
00
00
// 0x0000e960
00
00
00
00
00
00
00
00
00
00
00
00
00
00
00
00
// 0x0000e970
00
00
00
00
00
00
00
00
00
00
00
00
00
00
00
00
// 0x0000e980
00
00
00
00
00
00
00
00
00
00
00
00
00
00
00
00
// 0x0000e990
00
00
00
00
00
00
00
00
00
00
00
00
00
00
00
00
// 0x0000e9a0
00
00
00
00
00
00
00
00
00
00
00
00
00
00
00
00
// 0x0000e9b0
00
00
00
00
00
00
00
00
00
00
00
00
00
00
00
00
// 0x0000e9c0
00
00
00
00
00
00
00
00
00
00
00
00
00
00
00
00
// 0x0000e9d0
00
00
00
00
00
00
00
00
00
00
00
00
00
00
00
00
// 0x0000e9e0
00
00
00
00
00
00
00
00
00
00
00
00
00
00
00
00
// 0x0000e9f0
00
00
00
00
00
00
00
00
00
00
00
00
00
00
00
00
// 0x0000ea00
00
00
00
00
00
00
00
00
00
00
00
00
00
00
00
00
// 0x0000ea10
00
00
00
00
00
00
00
00
00
00
00
00
00
00
00
00
// 0x0000ea20
00
00
00
00
00
00
00
00
00
00
00
00
00
00
00
00
// 0x0000ea30
00
00
00
00
00
00
00
00
00
00
00
00
00
00
00
00
// 0x0000ea40
00
00
00
00
00
00
00
00
00
00
00
00
00
00
00
00
// 0x0000ea50
00
00
00
00
00
00
00
00
00
00
00
00
00
00
00
00
// 0x0000ea60
00
00
00
00
00
00
00
00
00
00
00
00
00
00
00
00
// 0x0000ea70
00
00
00
00
00
00
00
00
00
00
00
00
00
00
00
00
// 0x0000ea80
00
00
00
00
00
00
00
00
00
00
00
00
00
00
00
00
// 0x0000ea90
00
00
00
00
00
00
00
00
00
00
00
00
00
00
00
00
// 0x0000eaa0
00
00
00
00
00
00
00
00
00
00
00
00
00
00
00
00
// 0x0000eab0
00
00
00
00
00
00
00
00
00
00
00
00
00
00
00
00
// 0x0000eac0
00
00
00
00
00
00
00
00
00
00
00
00
00
00
00
00
// 0x0000ead0
00
00
00
00
00
00
00
00
00
00
00
00
00
00
00
00
// 0x0000eae0
00
00
00
00
00
00
00
00
00
00
00
00
00
00
00
00
// 0x0000eaf0
00
00
00
00
00
00
00
00
00
00
00
00
00
00
00
00
// 0x0000eb00
00
00
00
00
00
00
00
00
00
00
00
00
00
00
00
00
// 0x0000eb10
00
00
00
00
00
00
00
00
00
00
00
00
00
00
00
00
// 0x0000eb20
00
00
00
00
00
00
00
00
00
00
00
00
00
00
00
00
// 0x0000eb30
00
00
00
00
00
00
00
00
00
00
00
00
00
00
00
00
// 0x0000eb40
00
00
00
00
00
00
00
00
00
00
00
00
00
00
00
00
// 0x0000eb50
00
00
00
00
00
00
00
00
00
00
00
00
00
00
00
00
// 0x0000eb60
00
00
00
00
00
00
00
00
00
00
00
00
00
00
00
00
// 0x0000eb70
00
00
00
00
00
00
00
00
00
00
00
00
00
00
00
00
// 0x0000eb80
00
00
00
00
00
00
00
00
00
00
00
00
00
00
00
00
// 0x0000eb90
00
00
00
00
00
00
00
00
00
00
00
00
00
00
00
00
// 0x0000eba0
00
00
00
00
00
00
00
00
00
00
00
00
00
00
00
00
// 0x0000ebb0
00
00
00
00
00
00
00
00
00
00
00
00
00
00
00
00
// 0x0000ebc0
00
00
00
00
00
00
00
00
00
00
00
00
00
00
00
00
// 0x0000ebd0
00
00
00
00
00
00
00
00
00
00
00
00
00
00
00
00
// 0x0000ebe0
00
00
00
00
00
00
00
00
00
00
00
00
00
00
00
00
// 0x0000ebf0
00
00
00
00
00
00
00
00
00
00
00
00
00
00
00
00
// 0x0000ec00
00
00
00
00
00
00
00
00
00
00
00
00
00
00
00
00
// 0x0000ec10
00
00
00
00
00
00
00
00
00
00
00
00
00
00
00
00
// 0x0000ec20
00
00
00
00
00
00
00
00
00
00
00
00
00
00
00
00
// 0x0000ec30
00
00
00
00
00
00
00
00
00
00
00
00
00
00
00
00
// 0x0000ec40
00
00
00
00
00
00
00
00
00
00
00
00
00
00
00
00
// 0x0000ec50
00
00
00
00
00
00
00
00
00
00
00
00
00
00
00
00
// 0x0000ec60
00
00
00
00
00
00
00
00
00
00
00
00
00
00
00
00
// 0x0000ec70
00
00
00
00
00
00
00
00
00
00
00
00
00
00
00
00
// 0x0000ec80
00
00
00
00
00
00
00
00
00
00
00
00
00
00
00
00
// 0x0000ec90
00
00
00
00
00
00
00
00
00
00
00
00
00
00
00
00
// 0x0000eca0
00
00
00
00
00
00
00
00
00
00
00
00
00
00
00
00
// 0x0000ecb0
00
00
00
00
00
00
00
00
00
00
00
00
00
00
00
00
// 0x0000ecc0
00
00
00
00
00
00
00
00
00
00
00
00
00
00
00
00
// 0x0000ecd0
00
00
00
00
00
00
00
00
00
00
00
00
00
00
00
00
// 0x0000ece0
00
00
00
00
00
00
00
00
00
00
00
00
00
00
00
00
// 0x0000ecf0
00
00
00
00
00
00
00
00
00
00
00
00
00
00
00
00
// 0x0000ed00
00
00
00
00
00
00
00
00
00
00
00
00
00
00
00
00
// 0x0000ed10
00
00
00
00
00
00
00
00
00
00
00
00
00
00
00
00
// 0x0000ed20
00
00
00
00
00
00
00
00
00
00
00
00
00
00
00
00
// 0x0000ed30
00
00
00
00
00
00
00
00
00
00
00
00
00
00
00
00
// 0x0000ed40
00
00
00
00
00
00
00
00
00
00
00
00
00
00
00
00
// 0x0000ed50
00
00
00
00
00
00
00
00
00
00
00
00
00
00
00
00
// 0x0000ed60
00
00
00
00
00
00
00
00
00
00
00
00
00
00
00
00
// 0x0000ed70
00
00
00
00
00
00
00
00
00
00
00
00
00
00
00
00
// 0x0000ed80
00
00
00
00
00
00
00
00
00
00
00
00
00
00
00
00
// 0x0000ed90
00
00
00
00
00
00
00
00
00
00
00
00
00
00
00
00
// 0x0000eda0
00
00
00
00
00
00
00
00
00
00
00
00
00
00
00
00
// 0x0000edb0
00
00
00
00
00
00
00
00
00
00
00
00
00
00
00
00
// 0x0000edc0
00
00
00
00
00
00
00
00
00
00
00
00
00
00
00
00
// 0x0000edd0
00
00
00
00
00
00
00
00
00
00
00
00
00
00
00
00
// 0x0000ede0
00
00
00
00
00
00
00
00
00
00
00
00
00
00
00
00
// 0x0000edf0
00
00
00
00
00
00
00
00
00
00
00
00
00
00
00
00
// 0x0000ee00
00
00
00
00
00
00
00
00
00
00
00
00
00
00
00
00
// 0x0000ee10
00
00
00
00
00
00
00
00
00
00
00
00
00
00
00
00
// 0x0000ee20
00
00
00
00
00
00
00
00
00
00
00
00
00
00
00
00
// 0x0000ee30
00
00
00
00
00
00
00
00
00
00
00
00
00
00
00
00
// 0x0000ee40
00
00
00
00
00
00
00
00
00
00
00
00
00
00
00
00
// 0x0000ee50
00
00
00
00
00
00
00
00
00
00
00
00
00
00
00
00
// 0x0000ee60
00
00
00
00
00
00
00
00
00
00
00
00
00
00
00
00
// 0x0000ee70
00
00
00
00
00
00
00
00
00
00
00
00
00
00
00
00
// 0x0000ee80
00
00
00
00
00
00
00
00
00
00
00
00
00
00
00
00
// 0x0000ee90
00
00
00
00
00
00
00
00
00
00
00
00
00
00
00
00
// 0x0000eea0
00
00
00
00
00
00
00
00
00
00
00
00
00
00
00
00
// 0x0000eeb0
00
00
00
00
00
00
00
00
00
00
00
00
00
00
00
00
// 0x0000eec0
00
00
00
00
00
00
00
00
00
00
00
00
00
00
00
00
// 0x0000eed0
00
00
00
00
00
00
00
00
00
00
00
00
00
00
00
00
// 0x0000eee0
00
00
00
00
00
00
00
00
00
00
00
00
00
00
00
00
// 0x0000eef0
00
00
00
00
00
00
00
00
00
00
00
00
00
00
00
00
// 0x0000ef00
00
00
00
00
00
00
00
00
00
00
00
00
00
00
00
00
// 0x0000ef10
00
00
00
00
00
00
00
00
00
00
00
00
00
00
00
00
// 0x0000ef20
00
00
00
00
00
00
00
00
00
00
00
00
00
00
00
00
// 0x0000ef30
00
00
00
00
00
00
00
00
00
00
00
00
00
00
00
00
// 0x0000ef40
00
00
00
00
00
00
00
00
00
00
00
00
00
00
00
00
// 0x0000ef50
00
00
00
00
00
00
00
00
00
00
00
00
00
00
00
00
// 0x0000ef60
00
00
00
00
00
00
00
00
00
00
00
00
00
00
00
00
// 0x0000ef70
00
00
00
00
00
00
00
00
00
00
00
00
00
00
00
00
// 0x0000ef80
00
00
00
00
00
00
00
00
00
00
00
00
00
00
00
00
// 0x0000ef90
00
00
00
00
00
00
00
00
00
00
00
00
00
00
00
00
// 0x0000efa0
00
00
00
00
00
00
00
00
00
00
00
00
00
00
00
00
// 0x0000efb0
00
00
00
00
00
00
00
00
00
00
00
00
00
00
00
00
// 0x0000efc0
00
00
00
00
00
00
00
00
00
00
00
00
00
00
00
00
// 0x0000efd0
00
00
00
00
00
00
00
00
00
00
00
00
00
00
00
00
// 0x0000efe0
00
00
00
00
00
00
00
00
00
00
00
00
00
00
00
00
// 0x0000eff0
00
00
00
00
00
00
00
00
00
00
00
00
00
00
00
00
// 0x0000f000
00
00
00
00
00
00
00
00
00
00
00
00
00
00
00
00
// 0x0000f010
00
00
00
00
00
00
00
00
00
00
00
00
00
00
00
00
// 0x0000f020
00
00
00
00
00
00
00
00
00
00
00
00
00
00
00
00
// 0x0000f030
00
00
00
00
00
00
00
00
00
00
00
00
00
00
00
00
// 0x0000f040
00
00
00
00
00
00
00
00
00
00
00
00
00
00
00
00
// 0x0000f050
00
00
00
00
00
00
00
00
00
00
00
00
00
00
00
00
// 0x0000f060
00
00
00
00
00
00
00
00
00
00
00
00
00
00
00
00
// 0x0000f070
00
00
00
00
00
00
00
00
00
00
00
00
00
00
00
00
// 0x0000f080
00
00
00
00
00
00
00
00
00
00
00
00
00
00
00
00
// 0x0000f090
00
00
00
00
00
00
00
00
00
00
00
00
00
00
00
00
// 0x0000f0a0
00
00
00
00
00
00
00
00
00
00
00
00
00
00
00
00
// 0x0000f0b0
00
00
00
00
00
00
00
00
00
00
00
00
00
00
00
00
// 0x0000f0c0
00
00
00
00
00
00
00
00
00
00
00
00
00
00
00
00
// 0x0000f0d0
00
00
00
00
00
00
00
00
00
00
00
00
00
00
00
00
// 0x0000f0e0
00
00
00
00
00
00
00
00
00
00
00
00
00
00
00
00
// 0x0000f0f0
00
00
00
00
00
00
00
00
00
00
00
00
00
00
00
00
// 0x0000f100
00
00
00
00
00
00
00
00
00
00
00
00
00
00
00
00
// 0x0000f110
00
00
00
00
00
00
00
00
00
00
00
00
00
00
00
00
// 0x0000f120
00
00
00
00
00
00
00
00
00
00
00
00
00
00
00
00
// 0x0000f130
00
00
00
00
00
00
00
00
00
00
00
00
00
00
00
00
// 0x0000f140
00
00
00
00
00
00
00
00
00
00
00
00
00
00
00
00
// 0x0000f150
00
00
00
00
00
00
00
00
00
00
00
00
00
00
00
00
// 0x0000f160
00
00
00
00
00
00
00
00
00
00
00
00
00
00
00
00
// 0x0000f170
00
00
00
00
00
00
00
00
00
00
00
00
00
00
00
00
// 0x0000f180
00
00
00
00
00
00
00
00
00
00
00
00
00
00
00
00
// 0x0000f190
00
00
00
00
00
00
00
00
00
00
00
00
00
00
00
00
// 0x0000f1a0
00
00
00
00
00
00
00
00
00
00
00
00
00
00
00
00
// 0x0000f1b0
00
00
00
00
00
00
00
00
00
00
00
00
00
00
00
00
// 0x0000f1c0
00
00
00
00
00
00
00
00
00
00
00
00
00
00
00
00
// 0x0000f1d0
00
00
00
00
00
00
00
00
00
00
00
00
00
00
00
00
// 0x0000f1e0
00
00
00
00
00
00
00
00
00
00
00
00
00
00
00
00
// 0x0000f1f0
00
00
00
00
00
00
00
00
00
00
00
00
00
00
00
00
// 0x0000f200
00
00
00
00
00
00
00
00
00
00
00
00
00
00
00
00
// 0x0000f210
00
00
00
00
00
00
00
00
00
00
00
00
00
00
00
00
// 0x0000f220
00
00
00
00
00
00
00
00
00
00
00
00
00
00
00
00
// 0x0000f230
00
00
00
00
00
00
00
00
00
00
00
00
00
00
00
00
// 0x0000f240
00
00
00
00
00
00
00
00
00
00
00
00
00
00
00
00
// 0x0000f250
00
00
00
00
00
00
00
00
00
00
00
00
00
00
00
00
// 0x0000f260
00
00
00
00
00
00
00
00
00
00
00
00
00
00
00
00
// 0x0000f270
00
00
00
00
00
00
00
00
00
00
00
00
00
00
00
00
// 0x0000f280
00
00
00
00
00
00
00
00
00
00
00
00
00
00
00
00
// 0x0000f290
00
00
00
00
00
00
00
00
00
00
00
00
00
00
00
00
// 0x0000f2a0
00
00
00
00
00
00
00
00
00
00
00
00
00
00
00
00
// 0x0000f2b0
00
00
00
00
00
00
00
00
00
00
00
00
00
00
00
00
// 0x0000f2c0
00
00
00
00
00
00
00
00
00
00
00
00
00
00
00
00
// 0x0000f2d0
00
00
00
00
00
00
00
00
00
00
00
00
00
00
00
00
// 0x0000f2e0
00
00
00
00
00
00
00
00
00
00
00
00
00
00
00
00
// 0x0000f2f0
00
00
00
00
00
00
00
00
00
00
00
00
00
00
00
00
// 0x0000f300
00
00
00
00
00
00
00
00
00
00
00
00
00
00
00
00
// 0x0000f310
00
00
00
00
00
00
00
00
00
00
00
00
00
00
00
00
// 0x0000f320
00
00
00
00
00
00
00
00
00
00
00
00
00
00
00
00
// 0x0000f330
00
00
00
00
00
00
00
00
00
00
00
00
00
00
00
00
// 0x0000f340
00
00
00
00
00
00
00
00
00
00
00
00
00
00
00
00
// 0x0000f350
00
00
00
00
00
00
00
00
00
00
00
00
00
00
00
00
// 0x0000f360
00
00
00
00
00
00
00
00
00
00
00
00
00
00
00
00
// 0x0000f370
00
00
00
00
00
00
00
00
00
00
00
00
00
00
00
00
// 0x0000f380
00
00
00
00
00
00
00
00
00
00
00
00
00
00
00
00
// 0x0000f390
00
00
00
00
00
00
00
00
00
00
00
00
00
00
00
00
// 0x0000f3a0
00
00
00
00
00
00
00
00
00
00
00
00
00
00
00
00
// 0x0000f3b0
00
00
00
00
00
00
00
00
00
00
00
00
00
00
00
00
// 0x0000f3c0
00
00
00
00
00
00
00
00
00
00
00
00
00
00
00
00
// 0x0000f3d0
00
00
00
00
00
00
00
00
00
00
00
00
00
00
00
00
// 0x0000f3e0
00
00
00
00
00
00
00
00
00
00
00
00
00
00
00
00
// 0x0000f3f0
00
00
00
00
00
00
00
00
00
00
00
00
00
00
00
00
// 0x0000f400
00
00
00
00
00
00
00
00
00
00
00
00
00
00
00
00
// 0x0000f410
00
00
00
00
00
00
00
00
00
00
00
00
00
00
00
00
// 0x0000f420
00
00
00
00
00
00
00
00
00
00
00
00
00
00
00
00
// 0x0000f430
00
00
00
00
00
00
00
00
00
00
00
00
00
00
00
00
// 0x0000f440
00
00
00
00
00
00
00
00
00
00
00
00
00
00
00
00
// 0x0000f450
00
00
00
00
00
00
00
00
00
00
00
00
00
00
00
00
// 0x0000f460
00
00
00
00
00
00
00
00
00
00
00
00
00
00
00
00
// 0x0000f470
00
00
00
00
00
00
00
00
00
00
00
00
00
00
00
00
// 0x0000f480
00
00
00
00
00
00
00
00
00
00
00
00
00
00
00
00
// 0x0000f490
00
00
00
00
00
00
00
00
00
00
00
00
00
00
00
00
// 0x0000f4a0
00
00
00
00
00
00
00
00
00
00
00
00
00
00
00
00
// 0x0000f4b0
00
00
00
00
00
00
00
00
00
00
00
00
00
00
00
00
// 0x0000f4c0
00
00
00
00
00
00
00
00
00
00
00
00
00
00
00
00
// 0x0000f4d0
00
00
00
00
00
00
00
00
00
00
00
00
00
00
00
00
// 0x0000f4e0
00
00
00
00
00
00
00
00
00
00
00
00
00
00
00
00
// 0x0000f4f0
00
00
00
00
00
00
00
00
00
00
00
00
00
00
00
00
// 0x0000f500
00
00
00
00
00
00
00
00
00
00
00
00
00
00
00
00
// 0x0000f510
00
00
00
00
00
00
00
00
00
00
00
00
00
00
00
00
// 0x0000f520
00
00
00
00
00
00
00
00
00
00
00
00
00
00
00
00
// 0x0000f530
00
00
00
00
00
00
00
00
00
00
00
00
00
00
00
00
// 0x0000f540
00
00
00
00
00
00
00
00
00
00
00
00
00
00
00
00
// 0x0000f550
00
00
00
00
00
00
00
00
00
00
00
00
00
00
00
00
// 0x0000f560
00
00
00
00
00
00
00
00
00
00
00
00
00
00
00
00
// 0x0000f570
00
00
00
00
00
00
00
00
00
00
00
00
00
00
00
00
// 0x0000f580
00
00
00
00
00
00
00
00
00
00
00
00
00
00
00
00
// 0x0000f590
00
00
00
00
00
00
00
00
00
00
00
00
00
00
00
00
// 0x0000f5a0
00
00
00
00
00
00
00
00
00
00
00
00
00
00
00
00
// 0x0000f5b0
00
00
00
00
00
00
00
00
00
00
00
00
00
00
00
00
// 0x0000f5c0
00
00
00
00
00
00
00
00
00
00
00
00
00
00
00
00
// 0x0000f5d0
00
00
00
00
00
00
00
00
00
00
00
00
00
00
00
00
// 0x0000f5e0
00
00
00
00
00
00
00
00
00
00
00
00
00
00
00
00
// 0x0000f5f0
00
00
00
00
00
00
00
00
00
00
00
00
00
00
00
00
// 0x0000f600
00
00
00
00
00
00
00
00
00
00
00
00
00
00
00
00
// 0x0000f610
00
00
00
00
00
00
00
00
00
00
00
00
00
00
00
00
// 0x0000f620
00
00
00
00
00
00
00
00
00
00
00
00
00
00
00
00
// 0x0000f630
00
00
00
00
00
00
00
00
00
00
00
00
00
00
00
00
// 0x0000f640
00
00
00
00
00
00
00
00
00
00
00
00
00
00
00
00
// 0x0000f650
00
00
00
00
00
00
00
00
00
00
00
00
00
00
00
00
// 0x0000f660
00
00
00
00
00
00
00
00
00
00
00
00
00
00
00
00
// 0x0000f670
00
00
00
00
00
00
00
00
00
00
00
00
00
00
00
00
// 0x0000f680
00
00
00
00
00
00
00
00
00
00
00
00
00
00
00
00
// 0x0000f690
00
00
00
00
00
00
00
00
00
00
00
00
00
00
00
00
// 0x0000f6a0
00
00
00
00
00
00
00
00
00
00
00
00
00
00
00
00
// 0x0000f6b0
00
00
00
00
00
00
00
00
00
00
00
00
00
00
00
00
// 0x0000f6c0
00
00
00
00
00
00
00
00
00
00
00
00
00
00
00
00
// 0x0000f6d0
00
00
00
00
00
00
00
00
00
00
00
00
00
00
00
00
// 0x0000f6e0
00
00
00
00
00
00
00
00
00
00
00
00
00
00
00
00
// 0x0000f6f0
00
00
00
00
00
00
00
00
00
00
00
00
00
00
00
00
// 0x0000f700
00
00
00
00
00
00
00
00
00
00
00
00
00
00
00
00
// 0x0000f710
00
00
00
00
00
00
00
00
00
00
00
00
00
00
00
00
// 0x0000f720
00
00
00
00
00
00
00
00
00
00
00
00
00
00
00
00
// 0x0000f730
00
00
00
00
00
00
00
00
00
00
00
00
00
00
00
00
// 0x0000f740
00
00
00
00
00
00
00
00
00
00
00
00
00
00
00
00
// 0x0000f750
00
00
00
00
00
00
00
00
00
00
00
00
00
00
00
00
// 0x0000f760
00
00
00
00
00
00
00
00
00
00
00
00
00
00
00
00
// 0x0000f770
00
00
00
00
00
00
00
00
00
00
00
00
00
00
00
00
// 0x0000f780
00
00
00
00
00
00
00
00
00
00
00
00
00
00
00
00
// 0x0000f790
00
00
00
00
00
00
00
00
00
00
00
00
00
00
00
00
// 0x0000f7a0
00
00
00
00
00
00
00
00
00
00
00
00
00
00
00
00
// 0x0000f7b0
00
00
00
00
00
00
00
00
00
00
00
00
00
00
00
00
// 0x0000f7c0
00
00
00
00
00
00
00
00
00
00
00
00
00
00
00
00
// 0x0000f7d0
00
00
00
00
00
00
00
00
00
00
00
00
00
00
00
00
// 0x0000f7e0
00
00
00
00
00
00
00
00
00
00
00
00
00
00
00
00
// 0x0000f7f0
00
00
00
00
00
00
00
00
00
00
00
00
00
00
00
00
// 0x0000f800
00
00
00
00
00
00
00
00
00
00
00
00
00
00
00
00
// 0x0000f810
00
00
00
00
00
00
00
00
00
00
00
00
00
00
00
00
// 0x0000f820
00
00
00
00
00
00
00
00
00
00
00
00
00
00
00
00
// 0x0000f830
00
00
00
00
00
00
00
00
00
00
00
00
00
00
00
00
// 0x0000f840
00
00
00
00
00
00
00
00
00
00
00
00
00
00
00
00
// 0x0000f850
00
00
00
00
00
00
00
00
00
00
00
00
00
00
00
00
// 0x0000f860
00
00
00
00
00
00
00
00
00
00
00
00
00
00
00
00
// 0x0000f870
00
00
00
00
00
00
00
00
00
00
00
00
00
00
00
00
// 0x0000f880
00
00
00
00
00
00
00
00
00
00
00
00
00
00
00
00
// 0x0000f890
00
00
00
00
00
00
00
00
00
00
00
00
00
00
00
00
// 0x0000f8a0
00
00
00
00
00
00
00
00
00
00
00
00
00
00
00
00
// 0x0000f8b0
00
00
00
00
00
00
00
00
00
00
00
00
00
00
00
00
// 0x0000f8c0
00
00
00
00
00
00
00
00
00
00
00
00
00
00
00
00
// 0x0000f8d0
00
00
00
00
00
00
00
00
00
00
00
00
00
00
00
00
// 0x0000f8e0
00
00
00
00
00
00
00
00
00
00
00
00
00
00
00
00
// 0x0000f8f0
00
00
00
00
00
00
00
00
00
00
00
00
00
00
00
00
// 0x0000f900
00
00
00
00
00
00
00
00
00
00
00
00
00
00
00
00
// 0x0000f910
00
00
00
00
00
00
00
00
00
00
00
00
00
00
00
00
// 0x0000f920
00
00
00
00
00
00
00
00
00
00
00
00
00
00
00
00
// 0x0000f930
00
00
00
00
00
00
00
00
00
00
00
00
00
00
00
00
// 0x0000f940
00
00
00
00
00
00
00
00
00
00
00
00
00
00
00
00
// 0x0000f950
00
00
00
00
00
00
00
00
00
00
00
00
00
00
00
00
// 0x0000f960
00
00
00
00
00
00
00
00
00
00
00
00
00
00
00
00
// 0x0000f970
00
00
00
00
00
00
00
00
00
00
00
00
00
00
00
00
// 0x0000f980
00
00
00
00
00
00
00
00
00
00
00
00
00
00
00
00
// 0x0000f990
00
00
00
00
00
00
00
00
00
00
00
00
00
00
00
00
// 0x0000f9a0
00
00
00
00
00
00
00
00
00
00
00
00
00
00
00
00
// 0x0000f9b0
00
00
00
00
00
00
00
00
00
00
00
00
00
00
00
00
// 0x0000f9c0
00
00
00
00
00
00
00
00
00
00
00
00
00
00
00
00
// 0x0000f9d0
00
00
00
00
00
00
00
00
00
00
00
00
00
00
00
00
// 0x0000f9e0
00
00
00
00
00
00
00
00
00
00
00
00
00
00
00
00
// 0x0000f9f0
00
00
00
00
00
00
00
00
00
00
00
00
00
00
00
00
// 0x0000fa00
00
00
00
00
00
00
00
00
00
00
00
00
00
00
00
00
// 0x0000fa10
00
00
00
00
00
00
00
00
00
00
00
00
00
00
00
00
// 0x0000fa20
00
00
00
00
00
00
00
00
00
00
00
00
00
00
00
00
// 0x0000fa30
00
00
00
00
00
00
00
00
00
00
00
00
00
00
00
00
// 0x0000fa40
00
00
00
00
00
00
00
00
00
00
00
00
00
00
00
00
// 0x0000fa50
00
00
00
00
00
00
00
00
00
00
00
00
00
00
00
00
// 0x0000fa60
00
00
00
00
00
00
00
00
00
00
00
00
00
00
00
00
// 0x0000fa70
00
00
00
00
00
00
00
00
00
00
00
00
00
00
00
00
// 0x0000fa80
00
00
00
00
00
00
00
00
00
00
00
00
00
00
00
00
// 0x0000fa90
00
00
00
00
00
00
00
00
00
00
00
00
00
00
00
00
// 0x0000faa0
00
00
00
00
00
00
00
00
00
00
00
00
00
00
00
00
// 0x0000fab0
00
00
00
00
00
00
00
00
00
00
00
00
00
00
00
00
// 0x0000fac0
00
00
00
00
00
00
00
00
00
00
00
00
00
00
00
00
// 0x0000fad0
00
00
00
00
00
00
00
00
00
00
00
00
00
00
00
00
// 0x0000fae0
00
00
00
00
00
00
00
00
00
00
00
00
00
00
00
00
// 0x0000faf0
00
00
00
00
00
00
00
00
00
00
00
00
00
00
00
00
// 0x0000fb00
00
00
00
00
00
00
00
00
00
00
00
00
00
00
00
00
// 0x0000fb10
00
00
00
00
00
00
00
00
00
00
00
00
00
00
00
00
// 0x0000fb20
00
00
00
00
00
00
00
00
00
00
00
00
00
00
00
00
// 0x0000fb30
00
00
00
00
00
00
00
00
00
00
00
00
00
00
00
00
// 0x0000fb40
00
00
00
00
00
00
00
00
00
00
00
00
00
00
00
00
// 0x0000fb50
00
00
00
00
00
00
00
00
00
00
00
00
00
00
00
00
// 0x0000fb60
00
00
00
00
00
00
00
00
00
00
00
00
00
00
00
00
// 0x0000fb70
00
00
00
00
00
00
00
00
00
00
00
00
00
00
00
00
// 0x0000fb80
00
00
00
00
00
00
00
00
00
00
00
00
00
00
00
00
// 0x0000fb90
00
00
00
00
00
00
00
00
00
00
00
00
00
00
00
00
// 0x0000fba0
00
00
00
00
00
00
00
00
00
00
00
00
00
00
00
00
// 0x0000fbb0
00
00
00
00
00
00
00
00
00
00
00
00
00
00
00
00
// 0x0000fbc0
00
00
00
00
00
00
00
00
00
00
00
00
00
00
00
00
// 0x0000fbd0
00
00
00
00
00
00
00
00
00
00
00
00
00
00
00
00
// 0x0000fbe0
00
00
00
00
00
00
00
00
00
00
00
00
00
00
00
00
// 0x0000fbf0
00
00
00
00
00
00
00
00
00
00
00
00
00
00
00
00
// 0x0000fc00
00
00
00
00
00
00
00
00
00
00
00
00
00
00
00
00
// 0x0000fc10
00
00
00
00
00
00
00
00
00
00
00
00
00
00
00
00
// 0x0000fc20
00
00
00
00
00
00
00
00
00
00
00
00
00
00
00
00
// 0x0000fc30
00
00
00
00
00
00
00
00
00
00
00
00
00
00
00
00
// 0x0000fc40
00
00
00
00
00
00
00
00
00
00
00
00
00
00
00
00
// 0x0000fc50
00
00
00
00
00
00
00
00
00
00
00
00
00
00
00
00
// 0x0000fc60
00
00
00
00
00
00
00
00
00
00
00
00
00
00
00
00
// 0x0000fc70
00
00
00
00
00
00
00
00
00
00
00
00
00
00
00
00
// 0x0000fc80
00
00
00
00
00
00
00
00
00
00
00
00
00
00
00
00
// 0x0000fc90
00
00
00
00
00
00
00
00
00
00
00
00
00
00
00
00
// 0x0000fca0
00
00
00
00
00
00
00
00
00
00
00
00
00
00
00
00
// 0x0000fcb0
00
00
00
00
00
00
00
00
00
00
00
00
00
00
00
00
// 0x0000fcc0
00
00
00
00
00
00
00
00
00
00
00
00
00
00
00
00
// 0x0000fcd0
00
00
00
00
00
00
00
00
00
00
00
00
00
00
00
00
// 0x0000fce0
00
00
00
00
00
00
00
00
00
00
00
00
00
00
00
00
// 0x0000fcf0
00
00
00
00
00
00
00
00
00
00
00
00
00
00
00
00
// 0x0000fd00
00
00
00
00
00
00
00
00
00
00
00
00
00
00
00
00
// 0x0000fd10
00
00
00
00
00
00
00
00
00
00
00
00
00
00
00
00
// 0x0000fd20
00
00
00
00
00
00
00
00
00
00
00
00
00
00
00
00
// 0x0000fd30
00
00
00
00
00
00
00
00
00
00
00
00
00
00
00
00
// 0x0000fd40
00
00
00
00
00
00
00
00
00
00
00
00
00
00
00
00
// 0x0000fd50
00
00
00
00
00
00
00
00
00
00
00
00
00
00
00
00
// 0x0000fd60
00
00
00
00
00
00
00
00
00
00
00
00
00
00
00
00
// 0x0000fd70
00
00
00
00
00
00
00
00
00
00
00
00
00
00
00
00
// 0x0000fd80
00
00
00
00
00
00
00
00
00
00
00
00
00
00
00
00
// 0x0000fd90
00
00
00
00
00
00
00
00
00
00
00
00
00
00
00
00
// 0x0000fda0
00
00
00
00
00
00
00
00
00
00
00
00
00
00
00
00
// 0x0000fdb0
00
00
00
00
00
00
00
00
00
00
00
00
00
00
00
00
// 0x0000fdc0
00
00
00
00
00
00
00
00
00
00
00
00
00
00
00
00
// 0x0000fdd0
00
00
00
00
00
00
00
00
00
00
00
00
00
00
00
00
// 0x0000fde0
00
00
00
00
00
00
00
00
00
00
00
00
00
00
00
00
// 0x0000fdf0
00
00
00
00
00
00
00
00
00
00
00
00
00
00
00
00
// 0x0000fe00
00
00
00
00
00
00
00
00
00
00
00
00
00
00
00
00
// 0x0000fe10
00
00
00
00
00
00
00
00
00
00
00
00
00
00
00
00
// 0x0000fe20
00
00
00
00
00
00
00
00
00
00
00
00
00
00
00
00
// 0x0000fe30
00
00
00
00
00
00
00
00
00
00
00
00
00
00
00
00
// 0x0000fe40
00
00
00
00
00
00
00
00
00
00
00
00
00
00
00
00
// 0x0000fe50
00
00
00
00
00
00
00
00
00
00
00
00
00
00
00
00
// 0x0000fe60
00
00
00
00
00
00
00
00
00
00
00
00
00
00
00
00
// 0x0000fe70
00
00
00
00
00
00
00
00
00
00
00
00
00
00
00
00
// 0x0000fe80
00
00
00
00
00
00
00
00
00
00
00
00
00
00
00
00
// 0x0000fe90
00
00
00
00
00
00
00
00
00
00
00
00
00
00
00
00
// 0x0000fea0
00
00
00
00
00
00
00
00
00
00
00
00
00
00
00
00
// 0x0000feb0
00
00
00
00
00
00
00
00
00
00
00
00
00
00
00
00
// 0x0000fec0
00
00
00
00
00
00
00
00
00
00
00
00
00
00
00
00
// 0x0000fed0
00
00
00
00
00
00
00
00
00
00
00
00
00
00
00
00
// 0x0000fee0
00
00
00
00
00
00
00
00
00
00
00
00
00
00
00
00
// 0x0000fef0
00
00
00
00
00
00
00
00
00
00
00
00
00
00
00
00
// 0x0000ff00
00
00
00
00
00
00
00
00
00
00
00
00
00
00
00
00
// 0x0000ff10
00
00
00
00
00
00
00
00
00
00
00
00
00
00
00
00
// 0x0000ff20
00
00
00
00
00
00
00
00
00
00
00
00
00
00
00
00
// 0x0000ff30
00
00
00
00
00
00
00
00
00
00
00
00
00
00
00
00
// 0x0000ff40
00
00
00
00
00
00
00
00
00
00
00
00
00
00
00
00
// 0x0000ff50
00
00
00
00
00
00
00
00
00
00
00
00
00
00
00
00
// 0x0000ff60
00
00
00
00
00
00
00
00
00
00
00
00
00
00
00
00
// 0x0000ff70
00
00
00
00
00
00
00
00
00
00
00
00
00
00
00
00
// 0x0000ff80
00
00
00
00
00
00
00
00
00
00
00
00
00
00
00
00
// 0x0000ff90
00
00
00
00
00
00
00
00
00
00
00
00
00
00
00
00
// 0x0000ffa0
00
00
00
00
00
00
00
00
00
00
00
00
00
00
00
00
// 0x0000ffb0
00
00
00
00
00
00
00
00
00
00
00
00
00
00
00
00
// 0x0000ffc0
00
00
00
00
00
00
00
00
00
00
00
00
00
00
00
00
// 0x0000ffd0
00
00
00
00
00
00
00
00
00
00
00
00
00
00
00
00
// 0x0000ffe0
00
00
00
00
00
00
00
00
00
00
00
00
00
00
00
00
// 0x0000fff0
00
00
00
00
00
00
00
00
00
00
00
00
00
00
00
00
